priority,pack_id,year,make,model,trim,powertrain,segment,oem_family,schedule_kind,source_tier,primary_pdf_url,alternate_pdf_urls,manual_type,maintenance_section_title,manual_share_applied,shared_from_pack_id,estimated_pdf_pages,http_status,content_type,sha256_if_downloaded,confidence,notes,blocked_reason
"189","bmw-i4-2022-edrive35","2022","BMW","i4","eDrive35","","luxury_ev","bmw","ev_simplified","D","","","","","no","","","","","","0.00","v3 OEM-first retry completed 2026-07-26; no uninspected URL promoted.","No public US-market BMW maintenance PDF with verified applicability to this exact EV model/year was found."
"190","bmw-i4-2022-edrive40","2022","BMW","i4","eDrive40","","luxury_ev","bmw","ev_simplified","D","","","","","no","","","","","","0.00","v3 OEM-first retry completed 2026-07-26; no uninspected URL promoted.","No public US-market BMW maintenance PDF with verified applicability to this exact EV model/year was found."
"191","bmw-i4-2022-xdrive40","2022","BMW","i4","xDrive40","","luxury_ev","bmw","ev_simplified","D","","","","","no","","","","","","0.00","v3 OEM-first retry completed 2026-07-26; no uninspected URL promoted.","No public US-market BMW maintenance PDF with verified applicability to this exact EV model/year was found."
"199","bmw-ix-2022-xdrive50","2022","BMW","iX","xDrive50","","luxury_ev","bmw","ev_simplified","D","","","","","no","","","","","","0.00","v3 OEM-first retry completed 2026-07-26; no uninspected URL promoted.","No public US-market BMW maintenance PDF with verified applicability to this exact EV model/year was found."
"200","bmw-ix3-2023-m-sport","2023","BMW","iX3","M Sport","","luxury_ev","bmw","ev_simplified","D","","","","","no","","","","","","0.00","v3 OEM-first retry completed 2026-07-26; no uninspected URL promoted.","No public US-market BMW maintenance PDF with verified applicability to this exact EV model/year was found."
"201","bmw-ix3-2022-m-sport","2022","BMW","iX3","M Sport","","luxury_ev","bmw","ev_simplified","D","","","","","no","","","","","","0.00","v3 OEM-first retry completed 2026-07-26; no uninspected URL promoted.","No public US-market BMW maintenance PDF with verified applicability to this exact EV model/year was found."
"216","mercedes-benz-c-class-2025-c300","2025","Mercedes-Benz","C-Class","C300","","luxury_sedan","mercedes","assyst_plus","D","","","","","no","","","","","","0.00","v3 OEM-first retry completed 2026-07-26; no uninspected URL promoted.","No public direct US-market Mercedes-Benz maintenance PDF with extractable ASSYST PLUS intervals was verified; owner literature remains portal-based."
"217","mercedes-benz-c-class-2025-c300-4matic","2025","Mercedes-Benz","C-Class","C300 4MATIC","","luxury_sedan","mercedes","assyst_plus","D","","","","","no","","","","","","0.00","v3 OEM-first retry completed 2026-07-26; no uninspected URL promoted.","No public direct US-market Mercedes-Benz maintenance PDF with extractable ASSYST PLUS intervals was verified; owner literature remains portal-based."
"218","mercedes-benz-c-class-2025-c350e","2025","Mercedes-Benz","C-Class","C350e","","luxury_sedan","mercedes","assyst_plus","D","","","","","no","","","","","","0.00","v3 OEM-first retry completed 2026-07-26; no uninspected URL promoted.","No public direct US-market Mercedes-Benz maintenance PDF with extractable ASSYST PLUS intervals was verified; owner literature remains portal-based."
"219","mercedes-benz-c-class-2024-c300","2024","Mercedes-Benz","C-Class","C300","","luxury_sedan","mercedes","assyst_plus","D","","","","","no","","","","","","0.00","v3 OEM-first retry completed 2026-07-26; no uninspected URL promoted.","No public direct US-market Mercedes-Benz maintenance PDF with extractable ASSYST PLUS intervals was verified; owner literature remains portal-based."
"220","mercedes-benz-c-class-2024-c300-4matic","2024","Mercedes-Benz","C-Class","C300 4MATIC","","luxury_sedan","mercedes","assyst_plus","D","","","","","no","","","","","","0.00","v3 OEM-first retry completed 2026-07-26; no uninspected URL promoted.","No public direct US-market Mercedes-Benz maintenance PDF with extractable ASSYST PLUS intervals was verified; owner literature remains portal-based."
"221","mercedes-benz-c-class-2024-c350e","2024","Mercedes-Benz","C-Class","C350e","","luxury_sedan","mercedes","assyst_plus","D","","","","","no","","","","","","0.00","v3 OEM-first retry completed 2026-07-26; no uninspected URL promoted.","No public direct US-market Mercedes-Benz maintenance PDF with extractable ASSYST PLUS intervals was verified; owner literature remains portal-based."
"222","mercedes-benz-c-class-2023-c300","2023","Mercedes-Benz","C-Class","C300","","luxury_sedan","mercedes","assyst_plus","D","","","","","no","","","","","","0.00","v3 OEM-first retry completed 2026-07-26; no uninspected URL promoted.","No public direct US-market Mercedes-Benz maintenance PDF with extractable ASSYST PLUS intervals was verified; owner literature remains portal-based."
"223","mercedes-benz-c-class-2023-c300-4matic","2023","Mercedes-Benz","C-Class","C300 4MATIC","","luxury_sedan","mercedes","assyst_plus","D","","","","","no","","","","","","0.00","v3 OEM-first retry completed 2026-07-26; no uninspected URL promoted.","No public direct US-market Mercedes-Benz maintenance PDF with extractable ASSYST PLUS intervals was verified; owner literature remains portal-based."
"224","mercedes-benz-c-class-2023-c350e","2023","Mercedes-Benz","C-Class","C350e","","luxury_sedan","mercedes","assyst_plus","D","","","","","no","","","","","","0.00","v3 OEM-first retry completed 2026-07-26; no uninspected URL promoted.","No public direct US-market Mercedes-Benz maintenance PDF with extractable ASSYST PLUS intervals was verified; owner literature remains portal-based."
"225","mercedes-benz-c-class-2022-c300","2022","Mercedes-Benz","C-Class","C300","","luxury_sedan","mercedes","assyst_plus","D","","","","","no","","","","","","0.00","v3 OEM-first retry completed 2026-07-26; no uninspected URL promoted.","No public direct US-market Mercedes-Benz maintenance PDF with extractable ASSYST PLUS intervals was verified; owner literature remains portal-based."
"226","mercedes-benz-c-class-2022-c300-4matic","2022","Mercedes-Benz","C-Class","C300 4MATIC","","luxury_sedan","mercedes","assyst_plus","D","","","","","no","","","","","","0.00","v3 OEM-first retry completed 2026-07-26; no uninspected URL promoted.","No public direct US-market Mercedes-Benz maintenance PDF with extractable ASSYST PLUS intervals was verified; owner literature remains portal-based."
"227","mercedes-benz-c-class-2022-c350e","2022","Mercedes-Benz","C-Class","C350e","","luxury_sedan","mercedes","assyst_plus","D","","","","","no","","","","","","0.00","v3 OEM-first retry completed 2026-07-26; no uninspected URL promoted.","No public direct US-market Mercedes-Benz maintenance PDF with extractable ASSYST PLUS intervals was verified; owner literature remains portal-based."
"228","mercedes-benz-c-class-2021-c300","2021","Mercedes-Benz","C-Class","C300","","luxury_sedan","mercedes","assyst_plus","D","","","","","no","","","","","","0.00","v3 OEM-first retry completed 2026-07-26; no uninspected URL promoted.","No public direct US-market Mercedes-Benz maintenance PDF with extractable ASSYST PLUS intervals was verified; owner literature remains portal-based."
"229","mercedes-benz-c-class-2021-c300-4matic","2021","Mercedes-Benz","C-Class","C300 4MATIC","","luxury_sedan","mercedes","assyst_plus","D","","","","","no","","","","","","0.00","v3 OEM-first retry completed 2026-07-26; no uninspected URL promoted.","No public direct US-market Mercedes-Benz maintenance PDF with extractable ASSYST PLUS intervals was verified; owner literature remains portal-based."
"230","mercedes-benz-c-class-2021-c350e","2021","Mercedes-Benz","C-Class","C350e","","luxury_sedan","mercedes","assyst_plus","D","","","","","no","","","","","","0.00","v3 OEM-first retry completed 2026-07-26; no uninspected URL promoted.","No public direct US-market Mercedes-Benz maintenance PDF with extractable ASSYST PLUS intervals was verified; owner literature remains portal-based."
"231","mercedes-benz-c-class-2020-c300","2020","Mercedes-Benz","C-Class","C300","","luxury_sedan","mercedes","assyst_plus","D","","","","","no","","","","","","0.00","v3 OEM-first retry completed 2026-07-26; no uninspected URL promoted.","No public direct US-market Mercedes-Benz maintenance PDF with extractable ASSYST PLUS intervals was verified; owner literature remains portal-based."
"232","mercedes-benz-c-class-2020-c300-4matic","2020","Mercedes-Benz","C-Class","C300 4MATIC","","luxury_sedan","mercedes","assyst_plus","D","","","","","no","","","","","","0.00","v3 OEM-first retry completed 2026-07-26; no uninspected URL promoted.","No public direct US-market Mercedes-Benz maintenance PDF with extractable ASSYST PLUS intervals was verified; owner literature remains portal-based."
"233","mercedes-benz-c-class-2020-c350e","2020","Mercedes-Benz","C-Class","C350e","","luxury_sedan","mercedes","assyst_plus","D","","","","","no","","","","","","0.00","v3 OEM-first retry completed 2026-07-26; no uninspected URL promoted.","No public direct US-market Mercedes-Benz maintenance PDF with extractable ASSYST PLUS intervals was verified; owner literature remains portal-based."
"234","mercedes-benz-c-class-2019-c300","2019","Mercedes-Benz","C-Class","C300","","luxury_sedan","mercedes","assyst_plus","D","","","","","no","","","","","","0.00","v3 OEM-first retry completed 2026-07-26; no uninspected URL promoted.","No public direct US-market Mercedes-Benz maintenance PDF with extractable ASSYST PLUS intervals was verified; owner literature remains portal-based."
"235","mercedes-benz-c-class-2019-c300-4matic","2019","Mercedes-Benz","C-Class","C300 4MATIC","","luxury_sedan","mercedes","assyst_plus","D","","","","","no","","","","","","0.00","v3 OEM-first retry completed 2026-07-26; no uninspected URL promoted.","No public direct US-market Mercedes-Benz maintenance PDF with extractable ASSYST PLUS intervals was verified; owner literature remains portal-based."
"236","mercedes-benz-c-class-2019-c350e","2019","Mercedes-Benz","C-Class","C350e","","luxury_sedan","mercedes","assyst_plus","D","","","","","no","","","","","","0.00","v3 OEM-first retry completed 2026-07-26; no uninspected URL promoted.","No public direct US-market Mercedes-Benz maintenance PDF with extractable ASSYST PLUS intervals was verified; owner literature remains portal-based."
"237","mercedes-benz-e-class-2024-e350","2024","Mercedes-Benz","E-Class","E350","","luxury_sedan","mercedes","assyst_plus","D","","","","","no","","","","","","0.00","v3 OEM-first retry completed 2026-07-26; no uninspected URL promoted.","No public direct US-market Mercedes-Benz maintenance PDF with extractable ASSYST PLUS intervals was verified; owner literature remains portal-based."
"238","mercedes-benz-e-class-2024-e350-4matic","2024","Mercedes-Benz","E-Class","E350 4MATIC","","luxury_sedan","mercedes","assyst_plus","D","","","","","no","","","","","","0.00","v3 OEM-first retry completed 2026-07-26; no uninspected URL promoted.","No public direct US-market Mercedes-Benz maintenance PDF with extractable ASSYST PLUS intervals was verified; owner literature remains portal-based."
"239","mercedes-benz-e-class-2024-e450","2024","Mercedes-Benz","E-Class","E450","","luxury_sedan","mercedes","assyst_plus","D","","","","","no","","","","","","0.00","v3 OEM-first retry completed 2026-07-26; no uninspected URL promoted.","No public direct US-market Mercedes-Benz maintenance PDF with extractable ASSYST PLUS intervals was verified; owner literature remains portal-based."
"240","mercedes-benz-e-class-2023-e350","2023","Mercedes-Benz","E-Class","E350","","luxury_sedan","mercedes","assyst_plus","D","","","","","no","","","","","","0.00","v3 OEM-first retry completed 2026-07-26; no uninspected URL promoted.","No public direct US-market Mercedes-Benz maintenance PDF with extractable ASSYST PLUS intervals was verified; owner literature remains portal-based."
"241","mercedes-benz-e-class-2023-e350-4matic","2023","Mercedes-Benz","E-Class","E350 4MATIC","","luxury_sedan","mercedes","assyst_plus","D","","","","","no","","","","","","0.00","v3 OEM-first retry completed 2026-07-26; no uninspected URL promoted.","No public direct US-market Mercedes-Benz maintenance PDF with extractable ASSYST PLUS intervals was verified; owner literature remains portal-based."
"242","mercedes-benz-e-class-2023-e450","2023","Mercedes-Benz","E-Class","E450","","luxury_sedan","mercedes","assyst_plus","D","","","","","no","","","","","","0.00","v3 OEM-first retry completed 2026-07-26; no uninspected URL promoted.","No public direct US-market Mercedes-Benz maintenance PDF with extractable ASSYST PLUS intervals was verified; owner literature remains portal-based."
"243","mercedes-benz-e-class-2022-e350","2022","Mercedes-Benz","E-Class","E350","","luxury_sedan","mercedes","assyst_plus","D","","","","","no","","","","","","0.00","v3 OEM-first retry completed 2026-07-26; no uninspected URL promoted.","No public direct US-market Mercedes-Benz maintenance PDF with extractable ASSYST PLUS intervals was verified; owner literature remains portal-based."
"244","mercedes-benz-e-class-2022-e350-4matic","2022","Mercedes-Benz","E-Class","E350 4MATIC","","luxury_sedan","mercedes","assyst_plus","D","","","","","no","","","","","","0.00","v3 OEM-first retry completed 2026-07-26; no uninspected URL promoted.","No public direct US-market Mercedes-Benz maintenance PDF with extractable ASSYST PLUS intervals was verified; owner literature remains portal-based."
"245","mercedes-benz-e-class-2022-e450","2022","Mercedes-Benz","E-Class","E450","","luxury_sedan","mercedes","assyst_plus","D","","","","","no","","","","","","0.00","v3 OEM-first retry completed 2026-07-26; no uninspected URL promoted.","No public direct US-market Mercedes-Benz maintenance PDF with extractable ASSYST PLUS intervals was verified; owner literature remains portal-based."
"246","mercedes-benz-e-class-2021-e350","2021","Mercedes-Benz","E-Class","E350","","luxury_sedan","mercedes","assyst_plus","D","","","","","no","","","","","","0.00","v3 OEM-first retry completed 2026-07-26; no uninspected URL promoted.","No public direct US-market Mercedes-Benz maintenance PDF with extractable ASSYST PLUS intervals was verified; owner literature remains portal-based."
"247","mercedes-benz-e-class-2021-e350-4matic","2021","Mercedes-Benz","E-Class","E350 4MATIC","","luxury_sedan","mercedes","assyst_plus","D","","","","","no","","","","","","0.00","v3 OEM-first retry completed 2026-07-26; no uninspected URL promoted.","No public direct US-market Mercedes-Benz maintenance PDF with extractable ASSYST PLUS intervals was verified; owner literature remains portal-based."
"248","mercedes-benz-e-class-2021-e450","2021","Mercedes-Benz","E-Class","E450","","luxury_sedan","mercedes","assyst_plus","D","","","","","no","","","","","","0.00","v3 OEM-first retry completed 2026-07-26; no uninspected URL promoted.","No public direct US-market Mercedes-Benz maintenance PDF with extractable ASSYST PLUS intervals was verified; owner literature remains portal-based."
"249","mercedes-benz-e-class-2020-e350","2020","Mercedes-Benz","E-Class","E350","","luxury_sedan","mercedes","assyst_plus","D","","","","","no","","","","","","0.00","v3 OEM-first retry completed 2026-07-26; no uninspected URL promoted.","No public direct US-market Mercedes-Benz maintenance PDF with extractable ASSYST PLUS intervals was verified; owner literature remains portal-based."
"250","mercedes-benz-e-class-2020-e350-4matic","2020","Mercedes-Benz","E-Class","E350 4MATIC","","luxury_sedan","mercedes","assyst_plus","D","","","","","no","","","","","","0.00","v3 OEM-first retry completed 2026-07-26; no uninspected URL promoted.","No public direct US-market Mercedes-Benz maintenance PDF with extractable ASSYST PLUS intervals was verified; owner literature remains portal-based."
"251","mercedes-benz-e-class-2020-e450","2020","Mercedes-Benz","E-Class","E450","","luxury_sedan","mercedes","assyst_plus","D","","","","","no","","","","","","0.00","v3 OEM-first retry completed 2026-07-26; no uninspected URL promoted.","No public direct US-market Mercedes-Benz maintenance PDF with extractable ASSYST PLUS intervals was verified; owner literature remains portal-based."
"252","mercedes-benz-e-class-2019-e350","2019","Mercedes-Benz","E-Class","E350","","luxury_sedan","mercedes","assyst_plus","D","","","","","no","","","","","","0.00","v3 OEM-first retry completed 2026-07-26; no uninspected URL promoted.","No public direct US-market Mercedes-Benz maintenance PDF with extractable ASSYST PLUS intervals was verified; owner literature remains portal-based."
"253","mercedes-benz-e-class-2019-e350-4matic","2019","Mercedes-Benz","E-Class","E350 4MATIC","","luxury_sedan","mercedes","assyst_plus","D","","","","","no","","","","","","0.00","v3 OEM-first retry completed 2026-07-26; no uninspected URL promoted.","No public direct US-market Mercedes-Benz maintenance PDF with extractable ASSYST PLUS intervals was verified; owner literature remains portal-based."
"254","mercedes-benz-e-class-2019-e450","2019","Mercedes-Benz","E-Class","E450","","luxury_sedan","mercedes","assyst_plus","D","","","","","no","","","","","","0.00","v3 OEM-first retry completed 2026-07-26; no uninspected URL promoted.","No public direct US-market Mercedes-Benz maintenance PDF with extractable ASSYST PLUS intervals was verified; owner literature remains portal-based."
"255","mercedes-benz-e-class-2018-e350","2018","Mercedes-Benz","E-Class","E350","","luxury_sedan","mercedes","assyst_plus","D","","","","","no","","","","","","0.00","v3 OEM-first retry completed 2026-07-26; no uninspected URL promoted.","No public direct US-market Mercedes-Benz maintenance PDF with extractable ASSYST PLUS intervals was verified; owner literature remains portal-based."
"256","mercedes-benz-e-class-2018-e350-4matic","2018","Mercedes-Benz","E-Class","E350 4MATIC","","luxury_sedan","mercedes","assyst_plus","D","","","","","no","","","","","","0.00","v3 OEM-first retry completed 2026-07-26; no uninspected URL promoted.","No public direct US-market Mercedes-Benz maintenance PDF with extractable ASSYST PLUS intervals was verified; owner literature remains portal-based."
"257","mercedes-benz-e-class-2018-e450","2018","Mercedes-Benz","E-Class","E450","","luxury_sedan","mercedes","assyst_plus","D","","","","","no","","","","","","0.00","v3 OEM-first retry completed 2026-07-26; no uninspected URL promoted.","No public direct US-market Mercedes-Benz maintenance PDF with extractable ASSYST PLUS intervals was verified; owner literature remains portal-based."
"258","mercedes-benz-a-class-2022-a220","2022","Mercedes-Benz","A-Class","A220","","luxury_sedan","mercedes","assyst_plus","D","","","","","no","","","","","","0.00","v3 OEM-first retry completed 2026-07-26; no uninspected URL promoted.","No public direct US-market Mercedes-Benz maintenance PDF with extractable ASSYST PLUS intervals was verified; owner literature remains portal-based."
"259","mercedes-benz-a-class-2022-a220-4matic","2022","Mercedes-Benz","A-Class","A220 4MATIC","","luxury_sedan","mercedes","assyst_plus","D","","","","","no","","","","","","0.00","v3 OEM-first retry completed 2026-07-26; no uninspected URL promoted.","No public direct US-market Mercedes-Benz maintenance PDF with extractable ASSYST PLUS intervals was verified; owner literature remains portal-based."
"260","mercedes-benz-a-class-2021-a220","2021","Mercedes-Benz","A-Class","A220","","luxury_sedan","mercedes","assyst_plus","D","","","","","no","","","","","","0.00","v3 OEM-first retry completed 2026-07-26; no uninspected URL promoted.","No public direct US-market Mercedes-Benz maintenance PDF with extractable ASSYST PLUS intervals was verified; owner literature remains portal-based."
"261","mercedes-benz-a-class-2021-a220-4matic","2021","Mercedes-Benz","A-Class","A220 4MATIC","","luxury_sedan","mercedes","assyst_plus","D","","","","","no","","","","","","0.00","v3 OEM-first retry completed 2026-07-26; no uninspected URL promoted.","No public direct US-market Mercedes-Benz maintenance PDF with extractable ASSYST PLUS intervals was verified; owner literature remains portal-based."
"262","mercedes-benz-a-class-2020-a220","2020","Mercedes-Benz","A-Class","A220","","luxury_sedan","mercedes","assyst_plus","D","","","","","no","","","","","","0.00","v3 OEM-first retry completed 2026-07-26; no uninspected URL promoted.","No public direct US-market Mercedes-Benz maintenance PDF with extractable ASSYST PLUS intervals was verified; owner literature remains portal-based."
"263","mercedes-benz-a-class-2020-a220-4matic","2020","Mercedes-Benz","A-Class","A220 4MATIC","","luxury_sedan","mercedes","assyst_plus","D","","","","","no","","","","","","0.00","v3 OEM-first retry completed 2026-07-26; no uninspected URL promoted.","No public direct US-market Mercedes-Benz maintenance PDF with extractable ASSYST PLUS intervals was verified; owner literature remains portal-based."
"264","mercedes-benz-a-class-2019-a220","2019","Mercedes-Benz","A-Class","A220","","luxury_sedan","mercedes","assyst_plus","D","","","","","no","","","","","","0.00","v3 OEM-first retry completed 2026-07-26; no uninspected URL promoted.","No public direct US-market Mercedes-Benz maintenance PDF with extractable ASSYST PLUS intervals was verified; owner literature remains portal-based."
"265","mercedes-benz-a-class-2019-a220-4matic","2019","Mercedes-Benz","A-Class","A220 4MATIC","","luxury_sedan","mercedes","assyst_plus","D","","","","","no","","","","","","0.00","v3 OEM-first retry completed 2026-07-26; no uninspected URL promoted.","No public direct US-market Mercedes-Benz maintenance PDF with extractable ASSYST PLUS intervals was verified; owner literature remains portal-based."
"266","mercedes-benz-cla-2025-cla250","2025","Mercedes-Benz","CLA","CLA250","","luxury_sedan","mercedes","assyst_plus","D","","","","","no","","","","","","0.00","v3 OEM-first retry completed 2026-07-26; no uninspected URL promoted.","No public direct US-market Mercedes-Benz maintenance PDF with extractable ASSYST PLUS intervals was verified; owner literature remains portal-based."
"267","mercedes-benz-cla-2025-cla250-4matic","2025","Mercedes-Benz","CLA","CLA250 4MATIC","","luxury_sedan","mercedes","assyst_plus","D","","","","","no","","","","","","0.00","v3 OEM-first retry completed 2026-07-26; no uninspected URL promoted.","No public direct US-market Mercedes-Benz maintenance PDF with extractable ASSYST PLUS intervals was verified; owner literature remains portal-based."
"268","mercedes-benz-cla-2025-cla35-amg","2025","Mercedes-Benz","CLA","CLA35 AMG","","luxury_sedan","mercedes","assyst_plus","D","","","","","no","","","","","","0.00","v3 OEM-first retry completed 2026-07-26; no uninspected URL promoted.","No public direct US-market Mercedes-Benz maintenance PDF with extractable ASSYST PLUS intervals was verified; owner literature remains portal-based."
"269","mercedes-benz-cla-2024-cla250","2024","Mercedes-Benz","CLA","CLA250","","luxury_sedan","mercedes","assyst_plus","D","","","","","no","","","","","","0.00","v3 OEM-first retry completed 2026-07-26; no uninspected URL promoted.","No public direct US-market Mercedes-Benz maintenance PDF with extractable ASSYST PLUS intervals was verified; owner literature remains portal-based."
"270","mercedes-benz-cla-2024-cla250-4matic","2024","Mercedes-Benz","CLA","CLA250 4MATIC","","luxury_sedan","mercedes","assyst_plus","D","","","","","no","","","","","","0.00","v3 OEM-first retry completed 2026-07-26; no uninspected URL promoted.","No public direct US-market Mercedes-Benz maintenance PDF with extractable ASSYST PLUS intervals was verified; owner literature remains portal-based."
"271","mercedes-benz-cla-2024-cla35-amg","2024","Mercedes-Benz","CLA","CLA35 AMG","","luxury_sedan","mercedes","assyst_plus","D","","","","","no","","","","","","0.00","v3 OEM-first retry completed 2026-07-26; no uninspected URL promoted.","No public direct US-market Mercedes-Benz maintenance PDF with extractable ASSYST PLUS intervals was verified; owner literature remains portal-based."
"272","mercedes-benz-cla-2023-cla250","2023","Mercedes-Benz","CLA","CLA250","","luxury_sedan","mercedes","assyst_plus","D","","","","","no","","","","","","0.00","v3 OEM-first retry completed 2026-07-26; no uninspected URL promoted.","No public direct US-market Mercedes-Benz maintenance PDF with extractable ASSYST PLUS intervals was verified; owner literature remains portal-based."
"273","mercedes-benz-cla-2023-cla250-4matic","2023","Mercedes-Benz","CLA","CLA250 4MATIC","","luxury_sedan","mercedes","assyst_plus","D","","","","","no","","","","","","0.00","v3 OEM-first retry completed 2026-07-26; no uninspected URL promoted.","No public direct US-market Mercedes-Benz maintenance PDF with extractable ASSYST PLUS intervals was verified; owner literature remains portal-based."
"274","mercedes-benz-cla-2023-cla35-amg","2023","Mercedes-Benz","CLA","CLA35 AMG","","luxury_sedan","mercedes","assyst_plus","D","","","","","no","","","","","","0.00","v3 OEM-first retry completed 2026-07-26; no uninspected URL promoted.","No public direct US-market Mercedes-Benz maintenance PDF with extractable ASSYST PLUS intervals was verified; owner literature remains portal-based."
"275","mercedes-benz-cla-2022-cla250","2022","Mercedes-Benz","CLA","CLA250","","luxury_sedan","mercedes","assyst_plus","D","","","","","no","","","","","","0.00","v3 OEM-first retry completed 2026-07-26; no uninspected URL promoted.","No public direct US-market Mercedes-Benz maintenance PDF with extractable ASSYST PLUS intervals was verified; owner literature remains portal-based."
"276","mercedes-benz-cla-2022-cla250-4matic","2022","Mercedes-Benz","CLA","CLA250 4MATIC","","luxury_sedan","mercedes","assyst_plus","D","","","","","no","","","","","","0.00","v3 OEM-first retry completed 2026-07-26; no uninspected URL promoted.","No public direct US-market Mercedes-Benz maintenance PDF with extractable ASSYST PLUS intervals was verified; owner literature remains portal-based."
"277","mercedes-benz-cla-2022-cla35-amg","2022","Mercedes-Benz","CLA","CLA35 AMG","","luxury_sedan","mercedes","assyst_plus","D","","","","","no","","","","","","0.00","v3 OEM-first retry completed 2026-07-26; no uninspected URL promoted.","No public direct US-market Mercedes-Benz maintenance PDF with extractable ASSYST PLUS intervals was verified; owner literature remains portal-based."
"278","mercedes-benz-cla-2021-cla250","2021","Mercedes-Benz","CLA","CLA250","","luxury_sedan","mercedes","assyst_plus","D","","","","","no","","","","","","0.00","v3 OEM-first retry completed 2026-07-26; no uninspected URL promoted.","No public direct US-market Mercedes-Benz maintenance PDF with extractable ASSYST PLUS intervals was verified; owner literature remains portal-based."
"279","mercedes-benz-cla-2021-cla250-4matic","2021","Mercedes-Benz","CLA","CLA250 4MATIC","","luxury_sedan","mercedes","assyst_plus","D","","","","","no","","","","","","0.00","v3 OEM-first retry completed 2026-07-26; no uninspected URL promoted.","No public direct US-market Mercedes-Benz maintenance PDF with extractable ASSYST PLUS intervals was verified; owner literature remains portal-based."
"280","mercedes-benz-cla-2021-cla35-amg","2021","Mercedes-Benz","CLA","CLA35 AMG","","luxury_sedan","mercedes","assyst_plus","D","","","","","no","","","","","","0.00","v3 OEM-first retry completed 2026-07-26; no uninspected URL promoted.","No public direct US-market Mercedes-Benz maintenance PDF with extractable ASSYST PLUS intervals was verified; owner literature remains portal-based."
"281","mercedes-benz-cla-2020-cla250","2020","Mercedes-Benz","CLA","CLA250","","luxury_sedan","mercedes","assyst_plus","D","","","","","no","","","","","","0.00","v3 OEM-first retry completed 2026-07-26; no uninspected URL promoted.","No public direct US-market Mercedes-Benz maintenance PDF with extractable ASSYST PLUS intervals was verified; owner literature remains portal-based."
"282","mercedes-benz-cla-2020-cla250-4matic","2020","Mercedes-Benz","CLA","CLA250 4MATIC","","luxury_sedan","mercedes","assyst_plus","D","","","","","no","","","","","","0.00","v3 OEM-first retry completed 2026-07-26; no uninspected URL promoted.","No public direct US-market Mercedes-Benz maintenance PDF with extractable ASSYST PLUS intervals was verified; owner literature remains portal-based."
"283","mercedes-benz-cla-2020-cla35-amg","2020","Mercedes-Benz","CLA","CLA35 AMG","","luxury_sedan","mercedes","assyst_plus","D","","","","","no","","","","","","0.00","v3 OEM-first retry completed 2026-07-26; no uninspected URL promoted.","No public direct US-market Mercedes-Benz maintenance PDF with extractable ASSYST PLUS intervals was verified; owner literature remains portal-based."
"284","mercedes-benz-gla-2025-gla250","2025","Mercedes-Benz","GLA","GLA250","","luxury_suv","mercedes","assyst_plus","D","","","","","no","","","","","","0.00","v3 OEM-first retry completed 2026-07-26; no uninspected URL promoted.","No public direct US-market Mercedes-Benz maintenance PDF with extractable ASSYST PLUS intervals was verified; owner literature remains portal-based."
"285","mercedes-benz-gla-2025-gla250-4matic","2025","Mercedes-Benz","GLA","GLA250 4MATIC","","luxury_suv","mercedes","assyst_plus","D","","","","","no","","","","","","0.00","v3 OEM-first retry completed 2026-07-26; no uninspected URL promoted.","No public direct US-market Mercedes-Benz maintenance PDF with extractable ASSYST PLUS intervals was verified; owner literature remains portal-based."
"286","mercedes-benz-gla-2025-gla35-amg","2025","Mercedes-Benz","GLA","GLA35 AMG","","luxury_suv","mercedes","assyst_plus","D","","","","","no","","","","","","0.00","v3 OEM-first retry completed 2026-07-26; no uninspected URL promoted.","No public direct US-market Mercedes-Benz maintenance PDF with extractable ASSYST PLUS intervals was verified; owner literature remains portal-based."
"287","mercedes-benz-gla-2024-gla250","2024","Mercedes-Benz","GLA","GLA250","","luxury_suv","mercedes","assyst_plus","D","","","","","no","","","","","","0.00","v3 OEM-first retry completed 2026-07-26; no uninspected URL promoted.","No public direct US-market Mercedes-Benz maintenance PDF with extractable ASSYST PLUS intervals was verified; owner literature remains portal-based."
"288","mercedes-benz-gla-2024-gla250-4matic","2024","Mercedes-Benz","GLA","GLA250 4MATIC","","luxury_suv","mercedes","assyst_plus","D","","","","","no","","","","","","0.00","v3 OEM-first retry completed 2026-07-26; no uninspected URL promoted.","No public direct US-market Mercedes-Benz maintenance PDF with extractable ASSYST PLUS intervals was verified; owner literature remains portal-based."
"289","mercedes-benz-gla-2024-gla35-amg","2024","Mercedes-Benz","GLA","GLA35 AMG","","luxury_suv","mercedes","assyst_plus","D","","","","","no","","","","","","0.00","v3 OEM-first retry completed 2026-07-26; no uninspected URL promoted.","No public direct US-market Mercedes-Benz maintenance PDF with extractable ASSYST PLUS intervals was verified; owner literature remains portal-based."
"290","mercedes-benz-gla-2023-gla250","2023","Mercedes-Benz","GLA","GLA250","","luxury_suv","mercedes","assyst_plus","D","","","","","no","","","","","","0.00","v3 OEM-first retry completed 2026-07-26; no uninspected URL promoted.","No public direct US-market Mercedes-Benz maintenance PDF with extractable ASSYST PLUS intervals was verified; owner literature remains portal-based."
"291","mercedes-benz-gla-2023-gla250-4matic","2023","Mercedes-Benz","GLA","GLA250 4MATIC","","luxury_suv","mercedes","assyst_plus","D","","","","","no","","","","","","0.00","v3 OEM-first retry completed 2026-07-26; no uninspected URL promoted.","No public direct US-market Mercedes-Benz maintenance PDF with extractable ASSYST PLUS intervals was verified; owner literature remains portal-based."
"292","mercedes-benz-gla-2023-gla35-amg","2023","Mercedes-Benz","GLA","GLA35 AMG","","luxury_suv","mercedes","assyst_plus","D","","","","","no","","","","","","0.00","v3 OEM-first retry completed 2026-07-26; no uninspected URL promoted.","No public direct US-market Mercedes-Benz maintenance PDF with extractable ASSYST PLUS intervals was verified; owner literature remains portal-based."
"293","mercedes-benz-gla-2022-gla250","2022","Mercedes-Benz","GLA","GLA250","","luxury_suv","mercedes","assyst_plus","D","","","","","no","","","","","","0.00","v3 OEM-first retry completed 2026-07-26; no uninspected URL promoted.","No public direct US-market Mercedes-Benz maintenance PDF with extractable ASSYST PLUS intervals was verified; owner literature remains portal-based."
"294","mercedes-benz-gla-2022-gla250-4matic","2022","Mercedes-Benz","GLA","GLA250 4MATIC","","luxury_suv","mercedes","assyst_plus","D","","","","","no","","","","","","0.00","v3 OEM-first retry completed 2026-07-26; no uninspected URL promoted.","No public direct US-market Mercedes-Benz maintenance PDF with extractable ASSYST PLUS intervals was verified; owner literature remains portal-based."
"295","mercedes-benz-gla-2022-gla35-amg","2022","Mercedes-Benz","GLA","GLA35 AMG","","luxury_suv","mercedes","assyst_plus","D","","","","","no","","","","","","0.00","v3 OEM-first retry completed 2026-07-26; no uninspected URL promoted.","No public direct US-market Mercedes-Benz maintenance PDF with extractable ASSYST PLUS intervals was verified; owner literature remains portal-based."
"296","mercedes-benz-gla-2021-gla250","2021","Mercedes-Benz","GLA","GLA250","","luxury_suv","mercedes","assyst_plus","D","","","","","no","","","","","","0.00","v3 OEM-first retry completed 2026-07-26; no uninspected URL promoted.","No public direct US-market Mercedes-Benz maintenance PDF with extractable ASSYST PLUS intervals was verified; owner literature remains portal-based."
"297","mercedes-benz-gla-2021-gla250-4matic","2021","Mercedes-Benz","GLA","GLA250 4MATIC","","luxury_suv","mercedes","assyst_plus","D","","","","","no","","","","","","0.00","v3 OEM-first retry completed 2026-07-26; no uninspected URL promoted.","No public direct US-market Mercedes-Benz maintenance PDF with extractable ASSYST PLUS intervals was verified; owner literature remains portal-based."
"298","mercedes-benz-gla-2021-gla35-amg","2021","Mercedes-Benz","GLA","GLA35 AMG","","luxury_suv","mercedes","assyst_plus","D","","","","","no","","","","","","0.00","v3 OEM-first retry completed 2026-07-26; no uninspected URL promoted.","No public direct US-market Mercedes-Benz maintenance PDF with extractable ASSYST PLUS intervals was verified; owner literature remains portal-based."
"299","mercedes-benz-glb-2025-glb250","2025","Mercedes-Benz","GLB","GLB250","","luxury_suv","mercedes","assyst_plus","D","","","","","no","","","","","","0.00","v3 OEM-first retry completed 2026-07-26; no uninspected URL promoted.","No public direct US-market Mercedes-Benz maintenance PDF with extractable ASSYST PLUS intervals was verified; owner literature remains portal-based."
"300","mercedes-benz-glb-2025-glb250-4matic","2025","Mercedes-Benz","GLB","GLB250 4MATIC","","luxury_suv","mercedes","assyst_plus","D","","","","","no","","","","","","0.00","v3 OEM-first retry completed 2026-07-26; no uninspected URL promoted.","No public direct US-market Mercedes-Benz maintenance PDF with extractable ASSYST PLUS intervals was verified; owner literature remains portal-based."
"301","mercedes-benz-glb-2024-glb250","2024","Mercedes-Benz","GLB","GLB250","","luxury_suv","mercedes","assyst_plus","D","","","","","no","","","","","","0.00","v3 OEM-first retry completed 2026-07-26; no uninspected URL promoted.","No public direct US-market Mercedes-Benz maintenance PDF with extractable ASSYST PLUS intervals was verified; owner literature remains portal-based."
"302","mercedes-benz-glb-2024-glb250-4matic","2024","Mercedes-Benz","GLB","GLB250 4MATIC","","luxury_suv","mercedes","assyst_plus","D","","","","","no","","","","","","0.00","v3 OEM-first retry completed 2026-07-26; no uninspected URL promoted.","No public direct US-market Mercedes-Benz maintenance PDF with extractable ASSYST PLUS intervals was verified; owner literature remains portal-based."
"303","mercedes-benz-glb-2023-glb250","2023","Mercedes-Benz","GLB","GLB250","","luxury_suv","mercedes","assyst_plus","D","","","","","no","","","","","","0.00","v3 OEM-first retry completed 2026-07-26; no uninspected URL promoted.","No public direct US-market Mercedes-Benz maintenance PDF with extractable ASSYST PLUS intervals was verified; owner literature remains portal-based."
"304","mercedes-benz-glb-2023-glb250-4matic","2023","Mercedes-Benz","GLB","GLB250 4MATIC","","luxury_suv","mercedes","assyst_plus","D","","","","","no","","","","","","0.00","v3 OEM-first retry completed 2026-07-26; no uninspected URL promoted.","No public direct US-market Mercedes-Benz maintenance PDF with extractable ASSYST PLUS intervals was verified; owner literature remains portal-based."
"305","mercedes-benz-glb-2022-glb250","2022","Mercedes-Benz","GLB","GLB250","","luxury_suv","mercedes","assyst_plus","D","","","","","no","","","","","","0.00","v3 OEM-first retry completed 2026-07-26; no uninspected URL promoted.","No public direct US-market Mercedes-Benz maintenance PDF with extractable ASSYST PLUS intervals was verified; owner literature remains portal-based."
"306","mercedes-benz-glb-2022-glb250-4matic","2022","Mercedes-Benz","GLB","GLB250 4MATIC","","luxury_suv","mercedes","assyst_plus","D","","","","","no","","","","","","0.00","v3 OEM-first retry completed 2026-07-26; no uninspected URL promoted.","No public direct US-market Mercedes-Benz maintenance PDF with extractable ASSYST PLUS intervals was verified; owner literature remains portal-based."
"307","mercedes-benz-glb-2021-glb250","2021","Mercedes-Benz","GLB","GLB250","","luxury_suv","mercedes","assyst_plus","D","","","","","no","","","","","","0.00","v3 OEM-first retry completed 2026-07-26; no uninspected URL promoted.","No public direct US-market Mercedes-Benz maintenance PDF with extractable ASSYST PLUS intervals was verified; owner literature remains portal-based."
"308","mercedes-benz-glb-2021-glb250-4matic","2021","Mercedes-Benz","GLB","GLB250 4MATIC","","luxury_suv","mercedes","assyst_plus","D","","","","","no","","","","","","0.00","v3 OEM-first retry completed 2026-07-26; no uninspected URL promoted.","No public direct US-market Mercedes-Benz maintenance PDF with extractable ASSYST PLUS intervals was verified; owner literature remains portal-based."
"309","mercedes-benz-glb-2020-glb250","2020","Mercedes-Benz","GLB","GLB250","","luxury_suv","mercedes","assyst_plus","D","","","","","no","","","","","","0.00","v3 OEM-first retry completed 2026-07-26; no uninspected URL promoted.","No public direct US-market Mercedes-Benz maintenance PDF with extractable ASSYST PLUS intervals was verified; owner literature remains portal-based."
"310","mercedes-benz-glb-2020-glb250-4matic","2020","Mercedes-Benz","GLB","GLB250 4MATIC","","luxury_suv","mercedes","assyst_plus","D","","","","","no","","","","","","0.00","v3 OEM-first retry completed 2026-07-26; no uninspected URL promoted.","No public direct US-market Mercedes-Benz maintenance PDF with extractable ASSYST PLUS intervals was verified; owner literature remains portal-based."
"311","mercedes-benz-glc-2025-glc300","2025","Mercedes-Benz","GLC","GLC300","","luxury_suv","mercedes","assyst_plus","D","","","","","no","","","","","","0.00","v3 OEM-first retry completed 2026-07-26; no uninspected URL promoted.","No public direct US-market Mercedes-Benz maintenance PDF with extractable ASSYST PLUS intervals was verified; owner literature remains portal-based."
"312","mercedes-benz-glc-2025-glc300-4matic","2025","Mercedes-Benz","GLC","GLC300 4MATIC","","luxury_suv","mercedes","assyst_plus","D","","","","","no","","","","","","0.00","v3 OEM-first retry completed 2026-07-26; no uninspected URL promoted.","No public direct US-market Mercedes-Benz maintenance PDF with extractable ASSYST PLUS intervals was verified; owner literature remains portal-based."
"313","mercedes-benz-glc-2025-glc43-amg","2025","Mercedes-Benz","GLC","GLC43 AMG","","luxury_suv","mercedes","assyst_plus","D","","","","","no","","","","","","0.00","v3 OEM-first retry completed 2026-07-26; no uninspected URL promoted.","No public direct US-market Mercedes-Benz maintenance PDF with extractable ASSYST PLUS intervals was verified; owner literature remains portal-based."
"314","mercedes-benz-glc-2024-glc300","2024","Mercedes-Benz","GLC","GLC300","","luxury_suv","mercedes","assyst_plus","D","","","","","no","","","","","","0.00","v3 OEM-first retry completed 2026-07-26; no uninspected URL promoted.","No public direct US-market Mercedes-Benz maintenance PDF with extractable ASSYST PLUS intervals was verified; owner literature remains portal-based."
"315","mercedes-benz-glc-2024-glc300-4matic","2024","Mercedes-Benz","GLC","GLC300 4MATIC","","luxury_suv","mercedes","assyst_plus","D","","","","","no","","","","","","0.00","v3 OEM-first retry completed 2026-07-26; no uninspected URL promoted.","No public direct US-market Mercedes-Benz maintenance PDF with extractable ASSYST PLUS intervals was verified; owner literature remains portal-based."
"316","mercedes-benz-glc-2024-glc43-amg","2024","Mercedes-Benz","GLC","GLC43 AMG","","luxury_suv","mercedes","assyst_plus","D","","","","","no","","","","","","0.00","v3 OEM-first retry completed 2026-07-26; no uninspected URL promoted.","No public direct US-market Mercedes-Benz maintenance PDF with extractable ASSYST PLUS intervals was verified; owner literature remains portal-based."
"317","mercedes-benz-glc-2023-glc300","2023","Mercedes-Benz","GLC","GLC300","","luxury_suv","mercedes","assyst_plus","D","","","","","no","","","","","","0.00","v3 OEM-first retry completed 2026-07-26; no uninspected URL promoted.","No public direct US-market Mercedes-Benz maintenance PDF with extractable ASSYST PLUS intervals was verified; owner literature remains portal-based."
"318","mercedes-benz-glc-2023-glc300-4matic","2023","Mercedes-Benz","GLC","GLC300 4MATIC","","luxury_suv","mercedes","assyst_plus","D","","","","","no","","","","","","0.00","v3 OEM-first retry completed 2026-07-26; no uninspected URL promoted.","No public direct US-market Mercedes-Benz maintenance PDF with extractable ASSYST PLUS intervals was verified; owner literature remains portal-based."
"319","mercedes-benz-glc-2023-glc43-amg","2023","Mercedes-Benz","GLC","GLC43 AMG","","luxury_suv","mercedes","assyst_plus","D","","","","","no","","","","","","0.00","v3 OEM-first retry completed 2026-07-26; no uninspected URL promoted.","No public direct US-market Mercedes-Benz maintenance PDF with extractable ASSYST PLUS intervals was verified; owner literature remains portal-based."
"320","mercedes-benz-glc-2022-glc300","2022","Mercedes-Benz","GLC","GLC300","","luxury_suv","mercedes","assyst_plus","D","","","","","no","","","","","","0.00","v3 OEM-first retry completed 2026-07-26; no uninspected URL promoted.","No public direct US-market Mercedes-Benz maintenance PDF with extractable ASSYST PLUS intervals was verified; owner literature remains portal-based."
"321","mercedes-benz-glc-2022-glc300-4matic","2022","Mercedes-Benz","GLC","GLC300 4MATIC","","luxury_suv","mercedes","assyst_plus","D","","","","","no","","","","","","0.00","v3 OEM-first retry completed 2026-07-26; no uninspected URL promoted.","No public direct US-market Mercedes-Benz maintenance PDF with extractable ASSYST PLUS intervals was verified; owner literature remains portal-based."
"322","mercedes-benz-glc-2022-glc43-amg","2022","Mercedes-Benz","GLC","GLC43 AMG","","luxury_suv","mercedes","assyst_plus","D","","","","","no","","","","","","0.00","v3 OEM-first retry completed 2026-07-26; no uninspected URL promoted.","No public direct US-market Mercedes-Benz maintenance PDF with extractable ASSYST PLUS intervals was verified; owner literature remains portal-based."
"323","mercedes-benz-glc-2021-glc300","2021","Mercedes-Benz","GLC","GLC300","","luxury_suv","mercedes","assyst_plus","D","","","","","no","","","","","","0.00","v3 OEM-first retry completed 2026-07-26; no uninspected URL promoted.","No public direct US-market Mercedes-Benz maintenance PDF with extractable ASSYST PLUS intervals was verified; owner literature remains portal-based."
"324","mercedes-benz-glc-2021-glc300-4matic","2021","Mercedes-Benz","GLC","GLC300 4MATIC","","luxury_suv","mercedes","assyst_plus","D","","","","","no","","","","","","0.00","v3 OEM-first retry completed 2026-07-26; no uninspected URL promoted.","No public direct US-market Mercedes-Benz maintenance PDF with extractable ASSYST PLUS intervals was verified; owner literature remains portal-based."
"325","mercedes-benz-glc-2021-glc43-amg","2021","Mercedes-Benz","GLC","GLC43 AMG","","luxury_suv","mercedes","assyst_plus","D","","","","","no","","","","","","0.00","v3 OEM-first retry completed 2026-07-26; no uninspected URL promoted.","No public direct US-market Mercedes-Benz maintenance PDF with extractable ASSYST PLUS intervals was verified; owner literature remains portal-based."
"326","mercedes-benz-glc-2020-glc300","2020","Mercedes-Benz","GLC","GLC300","","luxury_suv","mercedes","assyst_plus","D","","","","","no","","","","","","0.00","v3 OEM-first retry completed 2026-07-26; no uninspected URL promoted.","No public direct US-market Mercedes-Benz maintenance PDF with extractable ASSYST PLUS intervals was verified; owner literature remains portal-based."
"327","mercedes-benz-glc-2020-glc300-4matic","2020","Mercedes-Benz","GLC","GLC300 4MATIC","","luxury_suv","mercedes","assyst_plus","D","","","","","no","","","","","","0.00","v3 OEM-first retry completed 2026-07-26; no uninspected URL promoted.","No public direct US-market Mercedes-Benz maintenance PDF with extractable ASSYST PLUS intervals was verified; owner literature remains portal-based."
"328","mercedes-benz-glc-2020-glc43-amg","2020","Mercedes-Benz","GLC","GLC43 AMG","","luxury_suv","mercedes","assyst_plus","D","","","","","no","","","","","","0.00","v3 OEM-first retry completed 2026-07-26; no uninspected URL promoted.","No public direct US-market Mercedes-Benz maintenance PDF with extractable ASSYST PLUS intervals was verified; owner literature remains portal-based."
"329","mercedes-benz-glc-2019-glc300","2019","Mercedes-Benz","GLC","GLC300","","luxury_suv","mercedes","assyst_plus","D","","","","","no","","","","","","0.00","v3 OEM-first retry completed 2026-07-26; no uninspected URL promoted.","No public direct US-market Mercedes-Benz maintenance PDF with extractable ASSYST PLUS intervals was verified; owner literature remains portal-based."
"330","mercedes-benz-glc-2019-glc300-4matic","2019","Mercedes-Benz","GLC","GLC300 4MATIC","","luxury_suv","mercedes","assyst_plus","D","","","","","no","","","","","","0.00","v3 OEM-first retry completed 2026-07-26; no uninspected URL promoted.","No public direct US-market Mercedes-Benz maintenance PDF with extractable ASSYST PLUS intervals was verified; owner literature remains portal-based."
"331","mercedes-benz-glc-2019-glc43-amg","2019","Mercedes-Benz","GLC","GLC43 AMG","","luxury_suv","mercedes","assyst_plus","D","","","","","no","","","","","","0.00","v3 OEM-first retry completed 2026-07-26; no uninspected URL promoted.","No public direct US-market Mercedes-Benz maintenance PDF with extractable ASSYST PLUS intervals was verified; owner literature remains portal-based."
"332","mercedes-benz-gle-2025-gle350","2025","Mercedes-Benz","GLE","GLE350","","luxury_suv","mercedes","assyst_plus","D","","","","","no","","","","","","0.00","v3 OEM-first retry completed 2026-07-26; no uninspected URL promoted.","No public direct US-market Mercedes-Benz maintenance PDF with extractable ASSYST PLUS intervals was verified; owner literature remains portal-based."
"333","mercedes-benz-gle-2025-gle450","2025","Mercedes-Benz","GLE","GLE450","","luxury_suv","mercedes","assyst_plus","D","","","","","no","","","","","","0.00","v3 OEM-first retry completed 2026-07-26; no uninspected URL promoted.","No public direct US-market Mercedes-Benz maintenance PDF with extractable ASSYST PLUS intervals was verified; owner literature remains portal-based."
"334","mercedes-benz-gle-2025-gle450e","2025","Mercedes-Benz","GLE","GLE450e","","luxury_suv","mercedes","assyst_plus","D","","","","","no","","","","","","0.00","v3 OEM-first retry completed 2026-07-26; no uninspected URL promoted.","No public direct US-market Mercedes-Benz maintenance PDF with extractable ASSYST PLUS intervals was verified; owner literature remains portal-based."
"335","mercedes-benz-gle-2024-gle350","2024","Mercedes-Benz","GLE","GLE350","","luxury_suv","mercedes","assyst_plus","D","","","","","no","","","","","","0.00","v3 OEM-first retry completed 2026-07-26; no uninspected URL promoted.","No public direct US-market Mercedes-Benz maintenance PDF with extractable ASSYST PLUS intervals was verified; owner literature remains portal-based."
"336","mercedes-benz-gle-2024-gle450","2024","Mercedes-Benz","GLE","GLE450","","luxury_suv","mercedes","assyst_plus","D","","","","","no","","","","","","0.00","v3 OEM-first retry completed 2026-07-26; no uninspected URL promoted.","No public direct US-market Mercedes-Benz maintenance PDF with extractable ASSYST PLUS intervals was verified; owner literature remains portal-based."
"337","mercedes-benz-gle-2024-gle450e","2024","Mercedes-Benz","GLE","GLE450e","","luxury_suv","mercedes","assyst_plus","D","","","","","no","","","","","","0.00","v3 OEM-first retry completed 2026-07-26; no uninspected URL promoted.","No public direct US-market Mercedes-Benz maintenance PDF with extractable ASSYST PLUS intervals was verified; owner literature remains portal-based."
"338","mercedes-benz-gle-2023-gle350","2023","Mercedes-Benz","GLE","GLE350","","luxury_suv","mercedes","assyst_plus","D","","","","","no","","","","","","0.00","v3 OEM-first retry completed 2026-07-26; no uninspected URL promoted.","No public direct US-market Mercedes-Benz maintenance PDF with extractable ASSYST PLUS intervals was verified; owner literature remains portal-based."
"339","mercedes-benz-gle-2023-gle450","2023","Mercedes-Benz","GLE","GLE450","","luxury_suv","mercedes","assyst_plus","D","","","","","no","","","","","","0.00","v3 OEM-first retry completed 2026-07-26; no uninspected URL promoted.","No public direct US-market Mercedes-Benz maintenance PDF with extractable ASSYST PLUS intervals was verified; owner literature remains portal-based."
"340","mercedes-benz-gle-2023-gle450e","2023","Mercedes-Benz","GLE","GLE450e","","luxury_suv","mercedes","assyst_plus","D","","","","","no","","","","","","0.00","v3 OEM-first retry completed 2026-07-26; no uninspected URL promoted.","No public direct US-market Mercedes-Benz maintenance PDF with extractable ASSYST PLUS intervals was verified; owner literature remains portal-based."
"341","mercedes-benz-gle-2022-gle350","2022","Mercedes-Benz","GLE","GLE350","","luxury_suv","mercedes","assyst_plus","D","","","","","no","","","","","","0.00","v3 OEM-first retry completed 2026-07-26; no uninspected URL promoted.","No public direct US-market Mercedes-Benz maintenance PDF with extractable ASSYST PLUS intervals was verified; owner literature remains portal-based."
"342","mercedes-benz-gle-2022-gle450","2022","Mercedes-Benz","GLE","GLE450","","luxury_suv","mercedes","assyst_plus","D","","","","","no","","","","","","0.00","v3 OEM-first retry completed 2026-07-26; no uninspected URL promoted.","No public direct US-market Mercedes-Benz maintenance PDF with extractable ASSYST PLUS intervals was verified; owner literature remains portal-based."
"343","mercedes-benz-gle-2022-gle450e","2022","Mercedes-Benz","GLE","GLE450e","","luxury_suv","mercedes","assyst_plus","D","","","","","no","","","","","","0.00","v3 OEM-first retry completed 2026-07-26; no uninspected URL promoted.","No public direct US-market Mercedes-Benz maintenance PDF with extractable ASSYST PLUS intervals was verified; owner literature remains portal-based."
"344","mercedes-benz-gle-2021-gle350","2021","Mercedes-Benz","GLE","GLE350","","luxury_suv","mercedes","assyst_plus","D","","","","","no","","","","","","0.00","v3 OEM-first retry completed 2026-07-26; no uninspected URL promoted.","No public direct US-market Mercedes-Benz maintenance PDF with extractable ASSYST PLUS intervals was verified; owner literature remains portal-based."
"345","mercedes-benz-gle-2021-gle450","2021","Mercedes-Benz","GLE","GLE450","","luxury_suv","mercedes","assyst_plus","D","","","","","no","","","","","","0.00","v3 OEM-first retry completed 2026-07-26; no uninspected URL promoted.","No public direct US-market Mercedes-Benz maintenance PDF with extractable ASSYST PLUS intervals was verified; owner literature remains portal-based."
"346","mercedes-benz-gle-2021-gle450e","2021","Mercedes-Benz","GLE","GLE450e","","luxury_suv","mercedes","assyst_plus","D","","","","","no","","","","","","0.00","v3 OEM-first retry completed 2026-07-26; no uninspected URL promoted.","No public direct US-market Mercedes-Benz maintenance PDF with extractable ASSYST PLUS intervals was verified; owner literature remains portal-based."
"347","mercedes-benz-gle-2020-gle350","2020","Mercedes-Benz","GLE","GLE350","","luxury_suv","mercedes","assyst_plus","D","","","","","no","","","","","","0.00","v3 OEM-first retry completed 2026-07-26; no uninspected URL promoted.","No public direct US-market Mercedes-Benz maintenance PDF with extractable ASSYST PLUS intervals was verified; owner literature remains portal-based."
"348","mercedes-benz-gle-2020-gle450","2020","Mercedes-Benz","GLE","GLE450","","luxury_suv","mercedes","assyst_plus","D","","","","","no","","","","","","0.00","v3 OEM-first retry completed 2026-07-26; no uninspected URL promoted.","No public direct US-market Mercedes-Benz maintenance PDF with extractable ASSYST PLUS intervals was verified; owner literature remains portal-based."
"349","mercedes-benz-gle-2020-gle450e","2020","Mercedes-Benz","GLE","GLE450e","","luxury_suv","mercedes","assyst_plus","D","","","","","no","","","","","","0.00","v3 OEM-first retry completed 2026-07-26; no uninspected URL promoted.","No public direct US-market Mercedes-Benz maintenance PDF with extractable ASSYST PLUS intervals was verified; owner literature remains portal-based."
"350","mercedes-benz-eqb-2025-eqb250","2025","Mercedes-Benz","EQB","EQB250+","","luxury_ev","mercedes","ev_simplified","D","","","","","no","","","","","","0.00","v3 OEM-first retry completed 2026-07-26; no uninspected URL promoted.","No public direct US-market Mercedes-Benz maintenance PDF with extractable ASSYST PLUS intervals was verified; owner literature remains portal-based."
"351","mercedes-benz-eqb-2025-eqb300-4matic","2025","Mercedes-Benz","EQB","EQB300 4MATIC","","luxury_ev","mercedes","ev_simplified","D","","","","","no","","","","","","0.00","v3 OEM-first retry completed 2026-07-26; no uninspected URL promoted.","No public direct US-market Mercedes-Benz maintenance PDF with extractable ASSYST PLUS intervals was verified; owner literature remains portal-based."
"352","mercedes-benz-eqb-2024-eqb250","2024","Mercedes-Benz","EQB","EQB250+","","luxury_ev","mercedes","ev_simplified","D","","","","","no","","","","","","0.00","v3 OEM-first retry completed 2026-07-26; no uninspected URL promoted.","No public direct US-market Mercedes-Benz maintenance PDF with extractable ASSYST PLUS intervals was verified; owner literature remains portal-based."
"353","mercedes-benz-eqb-2024-eqb300-4matic","2024","Mercedes-Benz","EQB","EQB300 4MATIC","","luxury_ev","mercedes","ev_simplified","D","","","","","no","","","","","","0.00","v3 OEM-first retry completed 2026-07-26; no uninspected URL promoted.","No public direct US-market Mercedes-Benz maintenance PDF with extractable ASSYST PLUS intervals was verified; owner literature remains portal-based."
"354","mercedes-benz-eqb-2023-eqb250","2023","Mercedes-Benz","EQB","EQB250+","","luxury_ev","mercedes","ev_simplified","D","","","","","no","","","","","","0.00","v3 OEM-first retry completed 2026-07-26; no uninspected URL promoted.","No public direct US-market Mercedes-Benz maintenance PDF with extractable ASSYST PLUS intervals was verified; owner literature remains portal-based."
"355","mercedes-benz-eqb-2023-eqb300-4matic","2023","Mercedes-Benz","EQB","EQB300 4MATIC","","luxury_ev","mercedes","ev_simplified","D","","","","","no","","","","","","0.00","v3 OEM-first retry completed 2026-07-26; no uninspected URL promoted.","No public direct US-market Mercedes-Benz maintenance PDF with extractable ASSYST PLUS intervals was verified; owner literature remains portal-based."
"356","mercedes-benz-eqb-2022-eqb250","2022","Mercedes-Benz","EQB","EQB250+","","luxury_ev","mercedes","ev_simplified","D","","","","","no","","","","","","0.00","v3 OEM-first retry completed 2026-07-26; no uninspected URL promoted.","No public direct US-market Mercedes-Benz maintenance PDF with extractable ASSYST PLUS intervals was verified; owner literature remains portal-based."
"357","mercedes-benz-eqb-2022-eqb300-4matic","2022","Mercedes-Benz","EQB","EQB300 4MATIC","","luxury_ev","mercedes","ev_simplified","D","","","","","no","","","","","","0.00","v3 OEM-first retry completed 2026-07-26; no uninspected URL promoted.","No public direct US-market Mercedes-Benz maintenance PDF with extractable ASSYST PLUS intervals was verified; owner literature remains portal-based."
"358","mercedes-benz-eqe-2025-eqe350","2025","Mercedes-Benz","EQE","EQE350+","","luxury_ev","mercedes","ev_simplified","D","","","","","no","","","","","","0.00","v3 OEM-first retry completed 2026-07-26; no uninspected URL promoted.","No public direct US-market Mercedes-Benz maintenance PDF with extractable ASSYST PLUS intervals was verified; owner literature remains portal-based."
"359","mercedes-benz-eqe-2025-eqe350-4matic","2025","Mercedes-Benz","EQE","EQE350 4MATIC","","luxury_ev","mercedes","ev_simplified","D","","","","","no","","","","","","0.00","v3 OEM-first retry completed 2026-07-26; no uninspected URL promoted.","No public direct US-market Mercedes-Benz maintenance PDF with extractable ASSYST PLUS intervals was verified; owner literature remains portal-based."
"360","mercedes-benz-eqe-2024-eqe350","2024","Mercedes-Benz","EQE","EQE350+","","luxury_ev","mercedes","ev_simplified","D","","","","","no","","","","","","0.00","v3 OEM-first retry completed 2026-07-26; no uninspected URL promoted.","No public direct US-market Mercedes-Benz maintenance PDF with extractable ASSYST PLUS intervals was verified; owner literature remains portal-based."
"361","mercedes-benz-eqe-2024-eqe350-4matic","2024","Mercedes-Benz","EQE","EQE350 4MATIC","","luxury_ev","mercedes","ev_simplified","D","","","","","no","","","","","","0.00","v3 OEM-first retry completed 2026-07-26; no uninspected URL promoted.","No public direct US-market Mercedes-Benz maintenance PDF with extractable ASSYST PLUS intervals was verified; owner literature remains portal-based."
"362","mercedes-benz-eqe-2023-eqe350","2023","Mercedes-Benz","EQE","EQE350+","","luxury_ev","mercedes","ev_simplified","D","","","","","no","","","","","","0.00","v3 OEM-first retry completed 2026-07-26; no uninspected URL promoted.","No public direct US-market Mercedes-Benz maintenance PDF with extractable ASSYST PLUS intervals was verified; owner literature remains portal-based."
"363","mercedes-benz-eqe-2023-eqe350-4matic","2023","Mercedes-Benz","EQE","EQE350 4MATIC","","luxury_ev","mercedes","ev_simplified","D","","","","","no","","","","","","0.00","v3 OEM-first retry completed 2026-07-26; no uninspected URL promoted.","No public direct US-market Mercedes-Benz maintenance PDF with extractable ASSYST PLUS intervals was verified; owner literature remains portal-based."
"364","audi-a3-2025-premium","2025","Audi","A3","Premium","","luxury_sedan","audi","fixed_interval","D","","","","","no","","","","","","0.00","v3 OEM-first retry completed 2026-07-26; no uninspected URL promoted.","No qualifying public US-market Audi maintenance PDF was verified; NHTSA TSBs and erWin metadata pages are explicitly excluded."
"365","audi-a3-2025-premium-plus","2025","Audi","A3","Premium Plus","","luxury_sedan","audi","fixed_interval","D","","","","","no","","","","","","0.00","v3 OEM-first retry completed 2026-07-26; no uninspected URL promoted.","No qualifying public US-market Audi maintenance PDF was verified; NHTSA TSBs and erWin metadata pages are explicitly excluded."
"366","audi-a3-2025-prestige","2025","Audi","A3","Prestige","","luxury_sedan","audi","fixed_interval","D","","","","","no","","","","","","0.00","v3 OEM-first retry completed 2026-07-26; no uninspected URL promoted.","No qualifying public US-market Audi maintenance PDF was verified; NHTSA TSBs and erWin metadata pages are explicitly excluded."
"367","audi-a3-2024-premium","2024","Audi","A3","Premium","","luxury_sedan","audi","fixed_interval","D","","","","","no","","","","","","0.00","v3 OEM-first retry completed 2026-07-26; no uninspected URL promoted.","No qualifying public US-market Audi maintenance PDF was verified; NHTSA TSBs and erWin metadata pages are explicitly excluded."
"368","audi-a3-2024-premium-plus","2024","Audi","A3","Premium Plus","","luxury_sedan","audi","fixed_interval","D","","","","","no","","","","","","0.00","v3 OEM-first retry completed 2026-07-26; no uninspected URL promoted.","No qualifying public US-market Audi maintenance PDF was verified; NHTSA TSBs and erWin metadata pages are explicitly excluded."
"369","audi-a3-2024-prestige","2024","Audi","A3","Prestige","","luxury_sedan","audi","fixed_interval","D","","","","","no","","","","","","0.00","v3 OEM-first retry completed 2026-07-26; no uninspected URL promoted.","No qualifying public US-market Audi maintenance PDF was verified; NHTSA TSBs and erWin metadata pages are explicitly excluded."
"370","audi-a3-2023-premium","2023","Audi","A3","Premium","","luxury_sedan","audi","fixed_interval","D","","","","","no","","","","","","0.00","v3 OEM-first retry completed 2026-07-26; no uninspected URL promoted.","No qualifying public US-market Audi maintenance PDF was verified; NHTSA TSBs and erWin metadata pages are explicitly excluded."
"371","audi-a3-2023-premium-plus","2023","Audi","A3","Premium Plus","","luxury_sedan","audi","fixed_interval","D","","","","","no","","","","","","0.00","v3 OEM-first retry completed 2026-07-26; no uninspected URL promoted.","No qualifying public US-market Audi maintenance PDF was verified; NHTSA TSBs and erWin metadata pages are explicitly excluded."
"372","audi-a3-2023-prestige","2023","Audi","A3","Prestige","","luxury_sedan","audi","fixed_interval","D","","","","","no","","","","","","0.00","v3 OEM-first retry completed 2026-07-26; no uninspected URL promoted.","No qualifying public US-market Audi maintenance PDF was verified; NHTSA TSBs and erWin metadata pages are explicitly excluded."
"385","audi-a4-2024-premium","2024","Audi","A4","Premium","","luxury_sedan","audi","fixed_interval","D","","","","","no","","","","","","0.00","v3 OEM-first retry completed 2026-07-26; no uninspected URL promoted.","No qualifying public US-market Audi maintenance PDF was verified; NHTSA TSBs and erWin metadata pages are explicitly excluded."
"386","audi-a4-2024-premium-plus","2024","Audi","A4","Premium Plus","","luxury_sedan","audi","fixed_interval","D","","","","","no","","","","","","0.00","v3 OEM-first retry completed 2026-07-26; no uninspected URL promoted.","No qualifying public US-market Audi maintenance PDF was verified; NHTSA TSBs and erWin metadata pages are explicitly excluded."
"387","audi-a4-2024-prestige","2024","Audi","A4","Prestige","","luxury_sedan","audi","fixed_interval","D","","","","","no","","","","","","0.00","v3 OEM-first retry completed 2026-07-26; no uninspected URL promoted.","No qualifying public US-market Audi maintenance PDF was verified; NHTSA TSBs and erWin metadata pages are explicitly excluded."
"388","audi-a4-2023-premium","2023","Audi","A4","Premium","","luxury_sedan","audi","fixed_interval","D","","","","","no","","","","","","0.00","v3 OEM-first retry completed 2026-07-26; no uninspected URL promoted.","No qualifying public US-market Audi maintenance PDF was verified; NHTSA TSBs and erWin metadata pages are explicitly excluded."
"389","audi-a4-2023-premium-plus","2023","Audi","A4","Premium Plus","","luxury_sedan","audi","fixed_interval","D","","","","","no","","","","","","0.00","v3 OEM-first retry completed 2026-07-26; no uninspected URL promoted.","No qualifying public US-market Audi maintenance PDF was verified; NHTSA TSBs and erWin metadata pages are explicitly excluded."
"390","audi-a4-2023-prestige","2023","Audi","A4","Prestige","","luxury_sedan","audi","fixed_interval","D","","","","","no","","","","","","0.00","v3 OEM-first retry completed 2026-07-26; no uninspected URL promoted.","No qualifying public US-market Audi maintenance PDF was verified; NHTSA TSBs and erWin metadata pages are explicitly excluded."
"406","audi-a5-2025-premium","2025","Audi","A5","Premium","","luxury_sedan","audi","fixed_interval","D","","","","","no","","","","","","0.00","v3 OEM-first retry completed 2026-07-26; no uninspected URL promoted.","No qualifying public US-market Audi maintenance PDF was verified; NHTSA TSBs and erWin metadata pages are explicitly excluded."
"407","audi-a5-2025-premium-plus","2025","Audi","A5","Premium Plus","","luxury_sedan","audi","fixed_interval","D","","","","","no","","","","","","0.00","v3 OEM-first retry completed 2026-07-26; no uninspected URL promoted.","No qualifying public US-market Audi maintenance PDF was verified; NHTSA TSBs and erWin metadata pages are explicitly excluded."
"408","audi-a5-2025-prestige","2025","Audi","A5","Prestige","","luxury_sedan","audi","fixed_interval","D","","","","","no","","","","","","0.00","v3 OEM-first retry completed 2026-07-26; no uninspected URL promoted.","No qualifying public US-market Audi maintenance PDF was verified; NHTSA TSBs and erWin metadata pages are explicitly excluded."
"409","audi-a5-2024-premium","2024","Audi","A5","Premium","","luxury_sedan","audi","fixed_interval","D","","","","","no","","","","","","0.00","v3 OEM-first retry completed 2026-07-26; no uninspected URL promoted.","No qualifying public US-market Audi maintenance PDF was verified; NHTSA TSBs and erWin metadata pages are explicitly excluded."
"410","audi-a5-2024-premium-plus","2024","Audi","A5","Premium Plus","","luxury_sedan","audi","fixed_interval","D","","","","","no","","","","","","0.00","v3 OEM-first retry completed 2026-07-26; no uninspected URL promoted.","No qualifying public US-market Audi maintenance PDF was verified; NHTSA TSBs and erWin metadata pages are explicitly excluded."
"411","audi-a5-2024-prestige","2024","Audi","A5","Prestige","","luxury_sedan","audi","fixed_interval","D","","","","","no","","","","","","0.00","v3 OEM-first retry completed 2026-07-26; no uninspected URL promoted.","No qualifying public US-market Audi maintenance PDF was verified; NHTSA TSBs and erWin metadata pages are explicitly excluded."
"412","audi-a5-2023-premium","2023","Audi","A5","Premium","","luxury_sedan","audi","fixed_interval","D","","","","","no","","","","","","0.00","v3 OEM-first retry completed 2026-07-26; no uninspected URL promoted.","No qualifying public US-market Audi maintenance PDF was verified; NHTSA TSBs and erWin metadata pages are explicitly excluded."
"413","audi-a5-2023-premium-plus","2023","Audi","A5","Premium Plus","","luxury_sedan","audi","fixed_interval","D","","","","","no","","","","","","0.00","v3 OEM-first retry completed 2026-07-26; no uninspected URL promoted.","No qualifying public US-market Audi maintenance PDF was verified; NHTSA TSBs and erWin metadata pages are explicitly excluded."
"414","audi-a5-2023-prestige","2023","Audi","A5","Prestige","","luxury_sedan","audi","fixed_interval","D","","","","","no","","","","","","0.00","v3 OEM-first retry completed 2026-07-26; no uninspected URL promoted.","No qualifying public US-market Audi maintenance PDF was verified; NHTSA TSBs and erWin metadata pages are explicitly excluded."
"430","audi-a6-2025-premium","2025","Audi","A6","Premium","","luxury_sedan","audi","fixed_interval","D","","","","","no","","","","","","0.00","v3 OEM-first retry completed 2026-07-26; no uninspected URL promoted.","No qualifying public US-market Audi maintenance PDF was verified; NHTSA TSBs and erWin metadata pages are explicitly excluded."
"431","audi-a6-2025-premium-plus","2025","Audi","A6","Premium Plus","","luxury_sedan","audi","fixed_interval","D","","","","","no","","","","","","0.00","v3 OEM-first retry completed 2026-07-26; no uninspected URL promoted.","No qualifying public US-market Audi maintenance PDF was verified; NHTSA TSBs and erWin metadata pages are explicitly excluded."
"432","audi-a6-2025-prestige","2025","Audi","A6","Prestige","","luxury_sedan","audi","fixed_interval","D","","","","","no","","","","","","0.00","v3 OEM-first retry completed 2026-07-26; no uninspected URL promoted.","No qualifying public US-market Audi maintenance PDF was verified; NHTSA TSBs and erWin metadata pages are explicitly excluded."
"433","audi-a6-2024-premium","2024","Audi","A6","Premium","","luxury_sedan","audi","fixed_interval","D","","","","","no","","","","","","0.00","v3 OEM-first retry completed 2026-07-26; no uninspected URL promoted.","No qualifying public US-market Audi maintenance PDF was verified; NHTSA TSBs and erWin metadata pages are explicitly excluded."
"434","audi-a6-2024-premium-plus","2024","Audi","A6","Premium Plus","","luxury_sedan","audi","fixed_interval","D","","","","","no","","","","","","0.00","v3 OEM-first retry completed 2026-07-26; no uninspected URL promoted.","No qualifying public US-market Audi maintenance PDF was verified; NHTSA TSBs and erWin metadata pages are explicitly excluded."
"435","audi-a6-2024-prestige","2024","Audi","A6","Prestige","","luxury_sedan","audi","fixed_interval","D","","","","","no","","","","","","0.00","v3 OEM-first retry completed 2026-07-26; no uninspected URL promoted.","No qualifying public US-market Audi maintenance PDF was verified; NHTSA TSBs and erWin metadata pages are explicitly excluded."
"436","audi-a6-2023-premium","2023","Audi","A6","Premium","","luxury_sedan","audi","fixed_interval","D","","","","","no","","","","","","0.00","v3 OEM-first retry completed 2026-07-26; no uninspected URL promoted.","No qualifying public US-market Audi maintenance PDF was verified; NHTSA TSBs and erWin metadata pages are explicitly excluded."
"437","audi-a6-2023-premium-plus","2023","Audi","A6","Premium Plus","","luxury_sedan","audi","fixed_interval","D","","","","","no","","","","","","0.00","v3 OEM-first retry completed 2026-07-26; no uninspected URL promoted.","No qualifying public US-market Audi maintenance PDF was verified; NHTSA TSBs and erWin metadata pages are explicitly excluded."
"438","audi-a6-2023-prestige","2023","Audi","A6","Prestige","","luxury_sedan","audi","fixed_interval","D","","","","","no","","","","","","0.00","v3 OEM-first retry completed 2026-07-26; no uninspected URL promoted.","No qualifying public US-market Audi maintenance PDF was verified; NHTSA TSBs and erWin metadata pages are explicitly excluded."
"446","audi-a6-2020-premium-plus","2020","Audi","A6","Premium Plus","","luxury_sedan","audi","fixed_interval","D","","","","","no","","","","","","0.00","v3 OEM-first retry completed 2026-07-26; no uninspected URL promoted.","No qualifying public US-market Audi maintenance PDF was verified; NHTSA TSBs and erWin metadata pages are explicitly excluded."
"451","audi-q3-2025-premium","2025","Audi","Q3","Premium","","luxury_suv","audi","fixed_interval","D","","","","","no","","","","","","0.00","v3 OEM-first retry completed 2026-07-26; no uninspected URL promoted.","No qualifying public US-market Audi maintenance PDF was verified; NHTSA TSBs and erWin metadata pages are explicitly excluded."
"452","audi-q3-2025-premium-plus","2025","Audi","Q3","Premium Plus","","luxury_suv","audi","fixed_interval","D","","","","","no","","","","","","0.00","v3 OEM-first retry completed 2026-07-26; no uninspected URL promoted.","No qualifying public US-market Audi maintenance PDF was verified; NHTSA TSBs and erWin metadata pages are explicitly excluded."
"453","audi-q3-2025-prestige","2025","Audi","Q3","Prestige","","luxury_suv","audi","fixed_interval","D","","","","","no","","","","","","0.00","v3 OEM-first retry completed 2026-07-26; no uninspected URL promoted.","No qualifying public US-market Audi maintenance PDF was verified; NHTSA TSBs and erWin metadata pages are explicitly excluded."
"454","audi-q3-2024-premium","2024","Audi","Q3","Premium","","luxury_suv","audi","fixed_interval","D","","","","","no","","","","","","0.00","v3 OEM-first retry completed 2026-07-26; no uninspected URL promoted.","No qualifying public US-market Audi maintenance PDF was verified; NHTSA TSBs and erWin metadata pages are explicitly excluded."
"455","audi-q3-2024-premium-plus","2024","Audi","Q3","Premium Plus","","luxury_suv","audi","fixed_interval","D","","","","","no","","","","","","0.00","v3 OEM-first retry completed 2026-07-26; no uninspected URL promoted.","No qualifying public US-market Audi maintenance PDF was verified; NHTSA TSBs and erWin metadata pages are explicitly excluded."
"456","audi-q3-2024-prestige","2024","Audi","Q3","Prestige","","luxury_suv","audi","fixed_interval","D","","","","","no","","","","","","0.00","v3 OEM-first retry completed 2026-07-26; no uninspected URL promoted.","No qualifying public US-market Audi maintenance PDF was verified; NHTSA TSBs and erWin metadata pages are explicitly excluded."
"457","audi-q3-2023-premium","2023","Audi","Q3","Premium","","luxury_suv","audi","fixed_interval","D","","","","","no","","","","","","0.00","v3 OEM-first retry completed 2026-07-26; no uninspected URL promoted.","No qualifying public US-market Audi maintenance PDF was verified; NHTSA TSBs and erWin metadata pages are explicitly excluded."
"458","audi-q3-2023-premium-plus","2023","Audi","Q3","Premium Plus","","luxury_suv","audi","fixed_interval","D","","","","","no","","","","","","0.00","v3 OEM-first retry completed 2026-07-26; no uninspected URL promoted.","No qualifying public US-market Audi maintenance PDF was verified; NHTSA TSBs and erWin metadata pages are explicitly excluded."
"459","audi-q3-2023-prestige","2023","Audi","Q3","Prestige","","luxury_suv","audi","fixed_interval","D","","","","","no","","","","","","0.00","v3 OEM-first retry completed 2026-07-26; no uninspected URL promoted.","No qualifying public US-market Audi maintenance PDF was verified; NHTSA TSBs and erWin metadata pages are explicitly excluded."
"472","audi-q5-2025-premium","2025","Audi","Q5","Premium","","luxury_suv","audi","fixed_interval","D","","","","","no","","","","","","0.00","v3 OEM-first retry completed 2026-07-26; no uninspected URL promoted.","No qualifying public US-market Audi maintenance PDF was verified; NHTSA TSBs and erWin metadata pages are explicitly excluded."
"473","audi-q5-2025-premium-plus","2025","Audi","Q5","Premium Plus","","luxury_suv","audi","fixed_interval","D","","","","","no","","","","","","0.00","v3 OEM-first retry completed 2026-07-26; no uninspected URL promoted.","No qualifying public US-market Audi maintenance PDF was verified; NHTSA TSBs and erWin metadata pages are explicitly excluded."
"474","audi-q5-2025-prestige","2025","Audi","Q5","Prestige","","luxury_suv","audi","fixed_interval","D","","","","","no","","","","","","0.00","v3 OEM-first retry completed 2026-07-26; no uninspected URL promoted.","No qualifying public US-market Audi maintenance PDF was verified; NHTSA TSBs and erWin metadata pages are explicitly excluded."
"475","audi-q5-2024-premium","2024","Audi","Q5","Premium","","luxury_suv","audi","fixed_interval","D","","","","","no","","","","","","0.00","v3 OEM-first retry completed 2026-07-26; no uninspected URL promoted.","No qualifying public US-market Audi maintenance PDF was verified; NHTSA TSBs and erWin metadata pages are explicitly excluded."
"476","audi-q5-2024-premium-plus","2024","Audi","Q5","Premium Plus","","luxury_suv","audi","fixed_interval","D","","","","","no","","","","","","0.00","v3 OEM-first retry completed 2026-07-26; no uninspected URL promoted.","No qualifying public US-market Audi maintenance PDF was verified; NHTSA TSBs and erWin metadata pages are explicitly excluded."
"477","audi-q5-2024-prestige","2024","Audi","Q5","Prestige","","luxury_suv","audi","fixed_interval","D","","","","","no","","","","","","0.00","v3 OEM-first retry completed 2026-07-26; no uninspected URL promoted.","No qualifying public US-market Audi maintenance PDF was verified; NHTSA TSBs and erWin metadata pages are explicitly excluded."
"478","audi-q5-2023-premium","2023","Audi","Q5","Premium","","luxury_suv","audi","fixed_interval","D","","","","","no","","","","","","0.00","v3 OEM-first retry completed 2026-07-26; no uninspected URL promoted.","No qualifying public US-market Audi maintenance PDF was verified; NHTSA TSBs and erWin metadata pages are explicitly excluded."
"479","audi-q5-2023-premium-plus","2023","Audi","Q5","Premium Plus","","luxury_suv","audi","fixed_interval","D","","","","","no","","","","","","0.00","v3 OEM-first retry completed 2026-07-26; no uninspected URL promoted.","No qualifying public US-market Audi maintenance PDF was verified; NHTSA TSBs and erWin metadata pages are explicitly excluded."
"480","audi-q5-2023-prestige","2023","Audi","Q5","Prestige","","luxury_suv","audi","fixed_interval","D","","","","","no","","","","","","0.00","v3 OEM-first retry completed 2026-07-26; no uninspected URL promoted.","No qualifying public US-market Audi maintenance PDF was verified; NHTSA TSBs and erWin metadata pages are explicitly excluded."
"496","audi-q7-2025-premium","2025","Audi","Q7","Premium","","luxury_suv","audi","fixed_interval","D","","","","","no","","","","","","0.00","v3 OEM-first retry completed 2026-07-26; no uninspected URL promoted.","No qualifying public US-market Audi maintenance PDF was verified; NHTSA TSBs and erWin metadata pages are explicitly excluded."
"497","audi-q7-2025-premium-plus","2025","Audi","Q7","Premium Plus","","luxury_suv","audi","fixed_interval","D","","","","","no","","","","","","0.00","v3 OEM-first retry completed 2026-07-26; no uninspected URL promoted.","No qualifying public US-market Audi maintenance PDF was verified; NHTSA TSBs and erWin metadata pages are explicitly excluded."
"498","audi-q7-2025-prestige","2025","Audi","Q7","Prestige","","luxury_suv","audi","fixed_interval","D","","","","","no","","","","","","0.00","v3 OEM-first retry completed 2026-07-26; no uninspected URL promoted.","No qualifying public US-market Audi maintenance PDF was verified; NHTSA TSBs and erWin metadata pages are explicitly excluded."
"499","audi-q7-2024-premium","2024","Audi","Q7","Premium","","luxury_suv","audi","fixed_interval","D","","","","","no","","","","","","0.00","v3 OEM-first retry completed 2026-07-26; no uninspected URL promoted.","No qualifying public US-market Audi maintenance PDF was verified; NHTSA TSBs and erWin metadata pages are explicitly excluded."
"500","audi-q7-2024-premium-plus","2024","Audi","Q7","Premium Plus","","luxury_suv","audi","fixed_interval","D","","","","","no","","","","","","0.00","v3 OEM-first retry completed 2026-07-26; no uninspected URL promoted.","No qualifying public US-market Audi maintenance PDF was verified; NHTSA TSBs and erWin metadata pages are explicitly excluded."
"501","audi-q7-2024-prestige","2024","Audi","Q7","Prestige","","luxury_suv","audi","fixed_interval","D","","","","","no","","","","","","0.00","v3 OEM-first retry completed 2026-07-26; no uninspected URL promoted.","No qualifying public US-market Audi maintenance PDF was verified; NHTSA TSBs and erWin metadata pages are explicitly excluded."
"502","audi-q7-2023-premium","2023","Audi","Q7","Premium","","luxury_suv","audi","fixed_interval","D","","","","","no","","","","","","0.00","v3 OEM-first retry completed 2026-07-26; no uninspected URL promoted.","No qualifying public US-market Audi maintenance PDF was verified; NHTSA TSBs and erWin metadata pages are explicitly excluded."
"503","audi-q7-2023-premium-plus","2023","Audi","Q7","Premium Plus","","luxury_suv","audi","fixed_interval","D","","","","","no","","","","","","0.00","v3 OEM-first retry completed 2026-07-26; no uninspected URL promoted.","No qualifying public US-market Audi maintenance PDF was verified; NHTSA TSBs and erWin metadata pages are explicitly excluded."
"504","audi-q7-2023-prestige","2023","Audi","Q7","Prestige","","luxury_suv","audi","fixed_interval","D","","","","","no","","","","","","0.00","v3 OEM-first retry completed 2026-07-26; no uninspected URL promoted.","No qualifying public US-market Audi maintenance PDF was verified; NHTSA TSBs and erWin metadata pages are explicitly excluded."
"516","audi-q7-2019-prestige","2019","Audi","Q7","Prestige","","luxury_suv","audi","fixed_interval","D","","","","","no","","","","","","0.00","v3 OEM-first retry completed 2026-07-26; no uninspected URL promoted.","No qualifying public US-market Audi maintenance PDF was verified; NHTSA TSBs and erWin metadata pages are explicitly excluded."
"520","audi-q8-2025-premium","2025","Audi","Q8","Premium","","luxury_suv","audi","fixed_interval","D","","","","","no","","","","","","0.00","v3 OEM-first retry completed 2026-07-26; no uninspected URL promoted.","No qualifying public US-market Audi maintenance PDF was verified; NHTSA TSBs and erWin metadata pages are explicitly excluded."
"521","audi-q8-2025-premium-plus","2025","Audi","Q8","Premium Plus","","luxury_suv","audi","fixed_interval","D","","","","","no","","","","","","0.00","v3 OEM-first retry completed 2026-07-26; no uninspected URL promoted.","No qualifying public US-market Audi maintenance PDF was verified; NHTSA TSBs and erWin metadata pages are explicitly excluded."
"522","audi-q8-2024-premium","2024","Audi","Q8","Premium","","luxury_suv","audi","fixed_interval","D","","","","","no","","","","","","0.00","v3 OEM-first retry completed 2026-07-26; no uninspected URL promoted.","No qualifying public US-market Audi maintenance PDF was verified; NHTSA TSBs and erWin metadata pages are explicitly excluded."
"523","audi-q8-2024-premium-plus","2024","Audi","Q8","Premium Plus","","luxury_suv","audi","fixed_interval","D","","","","","no","","","","","","0.00","v3 OEM-first retry completed 2026-07-26; no uninspected URL promoted.","No qualifying public US-market Audi maintenance PDF was verified; NHTSA TSBs and erWin metadata pages are explicitly excluded."
"524","audi-q8-2023-premium","2023","Audi","Q8","Premium","","luxury_suv","audi","fixed_interval","D","","","","","no","","","","","","0.00","v3 OEM-first retry completed 2026-07-26; no uninspected URL promoted.","No qualifying public US-market Audi maintenance PDF was verified; NHTSA TSBs and erWin metadata pages are explicitly excluded."
"525","audi-q8-2023-premium-plus","2023","Audi","Q8","Premium Plus","","luxury_suv","audi","fixed_interval","D","","","","","no","","","","","","0.00","v3 OEM-first retry completed 2026-07-26; no uninspected URL promoted.","No qualifying public US-market Audi maintenance PDF was verified; NHTSA TSBs and erWin metadata pages are explicitly excluded."
"531","audi-q8-2020-premium-plus","2020","Audi","Q8","Premium Plus","","luxury_suv","audi","fixed_interval","D","","","","","no","","","","","","0.00","v3 OEM-first retry completed 2026-07-26; no uninspected URL promoted.","No qualifying public US-market Audi maintenance PDF was verified; NHTSA TSBs and erWin metadata pages are explicitly excluded."
"532","audi-e-tron-2023-premium-plus","2023","Audi","e-tron","Premium Plus","","luxury_ev","audi","ev_simplified","D","","","","","no","","","","","","0.00","v3 OEM-first retry completed 2026-07-26; no uninspected URL promoted.","No qualifying public US-market Audi maintenance PDF was verified; NHTSA TSBs and erWin metadata pages are explicitly excluded."
"533","audi-e-tron-2023-prestige","2023","Audi","e-tron","Prestige","","luxury_ev","audi","ev_simplified","D","","","","","no","","","","","","0.00","v3 OEM-first retry completed 2026-07-26; no uninspected URL promoted.","No qualifying public US-market Audi maintenance PDF was verified; NHTSA TSBs and erWin metadata pages are explicitly excluded."
"542","audi-q4-e-tron-2025-premium-plus","2025","Audi","Q4 e-tron","Premium Plus","","luxury_ev","audi","ev_simplified","D","","","","","no","","","","","","0.00","v3 OEM-first retry completed 2026-07-26; no uninspected URL promoted.","No qualifying public US-market Audi maintenance PDF was verified; NHTSA TSBs and erWin metadata pages are explicitly excluded."
"543","audi-q4-e-tron-2025-prestige","2025","Audi","Q4 e-tron","Prestige","","luxury_ev","audi","ev_simplified","D","","","","","no","","","","","","0.00","v3 OEM-first retry completed 2026-07-26; no uninspected URL promoted.","No qualifying public US-market Audi maintenance PDF was verified; NHTSA TSBs and erWin metadata pages are explicitly excluded."
"544","audi-q4-e-tron-2024-premium-plus","2024","Audi","Q4 e-tron","Premium Plus","","luxury_ev","audi","ev_simplified","D","","","","","no","","","","","","0.00","v3 OEM-first retry completed 2026-07-26; no uninspected URL promoted.","No qualifying public US-market Audi maintenance PDF was verified; NHTSA TSBs and erWin metadata pages are explicitly excluded."
"545","audi-q4-e-tron-2024-prestige","2024","Audi","Q4 e-tron","Prestige","","luxury_ev","audi","ev_simplified","D","","","","","no","","","","","","0.00","v3 OEM-first retry completed 2026-07-26; no uninspected URL promoted.","No qualifying public US-market Audi maintenance PDF was verified; NHTSA TSBs and erWin metadata pages are explicitly excluded."
"546","audi-q4-e-tron-2023-premium-plus","2023","Audi","Q4 e-tron","Premium Plus","","luxury_ev","audi","ev_simplified","D","","","","","no","","","","","","0.00","v3 OEM-first retry completed 2026-07-26; no uninspected URL promoted.","No qualifying public US-market Audi maintenance PDF was verified; NHTSA TSBs and erWin metadata pages are explicitly excluded."
"547","audi-q4-e-tron-2023-prestige","2023","Audi","Q4 e-tron","Prestige","","luxury_ev","audi","ev_simplified","D","","","","","no","","","","","","0.00","v3 OEM-first retry completed 2026-07-26; no uninspected URL promoted.","No qualifying public US-market Audi maintenance PDF was verified; NHTSA TSBs and erWin metadata pages are explicitly excluded."
"564","lexus-is-2021-500-f-sport","2021","Lexus","IS","500 F Sport","","luxury_sedan","lexus","fixed_interval","B","https://assets.sia.toyota.com/publications/en/omms-s/L-MMS-21IS300/pdf/L-MMS-21IS300.pdf","","Owner manual / maintenance booklet","Scheduled Maintenance","no","","82","200","application/pdf","00c1c10a5ee808d40ff2594c71231eee4bc0d262fb16a5a817bcc147af55255f","0.96","v3 retry validation passed 2026-07-26: HTTP 200, application/pdf, %PDF magic, 1304083 bytes, SHA-256 00c1c10a5ee808d40ff2594c71231eee4bc0d262fb16a5a817bcc147af55255f. OEM host assets.sia.toyota.com; extracted text confirms 2021 IS applicability and a complete maintenance section. Primary validation row for this document.",""
"567","lexus-is-2020-500-f-sport","2020","Lexus","IS","500 F Sport","","luxury_sedan","lexus","fixed_interval","B","https://assets.sia.toyota.com/publications/en/omms-s/L-MMS-20IS300/pdf/L-MMS-20IS300.pdf","","Owner manual / maintenance booklet","Scheduled Maintenance","no","","82","200","application/pdf","1fde33e2026e3bbaf07cb42d7f557b7ef4ee79bff0e9e4496add4cf1b200dd19","0.96","v3 retry validation passed 2026-07-26: HTTP 200, application/pdf, %PDF magic, 883623 bytes, SHA-256 1fde33e2026e3bbaf07cb42d7f557b7ef4ee79bff0e9e4496add4cf1b200dd19. OEM host assets.sia.toyota.com; extracted text confirms 2020 IS applicability and a complete maintenance section. Primary validation row for this document.",""
"570","lexus-is-2019-500-f-sport","2019","Lexus","IS","500 F Sport","","luxury_sedan","lexus","fixed_interval","B","https://assets.sia.toyota.com/publications/en/omms-s/L-MMS-19IS300/pdf/L-MMS-19IS300.pdf","","Owner manual / maintenance booklet","Scheduled Maintenance","no","","80","200","application/pdf","7def41c31ce53bd532feded5473ef5d2870a01a1213fcc4763779a0df5a1044d","0.96","v3 retry validation passed 2026-07-26: HTTP 200, application/pdf, %PDF magic, 996244 bytes, SHA-256 7def41c31ce53bd532feded5473ef5d2870a01a1213fcc4763779a0df5a1044d. OEM host assets.sia.toyota.com; extracted text confirms 2019 IS applicability and a complete maintenance section. Primary validation row for this document.",""
"591","lexus-es-2020-250","2020","Lexus","ES","250","","luxury_sedan","lexus","fixed_interval","B","https://assets.sia.toyota.com/publications/en/omms-s/L-MMS-20ES350/pdf/L-MMS-20ES350.pdf","","Owner manual / maintenance booklet","Scheduled Maintenance","no","","82","200","application/pdf","b47956de9572621e00bc8942a68f5bae2447d01b239e6975fdbe94824be0b44e","0.96","v3 retry validation passed 2026-07-26: HTTP 200, application/pdf, %PDF magic, 1332726 bytes, SHA-256 b47956de9572621e00bc8942a68f5bae2447d01b239e6975fdbe94824be0b44e. OEM host assets.sia.toyota.com; extracted text confirms 2020 ES applicability and a complete maintenance section. Primary validation row for this document.",""
"595","lexus-es-2019-250","2019","Lexus","ES","250","","luxury_sedan","lexus","fixed_interval","B","https://assets.sia.toyota.com/publications/en/omms-s/L-MMS-19ES300H/pdf/L-MMS-19ES300H.pdf","","Owner manual / maintenance booklet","Scheduled Maintenance","no","","81","200","application/pdf","c96a549009c7ffa0c644bd9285b686200910571752371cd520dc36d923c6f5e0","0.96","v3 retry validation passed 2026-07-26: HTTP 200, application/pdf, %PDF magic, 964548 bytes, SHA-256 c96a549009c7ffa0c644bd9285b686200910571752371cd520dc36d923c6f5e0. OEM host assets.sia.toyota.com; extracted text confirms 2019 ES applicability and a complete maintenance section. Primary validation row for this document.",""
"600","lexus-rx-2025-350l","2025","Lexus","RX","350L","","luxury_suv","lexus","fixed_interval","B","https://assets.sia.toyota.com/publications/en/omms-s/L-MMS-25RX350/pdf/L-MMS-25RX350.pdf","","Owner manual / maintenance booklet","Scheduled Maintenance","no","","63","200","application/pdf","a0b90a9eb6dccf2586598d786b20120c6ba858bbaa4ac1e4f5fd7e4160b68891","0.96","v3 retry validation passed 2026-07-26: HTTP 200, application/pdf, %PDF magic, 437465 bytes, SHA-256 a0b90a9eb6dccf2586598d786b20120c6ba858bbaa4ac1e4f5fd7e4160b68891. OEM host assets.sia.toyota.com; extracted text confirms 2025 RX applicability and a complete maintenance section. Primary validation row for this document.",""
"602","lexus-rx-2025-450h-hybrid","2025","Lexus","RX","450h","Hybrid","luxury_suv","lexus","fixed_interval","B","https://assets.sia.toyota.com/publications/en/omms-s/L-MMS-25RX350/pdf/L-MMS-25RX350.pdf","","Owner manual / maintenance booklet","Scheduled Maintenance","yes","lexus-rx-2025-350l","63","200","application/pdf","a0b90a9eb6dccf2586598d786b20120c6ba858bbaa4ac1e4f5fd7e4160b68891","0.88","v3 retry validation passed 2026-07-26: HTTP 200, application/pdf, %PDF magic, 437465 bytes, SHA-256 a0b90a9eb6dccf2586598d786b20120c6ba858bbaa4ac1e4f5fd7e4160b68891. OEM host assets.sia.toyota.com; extracted text confirms 2025 RX applicability and a complete maintenance section. Same validated document shared from lexus-rx-2025-350l.",""
"604","lexus-rx-2024-350l","2024","Lexus","RX","350L","","luxury_suv","lexus","fixed_interval","B","https://assets.sipb.toyota.com/publications/en/omms-s/L-MMS-24RX350/pdf/L-MMS-24RX350.pdf","","Owner manual / maintenance booklet","Scheduled Maintenance","no","","82","200","application/pdf","5b6f204491c5697c8d0bb94a5a71f1ec301249db0c947b951fbf671f1e0d7db0","0.96","v3 retry validation passed 2026-07-26: HTTP 200, application/pdf, %PDF magic, 764946 bytes, SHA-256 5b6f204491c5697c8d0bb94a5a71f1ec301249db0c947b951fbf671f1e0d7db0. OEM host assets.sipb.toyota.com; extracted text confirms 2024 RX applicability and a complete maintenance section. Primary validation row for this document.",""
"606","lexus-rx-2024-450h-hybrid","2024","Lexus","RX","450h","Hybrid","luxury_suv","lexus","fixed_interval","B","https://assets.sipb.toyota.com/publications/en/omms-s/L-MMS-24RX350/pdf/L-MMS-24RX350.pdf","","Owner manual / maintenance booklet","Scheduled Maintenance","yes","lexus-rx-2024-350l","82","200","application/pdf","5b6f204491c5697c8d0bb94a5a71f1ec301249db0c947b951fbf671f1e0d7db0","0.88","v3 retry validation passed 2026-07-26: HTTP 200, application/pdf, %PDF magic, 764946 bytes, SHA-256 5b6f204491c5697c8d0bb94a5a71f1ec301249db0c947b951fbf671f1e0d7db0. OEM host assets.sipb.toyota.com; extracted text confirms 2024 RX applicability and a complete maintenance section. Same validated document shared from lexus-rx-2024-350l.",""
"608","lexus-rx-2023-350l","2023","Lexus","RX","350L","","luxury_suv","lexus","fixed_interval","B","https://assets.sia.toyota.com/publications/en/omms-s/L-MMS-23RX350/pdf/L-MMS-23RX350.pdf","","Owner manual / maintenance booklet","Scheduled Maintenance","no","","81","200","application/pdf","efa2651e91ca7c70eca85e11696d715a1b590ecd8fe68bb8d0eea30a0b53a278","0.96","v3 retry validation passed 2026-07-26: HTTP 200, application/pdf, %PDF magic, 637325 bytes, SHA-256 efa2651e91ca7c70eca85e11696d715a1b590ecd8fe68bb8d0eea30a0b53a278. OEM host assets.sia.toyota.com; extracted text confirms 2023 RX applicability and a complete maintenance section. Primary validation row for this document.",""
"610","lexus-rx-2023-450h-hybrid","2023","Lexus","RX","450h","Hybrid","luxury_suv","lexus","fixed_interval","B","https://assets.sia.toyota.com/publications/en/omms-s/L-MMS-23RX350/pdf/L-MMS-23RX350.pdf","","Owner manual / maintenance booklet","Scheduled Maintenance","yes","lexus-rx-2023-350l","81","200","application/pdf","efa2651e91ca7c70eca85e11696d715a1b590ecd8fe68bb8d0eea30a0b53a278","0.88","v3 retry validation passed 2026-07-26: HTTP 200, application/pdf, %PDF magic, 637325 bytes, SHA-256 efa2651e91ca7c70eca85e11696d715a1b590ecd8fe68bb8d0eea30a0b53a278. OEM host assets.sia.toyota.com; extracted text confirms 2023 RX applicability and a complete maintenance section. Same validated document shared from lexus-rx-2023-350l.",""
"613","lexus-rx-2022-500h","2022","Lexus","RX","500h","","luxury_suv","lexus","fixed_interval","B","https://assets.sia.toyota.com/publications/en/omms-s/L-MMS-22RX350/pdf/L-MMS-22RX350.pdf","","Owner manual / maintenance booklet","Scheduled Maintenance","no","","79","200","application/pdf","49ee1abbc1f134ecea111d332d596da9c9f54b99e1708198e0cdf5d4d1bb7326","0.96","v3 retry validation passed 2026-07-26: HTTP 200, application/pdf, %PDF magic, 500372 bytes, SHA-256 49ee1abbc1f134ecea111d332d596da9c9f54b99e1708198e0cdf5d4d1bb7326. OEM host assets.sia.toyota.com; extracted text confirms 2022 RX applicability and a complete maintenance section. Primary validation row for this document.",""
"617","lexus-rx-2021-500h","2021","Lexus","RX","500h","","luxury_suv","lexus","fixed_interval","B","https://assets.sia.toyota.com/publications/en/omms-s/L-MMS-21RX450H/pdf/L-MMS-21RX450H.pdf","","Owner manual / maintenance booklet","Scheduled Maintenance","no","","81","200","application/pdf","2fbe2fea9a8d518389126604c2414ea605e535e0abe522bb4c821633136c4f17","0.96","v3 retry validation passed 2026-07-26: HTTP 200, application/pdf, %PDF magic, 811220 bytes, SHA-256 2fbe2fea9a8d518389126604c2414ea605e535e0abe522bb4c821633136c4f17. OEM host assets.sia.toyota.com; extracted text confirms 2021 RX applicability and a complete maintenance section. Primary validation row for this document.",""
"621","lexus-rx-2020-500h","2020","Lexus","RX","500h","","luxury_suv","lexus","fixed_interval","B","https://assets.sia.toyota.com/publications/en/omms-s/L-MMS-20RX450h/pdf/L-MMS-20RX450h.pdf","","Owner manual / maintenance booklet","Scheduled Maintenance","no","","81","200","application/pdf","34278d5d0d1472cf24674a5e5f6d1b64a8c673746b54e9c994a4d60753c7ab22","0.96","v3 retry validation passed 2026-07-26: HTTP 200, application/pdf, %PDF magic, 799373 bytes, SHA-256 34278d5d0d1472cf24674a5e5f6d1b64a8c673746b54e9c994a4d60753c7ab22. OEM host assets.sia.toyota.com; extracted text confirms 2020 RX applicability and a complete maintenance section. Primary validation row for this document.",""
"625","lexus-rx-2019-500h","2019","Lexus","RX","500h","","luxury_suv","lexus","fixed_interval","B","https://assets.sia.toyota.com/publications/en/omms-s/L-MMS-19RX350/pdf/L-MMS-19RX350.pdf","","Owner manual / maintenance booklet","Scheduled Maintenance","no","","82","200","application/pdf","26a0c70f9434499368fdaa3f268501fbe1ef704637b053c894f3254a8740e911","0.96","v3 retry validation passed 2026-07-26: HTTP 200, application/pdf, %PDF magic, 1200057 bytes, SHA-256 26a0c70f9434499368fdaa3f268501fbe1ef704637b053c894f3254a8740e911. OEM host assets.sia.toyota.com; extracted text confirms 2019 RX applicability and a complete maintenance section. Primary validation row for this document.",""
"626","lexus-rx-2019-450h-hybrid","2019","Lexus","RX","450h","Hybrid","luxury_suv","lexus","fixed_interval","B","https://assets.sia.toyota.com/publications/en/omms-s/L-MMS-19RX350/pdf/L-MMS-19RX350.pdf","","Owner manual / maintenance booklet","Scheduled Maintenance","yes","lexus-rx-2019-500h","82","200","application/pdf","26a0c70f9434499368fdaa3f268501fbe1ef704637b053c894f3254a8740e911","0.88","v3 retry validation passed 2026-07-26: HTTP 200, application/pdf, %PDF magic, 1200057 bytes, SHA-256 26a0c70f9434499368fdaa3f268501fbe1ef704637b053c894f3254a8740e911. OEM host assets.sia.toyota.com; extracted text confirms 2019 RX applicability and a complete maintenance section. Same validated document shared from lexus-rx-2019-500h.",""
"629","lexus-rx-2018-500h","2018","Lexus","RX","500h","","luxury_suv","lexus","fixed_interval","B","https://assets.sia.toyota.com/publications/en/omms-s/L-MMS-18RX350/pdf/L-MMS-18RX350.pdf","","Owner manual / maintenance booklet","Scheduled Maintenance","no","","80","200","application/pdf","43e7c99668aac4b2db7570020222919a7c9f655c089b457586c12239c9965de7","0.96","v3 retry validation passed 2026-07-26: HTTP 200, application/pdf, %PDF magic, 1028635 bytes, SHA-256 43e7c99668aac4b2db7570020222919a7c9f655c089b457586c12239c9965de7. OEM host assets.sia.toyota.com; extracted text confirms 2018 RX applicability and a complete maintenance section. Primary validation row for this document.",""
"630","lexus-rx-2018-450h-hybrid","2018","Lexus","RX","450h","Hybrid","luxury_suv","lexus","fixed_interval","B","https://assets.sia.toyota.com/publications/en/omms-s/L-MMS-18RX350/pdf/L-MMS-18RX350.pdf","","Owner manual / maintenance booklet","Scheduled Maintenance","yes","lexus-rx-2018-500h","80","200","application/pdf","43e7c99668aac4b2db7570020222919a7c9f655c089b457586c12239c9965de7","0.88","v3 retry validation passed 2026-07-26: HTTP 200, application/pdf, %PDF magic, 1028635 bytes, SHA-256 43e7c99668aac4b2db7570020222919a7c9f655c089b457586c12239c9965de7. OEM host assets.sia.toyota.com; extracted text confirms 2018 RX applicability and a complete maintenance section. Same validated document shared from lexus-rx-2018-500h.",""
"633","lexus-nx-2025-350h","2025","Lexus","NX","350h","","luxury_suv","lexus","fixed_interval","B","https://assets.sia.toyota.com/publications/en/omms-s/L-MMS-25NX250NX350/pdf/L-MMS-25NX250NX350.pdf","","Owner manual / maintenance booklet","Scheduled Maintenance","no","","69","200","application/pdf","b477edd60b62d264b8667f9b88656671f85b667b5d211bc76efa2a9c6560baf9","0.96","v3 retry validation passed 2026-07-26: HTTP 200, application/pdf, %PDF magic, 1039155 bytes, SHA-256 b477edd60b62d264b8667f9b88656671f85b667b5d211bc76efa2a9c6560baf9. OEM host assets.sia.toyota.com; extracted text confirms 2025 NX applicability and a complete maintenance section. Primary validation row for this document.",""
"634","lexus-nx-2025-450h-phev","2025","Lexus","NX","450h+","PHEV","luxury_suv","lexus","fixed_interval","B","https://assets.sia.toyota.com/publications/en/omms-s/L-MMS-25NX250NX350/pdf/L-MMS-25NX250NX350.pdf","","Owner manual / maintenance booklet","Scheduled Maintenance","yes","lexus-nx-2025-350h","69","200","application/pdf","b477edd60b62d264b8667f9b88656671f85b667b5d211bc76efa2a9c6560baf9","0.88","v3 retry validation passed 2026-07-26: HTTP 200, application/pdf, %PDF magic, 1039155 bytes, SHA-256 b477edd60b62d264b8667f9b88656671f85b667b5d211bc76efa2a9c6560baf9. OEM host assets.sia.toyota.com; extracted text confirms 2025 NX applicability and a complete maintenance section. Same validated document shared from lexus-nx-2025-350h.",""
"637","lexus-nx-2024-350h","2024","Lexus","NX","350h","","luxury_suv","lexus","fixed_interval","B","https://assets.sia.toyota.com/publications/en/omms-s/L-MMS-24NX250NX350/pdf/L-MMS-24NX250NX350.pdf","","Owner manual / maintenance booklet","Scheduled Maintenance","no","","81","200","application/pdf","12e3ada8f9531ad3d9c56a2ff87c8c832ae2f0b50ec45f993f1318457e1c2864","0.96","v3 retry validation passed 2026-07-26: HTTP 200, application/pdf, %PDF magic, 999438 bytes, SHA-256 12e3ada8f9531ad3d9c56a2ff87c8c832ae2f0b50ec45f993f1318457e1c2864. OEM host assets.sia.toyota.com; extracted text confirms 2024 NX applicability and a complete maintenance section. Primary validation row for this document.",""
"638","lexus-nx-2024-450h-phev","2024","Lexus","NX","450h+","PHEV","luxury_suv","lexus","fixed_interval","B","https://assets.sia.toyota.com/publications/en/omms-s/L-MMS-24NX250NX350/pdf/L-MMS-24NX250NX350.pdf","","Owner manual / maintenance booklet","Scheduled Maintenance","yes","lexus-nx-2024-350h","81","200","application/pdf","12e3ada8f9531ad3d9c56a2ff87c8c832ae2f0b50ec45f993f1318457e1c2864","0.88","v3 retry validation passed 2026-07-26: HTTP 200, application/pdf, %PDF magic, 999438 bytes, SHA-256 12e3ada8f9531ad3d9c56a2ff87c8c832ae2f0b50ec45f993f1318457e1c2864. OEM host assets.sia.toyota.com; extracted text confirms 2024 NX applicability and a complete maintenance section. Same validated document shared from lexus-nx-2024-350h.",""
"639","lexus-nx-2023-250","2023","Lexus","NX","250","","luxury_suv","lexus","fixed_interval","B","https://assets.sia.toyota.com/publications/en/omms-s/L-MMS-23NX450H/pdf/L-MMS-23NX450H.pdf","","Owner manual / maintenance booklet","Scheduled Maintenance","no","","83","200","application/pdf","4f31703ae2853e974074e75945651d7c5972aeb64cc45aac797350d5717cbf0d","0.96","v3 retry validation passed 2026-07-26: HTTP 200, application/pdf, %PDF magic, 806341 bytes, SHA-256 4f31703ae2853e974074e75945651d7c5972aeb64cc45aac797350d5717cbf0d. OEM host assets.sia.toyota.com; extracted text confirms 2023 NX applicability and a complete maintenance section. Primary validation row for this document.",""
"640","lexus-nx-2023-350","2023","Lexus","NX","350","","luxury_suv","lexus","fixed_interval","B","https://assets.sia.toyota.com/publications/en/omms-s/L-MMS-23NX450H/pdf/L-MMS-23NX450H.pdf","","Owner manual / maintenance booklet","Scheduled Maintenance","yes","lexus-nx-2023-250","83","200","application/pdf","4f31703ae2853e974074e75945651d7c5972aeb64cc45aac797350d5717cbf0d","0.88","v3 retry validation passed 2026-07-26: HTTP 200, application/pdf, %PDF magic, 806341 bytes, SHA-256 4f31703ae2853e974074e75945651d7c5972aeb64cc45aac797350d5717cbf0d. OEM host assets.sia.toyota.com; extracted text confirms 2023 NX applicability and a complete maintenance section. Same validated document shared from lexus-nx-2023-250.",""
"643","lexus-nx-2022-250","2022","Lexus","NX","250","","luxury_suv","lexus","fixed_interval","D","","","","","no","","","","","","0.00","v3 OEM-first retry completed 2026-07-26; no uninspected URL promoted.","No qualifying public US-market OEM or attributable mirror PDF passed byte, identity, and maintenance-section validation for this exact model year/model. Candidate checks: request-failed: fetch failed."
"644","lexus-nx-2022-350","2022","Lexus","NX","350","","luxury_suv","lexus","fixed_interval","D","","","","","no","","","","","","0.00","v3 OEM-first retry completed 2026-07-26; no uninspected URL promoted.","No qualifying public US-market OEM or attributable mirror PDF passed byte, identity, and maintenance-section validation for this exact model year/model. Candidate checks: request-failed: fetch failed."
"645","lexus-nx-2022-350h","2022","Lexus","NX","350h","","luxury_suv","lexus","fixed_interval","D","","","","","no","","","","","","0.00","v3 OEM-first retry completed 2026-07-26; no uninspected URL promoted.","No qualifying public US-market OEM or attributable mirror PDF passed byte, identity, and maintenance-section validation for this exact model year/model. Candidate checks: request-failed: fetch failed."
"646","lexus-nx-2022-450h-phev","2022","Lexus","NX","450h+","PHEV","luxury_suv","lexus","fixed_interval","D","","","","","no","","","","","","0.00","v3 OEM-first retry completed 2026-07-26; no uninspected URL promoted.","No qualifying public US-market OEM or attributable mirror PDF passed byte, identity, and maintenance-section validation for this exact model year/model. Candidate checks: request-failed: fetch failed."
"653","lexus-ux-2025-200","2025","Lexus","UX","200","","luxury_suv","lexus","fixed_interval","D","","","","","no","","","","","","0.00","v3 OEM-first retry completed 2026-07-26; no uninspected URL promoted.","No qualifying public US-market OEM or attributable mirror PDF passed byte, identity, and maintenance-section validation for this exact model year/model. Candidate checks: request-failed: fetch failed."
"654","lexus-ux-2025-250h","2025","Lexus","UX","250h","","luxury_suv","lexus","fixed_interval","D","","","","","no","","","","","","0.00","v3 OEM-first retry completed 2026-07-26; no uninspected URL promoted.","No qualifying public US-market OEM or attributable mirror PDF passed byte, identity, and maintenance-section validation for this exact model year/model. Candidate checks: request-failed: fetch failed."
"655","lexus-ux-2024-200","2024","Lexus","UX","200","","luxury_suv","lexus","fixed_interval","B","https://assets.sia.toyota.com/publications/en/omms-s/L-MMS-24UX250H/pdf/L-MMS-24UX250H.pdf","","Owner manual / maintenance booklet","Scheduled Maintenance","no","","81","200","application/pdf","4e1557febfcee629a0c937a37add9979d9b6fe97f8d966559fc08bc2f0ddfbc2","0.96","v3 retry validation passed 2026-07-26: HTTP 200, application/pdf, %PDF magic, 855076 bytes, SHA-256 4e1557febfcee629a0c937a37add9979d9b6fe97f8d966559fc08bc2f0ddfbc2. OEM host assets.sia.toyota.com; extracted text confirms 2024 UX applicability and a complete maintenance section. Primary validation row for this document.",""
"657","lexus-ux-2023-200","2023","Lexus","UX","200","","luxury_suv","lexus","fixed_interval","B","https://assets.sia.toyota.com/publications/en/omms-s/L-MMS-23UX250H/pdf/L-MMS-23UX250H.pdf","","Owner manual / maintenance booklet","Scheduled Maintenance","no","","81","200","application/pdf","4662d487601fdfae0951d808120f6bc39d69f82ac9fe03fdd5b6dff5b1d7add6","0.96","v3 retry validation passed 2026-07-26: HTTP 200, application/pdf, %PDF magic, 741544 bytes, SHA-256 4662d487601fdfae0951d808120f6bc39d69f82ac9fe03fdd5b6dff5b1d7add6. OEM host assets.sia.toyota.com; extracted text confirms 2023 UX applicability and a complete maintenance section. Primary validation row for this document.",""
"662","lexus-ux-2021-250h","2021","Lexus","UX","250h","","luxury_suv","lexus","fixed_interval","B","https://assets.sia.toyota.com/publications/en/omms-s/L-MMS-21UX200/pdf/L-MMS-21UX200.pdf","","Owner manual / maintenance booklet","Scheduled Maintenance","no","","82","200","application/pdf","8e25fa5e21a284df197a4f745ba7df01349edca82484335a1bc9f635628ae94e","0.96","v3 retry validation passed 2026-07-26: HTTP 200, application/pdf, %PDF magic, 1244469 bytes, SHA-256 8e25fa5e21a284df197a4f745ba7df01349edca82484335a1bc9f635628ae94e. OEM host assets.sia.toyota.com; extracted text confirms 2021 UX applicability and a complete maintenance section. Primary validation row for this document.",""
"664","lexus-ux-2020-250h","2020","Lexus","UX","250h","","luxury_suv","lexus","fixed_interval","B","https://assets.sia.toyota.com/publications/en/omms-s/L-MMS-20UX200/pdf/L-MMS-20UX200.pdf","","Owner manual / maintenance booklet","Scheduled Maintenance","no","","82","200","application/pdf","95d80e23327e0e2403e331174a7632dfc13c55d6c299b5b14a679493448a7a3e","0.96","v3 retry validation passed 2026-07-26: HTTP 200, application/pdf, %PDF magic, 1377946 bytes, SHA-256 95d80e23327e0e2403e331174a7632dfc13c55d6c299b5b14a679493448a7a3e. OEM host assets.sia.toyota.com; extracted text confirms 2020 UX applicability and a complete maintenance section. Primary validation row for this document.",""
"666","lexus-ux-2019-250h","2019","Lexus","UX","250h","","luxury_suv","lexus","fixed_interval","B","https://assets.sia.toyota.com/publications/en/omms-s/L-MMS-19UX200/pdf/L-MMS-19UX200.pdf","","Owner manual / maintenance booklet","Scheduled Maintenance","no","","82","200","application/pdf","d7a85a53c4ee340cac0507fae8dc61e143d09fef0ddd39a0240582ffbb003f7d","0.96","v3 retry validation passed 2026-07-26: HTTP 200, application/pdf, %PDF magic, 1201602 bytes, SHA-256 d7a85a53c4ee340cac0507fae8dc61e143d09fef0ddd39a0240582ffbb003f7d. OEM host assets.sia.toyota.com; extracted text confirms 2019 UX applicability and a complete maintenance section. Primary validation row for this document.",""
"695","acura-integra-2025-base","2025","Acura","Integra","Base","","luxury_sedan","acura","maintenance_minder","D","","","","","no","","","","","","0.00","v3 OEM-first retry completed 2026-07-26; no uninspected URL promoted.","No qualifying public US-market OEM or attributable mirror PDF passed byte, identity, and maintenance-section validation for this exact model year/model. Candidate checks: request-failed: fetch failed."
"696","acura-integra-2025-a-spec","2025","Acura","Integra","A-Spec","","luxury_sedan","acura","maintenance_minder","D","","","","","no","","","","","","0.00","v3 OEM-first retry completed 2026-07-26; no uninspected URL promoted.","No qualifying public US-market OEM or attributable mirror PDF passed byte, identity, and maintenance-section validation for this exact model year/model. Candidate checks: request-failed: fetch failed."
"697","acura-integra-2025-type-s","2025","Acura","Integra","Type S","","luxury_sedan","acura","maintenance_minder","D","","","","","no","","","","","","0.00","v3 OEM-first retry completed 2026-07-26; no uninspected URL promoted.","No qualifying public US-market OEM or attributable mirror PDF passed byte, identity, and maintenance-section validation for this exact model year/model. Candidate checks: request-failed: fetch failed."
"698","acura-integra-2024-base","2024","Acura","Integra","Base","","luxury_sedan","acura","maintenance_minder","D","","","","","no","","","","","","0.00","v3 OEM-first retry completed 2026-07-26; no uninspected URL promoted.","No qualifying public US-market OEM or attributable mirror PDF passed byte, identity, and maintenance-section validation for this exact model year/model. Candidate checks: request-failed: fetch failed."
"699","acura-integra-2024-a-spec","2024","Acura","Integra","A-Spec","","luxury_sedan","acura","maintenance_minder","D","","","","","no","","","","","","0.00","v3 OEM-first retry completed 2026-07-26; no uninspected URL promoted.","No qualifying public US-market OEM or attributable mirror PDF passed byte, identity, and maintenance-section validation for this exact model year/model. Candidate checks: request-failed: fetch failed."
"700","acura-integra-2024-type-s","2024","Acura","Integra","Type S","","luxury_sedan","acura","maintenance_minder","D","","","","","no","","","","","","0.00","v3 OEM-first retry completed 2026-07-26; no uninspected URL promoted.","No qualifying public US-market OEM or attributable mirror PDF passed byte, identity, and maintenance-section validation for this exact model year/model. Candidate checks: request-failed: fetch failed."
"701","acura-integra-2023-base","2023","Acura","Integra","Base","","luxury_sedan","acura","maintenance_minder","D","","","","","no","","","","","","0.00","v3 OEM-first retry completed 2026-07-26; no uninspected URL promoted.","No qualifying public US-market OEM or attributable mirror PDF passed byte, identity, and maintenance-section validation for this exact model year/model. Candidate checks: request-failed: fetch failed."
"702","acura-integra-2023-a-spec","2023","Acura","Integra","A-Spec","","luxury_sedan","acura","maintenance_minder","D","","","","","no","","","","","","0.00","v3 OEM-first retry completed 2026-07-26; no uninspected URL promoted.","No qualifying public US-market OEM or attributable mirror PDF passed byte, identity, and maintenance-section validation for this exact model year/model. Candidate checks: request-failed: fetch failed."
"703","acura-integra-2023-type-s","2023","Acura","Integra","Type S","","luxury_sedan","acura","maintenance_minder","D","","","","","no","","","","","","0.00","v3 OEM-first retry completed 2026-07-26; no uninspected URL promoted.","No qualifying public US-market OEM or attributable mirror PDF passed byte, identity, and maintenance-section validation for this exact model year/model. Candidate checks: request-failed: fetch failed."
"746","genesis-g70-2022-2-0t","2022","Genesis","G70","2.0T","","luxury_sedan","genesis","fixed_interval","D","","","","","no","","","","","","0.00","v3 OEM-first retry completed 2026-07-26; no uninspected URL promoted.","No direct public US-market Genesis PDF with both exact YMM identity and an extractable maintenance schedule was verified. Candidate checks: request-failed: fetch failed."
"747","genesis-g70-2022-3-3t","2022","Genesis","G70","3.3T","","luxury_sedan","genesis","fixed_interval","D","","","","","no","","","","","","0.00","v3 OEM-first retry completed 2026-07-26; no uninspected URL promoted.","No direct public US-market Genesis PDF with both exact YMM identity and an extractable maintenance schedule was verified. Candidate checks: request-failed: fetch failed."
"748","genesis-g70-2022-sport","2022","Genesis","G70","Sport","","luxury_sedan","genesis","fixed_interval","D","","","","","no","","","","","","0.00","v3 OEM-first retry completed 2026-07-26; no uninspected URL promoted.","No direct public US-market Genesis PDF with both exact YMM identity and an extractable maintenance schedule was verified. Candidate checks: request-failed: fetch failed."
"749","genesis-g70-2021-2-0t","2021","Genesis","G70","2.0T","","luxury_sedan","genesis","fixed_interval","D","","","","","no","","","","","","0.00","v3 OEM-first retry completed 2026-07-26; no uninspected URL promoted.","No direct public US-market Genesis PDF with both exact YMM identity and an extractable maintenance schedule was verified. Candidate checks: request-failed: fetch failed."
"750","genesis-g70-2021-3-3t","2021","Genesis","G70","3.3T","","luxury_sedan","genesis","fixed_interval","D","","","","","no","","","","","","0.00","v3 OEM-first retry completed 2026-07-26; no uninspected URL promoted.","No direct public US-market Genesis PDF with both exact YMM identity and an extractable maintenance schedule was verified. Candidate checks: request-failed: fetch failed."
"751","genesis-g70-2021-sport","2021","Genesis","G70","Sport","","luxury_sedan","genesis","fixed_interval","D","","","","","no","","","","","","0.00","v3 OEM-first retry completed 2026-07-26; no uninspected URL promoted.","No direct public US-market Genesis PDF with both exact YMM identity and an extractable maintenance schedule was verified. Candidate checks: request-failed: fetch failed."
"752","genesis-g70-2020-2-0t","2020","Genesis","G70","2.0T","","luxury_sedan","genesis","fixed_interval","D","","","","","no","","","","","","0.00","v3 OEM-first retry completed 2026-07-26; no uninspected URL promoted.","No direct public US-market Genesis PDF with both exact YMM identity and an extractable maintenance schedule was verified. Candidate checks: request-failed: fetch failed."
"753","genesis-g70-2020-3-3t","2020","Genesis","G70","3.3T","","luxury_sedan","genesis","fixed_interval","D","","","","","no","","","","","","0.00","v3 OEM-first retry completed 2026-07-26; no uninspected URL promoted.","No direct public US-market Genesis PDF with both exact YMM identity and an extractable maintenance schedule was verified. Candidate checks: request-failed: fetch failed."
"754","genesis-g70-2020-sport","2020","Genesis","G70","Sport","","luxury_sedan","genesis","fixed_interval","D","","","","","no","","","","","","0.00","v3 OEM-first retry completed 2026-07-26; no uninspected URL promoted.","No direct public US-market Genesis PDF with both exact YMM identity and an extractable maintenance schedule was verified. Candidate checks: request-failed: fetch failed."
"755","genesis-g70-2019-2-0t","2019","Genesis","G70","2.0T","","luxury_sedan","genesis","fixed_interval","B","https://owners.genesis.com/genesis/us/mygenesis/manuals/glovebox-manual/2019/g70/2019-G70-Owner%27s-Manual.pdf","","Owner manual / maintenance booklet","Scheduled Maintenance","no","","504","200","application/pdf","fadbeccfa8f078befb4d49b243848ee00324c7c50cb89f47d8f1a42358283be6","0.96","v3 retry validation passed 2026-07-26: HTTP 200, application/pdf, %PDF magic, 17492492 bytes, SHA-256 fadbeccfa8f078befb4d49b243848ee00324c7c50cb89f47d8f1a42358283be6. OEM host owners.genesis.com; extracted text confirms 2019 G70 applicability and a complete maintenance section. Primary validation row for this document.",""
"756","genesis-g70-2019-3-3t","2019","Genesis","G70","3.3T","","luxury_sedan","genesis","fixed_interval","B","https://owners.genesis.com/genesis/us/mygenesis/manuals/glovebox-manual/2019/g70/2019-G70-Owner%27s-Manual.pdf","","Owner manual / maintenance booklet","Scheduled Maintenance","yes","genesis-g70-2019-2-0t","504","200","application/pdf","fadbeccfa8f078befb4d49b243848ee00324c7c50cb89f47d8f1a42358283be6","0.88","v3 retry validation passed 2026-07-26: HTTP 200, application/pdf, %PDF magic, 17492492 bytes, SHA-256 fadbeccfa8f078befb4d49b243848ee00324c7c50cb89f47d8f1a42358283be6. OEM host owners.genesis.com; extracted text confirms 2019 G70 applicability and a complete maintenance section. Same validated document shared from genesis-g70-2019-2-0t.",""
"757","genesis-g70-2019-sport","2019","Genesis","G70","Sport","","luxury_sedan","genesis","fixed_interval","B","https://owners.genesis.com/genesis/us/mygenesis/manuals/glovebox-manual/2019/g70/2019-G70-Owner%27s-Manual.pdf","","Owner manual / maintenance booklet","Scheduled Maintenance","yes","genesis-g70-2019-2-0t","504","200","application/pdf","fadbeccfa8f078befb4d49b243848ee00324c7c50cb89f47d8f1a42358283be6","0.88","v3 retry validation passed 2026-07-26: HTTP 200, application/pdf, %PDF magic, 17492492 bytes, SHA-256 fadbeccfa8f078befb4d49b243848ee00324c7c50cb89f47d8f1a42358283be6. OEM host owners.genesis.com; extracted text confirms 2019 G70 applicability and a complete maintenance section. Same validated document shared from genesis-g70-2019-2-0t.",""
"760","genesis-g80-2025-electrified","2025","Genesis","G80","Electrified","","luxury_sedan","genesis","fixed_interval","D","","","","","no","","","","","","0.00","v3 OEM-first retry completed 2026-07-26; no uninspected URL promoted.","No direct public US-market Genesis PDF with both exact YMM identity and an extractable maintenance schedule was verified. Candidate checks: request-failed: fetch failed."
"763","genesis-g80-2024-electrified","2024","Genesis","G80","Electrified","","luxury_sedan","genesis","fixed_interval","B","https://owners.genesis.com/genesis/us/mygenesis/manuals/glovebox-manual/2024/g80/2024%20G80%20OM.pdf","","Owner manual / maintenance booklet","Scheduled Maintenance","no","","658","200","application/pdf","5bbfb41da5d393bcf76f493fbba58d835b5ed0ee5e3e34f90d85ead7bf56aa2b","0.96","v3 retry validation passed 2026-07-26: HTTP 200, application/pdf, %PDF magic, 15206078 bytes, SHA-256 5bbfb41da5d393bcf76f493fbba58d835b5ed0ee5e3e34f90d85ead7bf56aa2b. OEM host owners.genesis.com; extracted text confirms 2024 G80 applicability and a complete maintenance section. Primary validation row for this document.",""
"766","genesis-g80-2023-electrified","2023","Genesis","G80","Electrified","","luxury_sedan","genesis","fixed_interval","D","","","","","no","","","","","","0.00","v3 OEM-first retry completed 2026-07-26; no uninspected URL promoted.","No direct public US-market Genesis PDF with both exact YMM identity and an extractable maintenance schedule was verified. Candidate checks: request-failed: fetch failed."
"769","genesis-g80-2022-electrified","2022","Genesis","G80","Electrified","","luxury_sedan","genesis","fixed_interval","B","https://owners.genesis.com/genesis/us/mygenesis/manuals/glovebox-manual/2022/g80/2022-G80-Owners-Manual.pdf","","Owner manual / maintenance booklet","Scheduled Maintenance","no","","616","200","application/pdf","65d81dd422d5f296d16b251931f43c75ec572f4d6b4ae0f33db9971f84c8bca8","0.96","v3 retry validation passed 2026-07-26: HTTP 200, application/pdf, %PDF magic, 21386112 bytes, SHA-256 65d81dd422d5f296d16b251931f43c75ec572f4d6b4ae0f33db9971f84c8bca8. OEM host owners.genesis.com; extracted text confirms 2022 G80 applicability and a complete maintenance section. Primary validation row for this document.",""
"772","genesis-g80-2021-electrified","2021","Genesis","G80","Electrified","","luxury_sedan","genesis","fixed_interval","B","https://owners.genesis.com/genesis/us/mygenesis/manuals/glovebox-manual/2021/g80/2021-G80-Owners-Manual.pdf","","Owner manual / maintenance booklet","Scheduled Maintenance","no","","604","200","application/pdf","1972086bff01327dfcd9a9d875aab7726f2257a84c5683ee90380361d43fada9","0.96","v3 retry validation passed 2026-07-26: HTTP 200, application/pdf, %PDF magic, 12031610 bytes, SHA-256 1972086bff01327dfcd9a9d875aab7726f2257a84c5683ee90380361d43fada9. OEM host owners.genesis.com; extracted text confirms 2021 G80 applicability and a complete maintenance section. Primary validation row for this document.",""
"773","genesis-gv70-2025-2-5t","2025","Genesis","GV70","2.5T","","luxury_suv","genesis","fixed_interval","D","","","","","no","","","","","","0.00","v3 OEM-first retry completed 2026-07-26; no uninspected URL promoted.","No direct public US-market Genesis PDF with both exact YMM identity and an extractable maintenance schedule was verified. Candidate checks: request-failed: fetch failed."
"774","genesis-gv70-2025-3-5t","2025","Genesis","GV70","3.5T","","luxury_suv","genesis","fixed_interval","D","","","","","no","","","","","","0.00","v3 OEM-first retry completed 2026-07-26; no uninspected URL promoted.","No direct public US-market Genesis PDF with both exact YMM identity and an extractable maintenance schedule was verified. Candidate checks: request-failed: fetch failed."
"775","genesis-gv70-2025-electrified","2025","Genesis","GV70","Electrified","","luxury_suv","genesis","fixed_interval","D","","","","","no","","","","","","0.00","v3 OEM-first retry completed 2026-07-26; no uninspected URL promoted.","No direct public US-market Genesis PDF with both exact YMM identity and an extractable maintenance schedule was verified. Candidate checks: request-failed: fetch failed."
"778","genesis-gv70-2024-electrified","2024","Genesis","GV70","Electrified","","luxury_suv","genesis","fixed_interval","D","","","","","no","","","","","","0.00","v3 OEM-first retry completed 2026-07-26; no uninspected URL promoted.","No direct public US-market Genesis PDF with both exact YMM identity and an extractable maintenance schedule was verified. Candidate checks: request-failed: fetch failed."
"781","genesis-gv70-2023-electrified","2023","Genesis","GV70","Electrified","","luxury_suv","genesis","fixed_interval","B","https://owners.genesis.com/genesis/us/mygenesis/manuals/glovebox-manual/2023/gv70/2023-GV70-Owners-Manual.pdf","","Owner manual / maintenance booklet","Scheduled Maintenance","no","","637","200","application/pdf","83182ab49f93322689bd6549f3a70c2096ab7e70b225674e48683434a89a5455","0.96","v3 retry validation passed 2026-07-26: HTTP 200, application/pdf, %PDF magic, 17420624 bytes, SHA-256 83182ab49f93322689bd6549f3a70c2096ab7e70b225674e48683434a89a5455. OEM host owners.genesis.com; extracted text confirms 2023 GV70 applicability and a complete maintenance section. Primary validation row for this document.",""
"784","genesis-gv70-2022-electrified","2022","Genesis","GV70","Electrified","","luxury_suv","genesis","fixed_interval","B","https://owners.genesis.com/genesis/us/mygenesis/manuals/glovebox-manual/2022/GV70/2022-GV70-Owners-Manual.pdf","","Owner manual / maintenance booklet","Scheduled Maintenance","no","","637","200","application/pdf","626467d6e8e882aa8ccb66fe89689a98b1ff9ef2a0f18b0df06d4745bffd821a","0.96","v3 retry validation passed 2026-07-26: HTTP 200, application/pdf, %PDF magic, 17421314 bytes, SHA-256 626467d6e8e882aa8ccb66fe89689a98b1ff9ef2a0f18b0df06d4745bffd821a. OEM host owners.genesis.com; extracted text confirms 2022 GV70 applicability and a complete maintenance section. Primary validation row for this document.",""
"795","genesis-gv60-2025-advanced","2025","Genesis","GV60","Advanced","","luxury_ev","genesis","ev_simplified","D","","","","","no","","","","","","0.00","v3 OEM-first retry completed 2026-07-26; no uninspected URL promoted.","No direct public US-market Genesis PDF with both exact YMM identity and an extractable maintenance schedule was verified. Candidate checks: request-failed: fetch failed."
"796","genesis-gv60-2025-performance","2025","Genesis","GV60","Performance","","luxury_ev","genesis","ev_simplified","D","","","","","no","","","","","","0.00","v3 OEM-first retry completed 2026-07-26; no uninspected URL promoted.","No direct public US-market Genesis PDF with both exact YMM identity and an extractable maintenance schedule was verified. Candidate checks: request-failed: fetch failed."
"943","chevrolet-equinox-2025-lt","2025","Chevrolet","Equinox","LT","","volume_suv","chevy","fixed_interval","C","https://manuals.startmycar.com/published/Chevrolet-Equinox_2025_EN_US_cf023b58a4.pdf","","Owner manual / maintenance booklet","Scheduled Maintenance","no","","342","200","application/pdf","3d0c87af63b1d6b817e4a8444b5294b65faff092180de08d1ecd757d85f56107","0.96","v3 retry validation passed 2026-07-26: HTTP 200, application/pdf, %PDF magic, 27823948 bytes, SHA-256 3d0c87af63b1d6b817e4a8444b5294b65faff092180de08d1ecd757d85f56107. Tier C mirror host manuals.startmycar.com; PDF text identifies Chevrolet as publisher and confirms 2025 Equinox applicability. Primary validation row for this document.",""
"944","chevrolet-equinox-2025-rs","2025","Chevrolet","Equinox","RS","","volume_suv","chevy","fixed_interval","C","https://manuals.startmycar.com/published/Chevrolet-Equinox_2025_EN_US_cf023b58a4.pdf","","Owner manual / maintenance booklet","Scheduled Maintenance","yes","chevrolet-equinox-2025-lt","342","200","application/pdf","3d0c87af63b1d6b817e4a8444b5294b65faff092180de08d1ecd757d85f56107","0.88","v3 retry validation passed 2026-07-26: HTTP 200, application/pdf, %PDF magic, 27823948 bytes, SHA-256 3d0c87af63b1d6b817e4a8444b5294b65faff092180de08d1ecd757d85f56107. Tier C mirror host manuals.startmycar.com; PDF text identifies Chevrolet as publisher and confirms 2025 Equinox applicability. Same validated document shared from chevrolet-equinox-2025-lt.",""
"945","chevrolet-equinox-2025-activ","2025","Chevrolet","Equinox","Activ","","volume_suv","chevy","fixed_interval","C","https://manuals.startmycar.com/published/Chevrolet-Equinox_2025_EN_US_cf023b58a4.pdf","","Owner manual / maintenance booklet","Scheduled Maintenance","yes","chevrolet-equinox-2025-lt","342","200","application/pdf","3d0c87af63b1d6b817e4a8444b5294b65faff092180de08d1ecd757d85f56107","0.88","v3 retry validation passed 2026-07-26: HTTP 200, application/pdf, %PDF magic, 27823948 bytes, SHA-256 3d0c87af63b1d6b817e4a8444b5294b65faff092180de08d1ecd757d85f56107. Tier C mirror host manuals.startmycar.com; PDF text identifies Chevrolet as publisher and confirms 2025 Equinox applicability. Same validated document shared from chevrolet-equinox-2025-lt.",""
"946","chevrolet-equinox-2024-lt","2024","Chevrolet","Equinox","LT","","volume_suv","chevy","fixed_interval","B","https://contentdelivery.ext.gm.com/content/dam/cope/en_us/public/pdf_assets/active/owners_manuals_browse/2024/24_CHEV_Equinox_OM_en_US_U_85150510B_2023JUL27_2P_INS1.pdf","","Owner manual / maintenance booklet","Scheduled Maintenance","no","","361","200","application/pdf","981970254737b1cfb84d7307e199cb819a78f4476d820e789bc4c8ba4146df0a","0.96","v3 retry validation passed 2026-07-26: HTTP 200, application/pdf, %PDF magic, 14842769 bytes, SHA-256 981970254737b1cfb84d7307e199cb819a78f4476d820e789bc4c8ba4146df0a. OEM host contentdelivery.ext.gm.com; extracted text confirms 2024 Equinox applicability and a complete maintenance section. Primary validation row for this document.",""
"947","chevrolet-equinox-2024-rs","2024","Chevrolet","Equinox","RS","","volume_suv","chevy","fixed_interval","B","https://contentdelivery.ext.gm.com/content/dam/cope/en_us/public/pdf_assets/active/owners_manuals_browse/2024/24_CHEV_Equinox_OM_en_US_U_85150510B_2023JUL27_2P_INS1.pdf","","Owner manual / maintenance booklet","Scheduled Maintenance","yes","chevrolet-equinox-2024-lt","361","200","application/pdf","981970254737b1cfb84d7307e199cb819a78f4476d820e789bc4c8ba4146df0a","0.88","v3 retry validation passed 2026-07-26: HTTP 200, application/pdf, %PDF magic, 14842769 bytes, SHA-256 981970254737b1cfb84d7307e199cb819a78f4476d820e789bc4c8ba4146df0a. OEM host contentdelivery.ext.gm.com; extracted text confirms 2024 Equinox applicability and a complete maintenance section. Same validated document shared from chevrolet-equinox-2024-lt.",""
"948","chevrolet-equinox-2024-activ","2024","Chevrolet","Equinox","Activ","","volume_suv","chevy","fixed_interval","B","https://contentdelivery.ext.gm.com/content/dam/cope/en_us/public/pdf_assets/active/owners_manuals_browse/2024/24_CHEV_Equinox_OM_en_US_U_85150510B_2023JUL27_2P_INS1.pdf","","Owner manual / maintenance booklet","Scheduled Maintenance","yes","chevrolet-equinox-2024-lt","361","200","application/pdf","981970254737b1cfb84d7307e199cb819a78f4476d820e789bc4c8ba4146df0a","0.88","v3 retry validation passed 2026-07-26: HTTP 200, application/pdf, %PDF magic, 14842769 bytes, SHA-256 981970254737b1cfb84d7307e199cb819a78f4476d820e789bc4c8ba4146df0a. OEM host contentdelivery.ext.gm.com; extracted text confirms 2024 Equinox applicability and a complete maintenance section. Same validated document shared from chevrolet-equinox-2024-lt.",""
"949","chevrolet-equinox-2023-lt","2023","Chevrolet","Equinox","LT","","volume_suv","chevy","fixed_interval","C","https://manuals.startmycar.com/published/Chevrolet-Equinox_2023_EN_US_2c9a1e1767.pdf","","Owner manual / maintenance booklet","Scheduled Maintenance","no","","358","200","application/pdf","6de92065603c304d4c3286657ab88db145da640aed589804c8dc4caf78a7ba4a","0.96","v3 retry validation passed 2026-07-26: HTTP 200, application/pdf, %PDF magic, 17175615 bytes, SHA-256 6de92065603c304d4c3286657ab88db145da640aed589804c8dc4caf78a7ba4a. Tier C mirror host manuals.startmycar.com; PDF text identifies Chevrolet as publisher and confirms 2023 Equinox applicability. Primary validation row for this document.",""
"950","chevrolet-equinox-2023-rs","2023","Chevrolet","Equinox","RS","","volume_suv","chevy","fixed_interval","C","https://manuals.startmycar.com/published/Chevrolet-Equinox_2023_EN_US_2c9a1e1767.pdf","","Owner manual / maintenance booklet","Scheduled Maintenance","yes","chevrolet-equinox-2023-lt","358","200","application/pdf","6de92065603c304d4c3286657ab88db145da640aed589804c8dc4caf78a7ba4a","0.88","v3 retry validation passed 2026-07-26: HTTP 200, application/pdf, %PDF magic, 17175615 bytes, SHA-256 6de92065603c304d4c3286657ab88db145da640aed589804c8dc4caf78a7ba4a. Tier C mirror host manuals.startmycar.com; PDF text identifies Chevrolet as publisher and confirms 2023 Equinox applicability. Same validated document shared from chevrolet-equinox-2023-lt.",""
"951","chevrolet-equinox-2023-activ","2023","Chevrolet","Equinox","Activ","","volume_suv","chevy","fixed_interval","C","https://manuals.startmycar.com/published/Chevrolet-Equinox_2023_EN_US_2c9a1e1767.pdf","","Owner manual / maintenance booklet","Scheduled Maintenance","yes","chevrolet-equinox-2023-lt","358","200","application/pdf","6de92065603c304d4c3286657ab88db145da640aed589804c8dc4caf78a7ba4a","0.88","v3 retry validation passed 2026-07-26: HTTP 200, application/pdf, %PDF magic, 17175615 bytes, SHA-256 6de92065603c304d4c3286657ab88db145da640aed589804c8dc4caf78a7ba4a. Tier C mirror host manuals.startmycar.com; PDF text identifies Chevrolet as publisher and confirms 2023 Equinox applicability. Same validated document shared from chevrolet-equinox-2023-lt.",""
"979","honda-civic-2025-sport","2025","Honda","Civic","Sport","","volume_sedan","honda","maintenance_minder","B","https://owners.honda.com/utility/download?path=/static/pdfs/2025/Civic+Sedan/2025_Civic_4D_Maintenance_Minder_System.pdf","","Maintenance Minder guide","Maintenance Minder","no","","10","200","application/pdf","0b6791fd167aa38d7c14c07136a5b6dd72290d095089f33f1939a9aca1a346fd","0.96","v3 retry validation passed 2026-07-26: HTTP 200, application/pdf, %PDF magic, 1855096 bytes, SHA-256 0b6791fd167aa38d7c14c07136a5b6dd72290d095089f33f1939a9aca1a346fd. OEM host owners.honda.com; extracted text confirms 2025 Civic applicability and a complete maintenance section. Primary validation row for this document.",""
"980","honda-civic-2025-ex","2025","Honda","Civic","EX","","volume_sedan","honda","maintenance_minder","B","https://owners.honda.com/utility/download?path=/static/pdfs/2025/Civic+Sedan/2025_Civic_4D_Maintenance_Minder_System.pdf","","Maintenance Minder guide","Maintenance Minder","yes","honda-civic-2025-sport","10","200","application/pdf","0b6791fd167aa38d7c14c07136a5b6dd72290d095089f33f1939a9aca1a346fd","0.88","v3 retry validation passed 2026-07-26: HTTP 200, application/pdf, %PDF magic, 1855096 bytes, SHA-256 0b6791fd167aa38d7c14c07136a5b6dd72290d095089f33f1939a9aca1a346fd. OEM host owners.honda.com; extracted text confirms 2025 Civic applicability and a complete maintenance section. Same validated document shared from honda-civic-2025-sport.",""
"981","honda-civic-2025-touring","2025","Honda","Civic","Touring","","volume_sedan","honda","maintenance_minder","B","https://owners.honda.com/utility/download?path=/static/pdfs/2025/Civic+Sedan/2025_Civic_4D_Maintenance_Minder_System.pdf","","Maintenance Minder guide","Maintenance Minder","yes","honda-civic-2025-sport","10","200","application/pdf","0b6791fd167aa38d7c14c07136a5b6dd72290d095089f33f1939a9aca1a346fd","0.88","v3 retry validation passed 2026-07-26: HTTP 200, application/pdf, %PDF magic, 1855096 bytes, SHA-256 0b6791fd167aa38d7c14c07136a5b6dd72290d095089f33f1939a9aca1a346fd. OEM host owners.honda.com; extracted text confirms 2025 Civic applicability and a complete maintenance section. Same validated document shared from honda-civic-2025-sport.",""
"983","honda-civic-2024-ex","2024","Honda","Civic","EX","","volume_sedan","honda","maintenance_minder","B","https://owners.honda.com/utility/download?path=/static/pdfs/2024/Civic+Sedan/2024_Civic_4D_Maintenance_Minder_System.pdf","","Maintenance Minder guide","Maintenance Minder","no","","10","200","application/pdf","ac07eafb9ba4198121d4f9709c69631a6f7d2aa58829591abcb2eba91bc61dc3","0.96","v3 retry validation passed 2026-07-26: HTTP 200, application/pdf, %PDF magic, 668835 bytes, SHA-256 ac07eafb9ba4198121d4f9709c69631a6f7d2aa58829591abcb2eba91bc61dc3. OEM host owners.honda.com; extracted text confirms 2024 Civic applicability and a complete maintenance section. Primary validation row for this document.",""
"984","honda-civic-2024-touring","2024","Honda","Civic","Touring","","volume_sedan","honda","maintenance_minder","B","https://owners.honda.com/utility/download?path=/static/pdfs/2024/Civic+Sedan/2024_Civic_4D_Maintenance_Minder_System.pdf","","Maintenance Minder guide","Maintenance Minder","yes","honda-civic-2024-ex","10","200","application/pdf","ac07eafb9ba4198121d4f9709c69631a6f7d2aa58829591abcb2eba91bc61dc3","0.88","v3 retry validation passed 2026-07-26: HTTP 200, application/pdf, %PDF magic, 668835 bytes, SHA-256 ac07eafb9ba4198121d4f9709c69631a6f7d2aa58829591abcb2eba91bc61dc3. OEM host owners.honda.com; extracted text confirms 2024 Civic applicability and a complete maintenance section. Same validated document shared from honda-civic-2024-ex.",""
"985","honda-civic-2023-sport","2023","Honda","Civic","Sport","","volume_sedan","honda","maintenance_minder","B","https://owners.honda.com/utility/download?path=/static/pdfs/2023/Civic+Sedan/2023_Civic_4D_Maintenance_Minder_System.pdf","","Maintenance Minder guide","Maintenance Minder","no","","10","200","application/pdf","cd3dcd4fbf6ad47e9582a67b875317647d08172f6ddf573cb154a76f4d7a2cd2","0.96","v3 retry validation passed 2026-07-26: HTTP 200, application/pdf, %PDF magic, 1989357 bytes, SHA-256 cd3dcd4fbf6ad47e9582a67b875317647d08172f6ddf573cb154a76f4d7a2cd2. OEM host owners.honda.com; extracted text confirms 2023 Civic applicability and a complete maintenance section. Primary validation row for this document.",""
"986","honda-civic-2023-ex","2023","Honda","Civic","EX","","volume_sedan","honda","maintenance_minder","B","https://owners.honda.com/utility/download?path=/static/pdfs/2023/Civic+Sedan/2023_Civic_4D_Maintenance_Minder_System.pdf","","Maintenance Minder guide","Maintenance Minder","yes","honda-civic-2023-sport","10","200","application/pdf","cd3dcd4fbf6ad47e9582a67b875317647d08172f6ddf573cb154a76f4d7a2cd2","0.88","v3 retry validation passed 2026-07-26: HTTP 200, application/pdf, %PDF magic, 1989357 bytes, SHA-256 cd3dcd4fbf6ad47e9582a67b875317647d08172f6ddf573cb154a76f4d7a2cd2. OEM host owners.honda.com; extracted text confirms 2023 Civic applicability and a complete maintenance section. Same validated document shared from honda-civic-2023-sport.",""
"987","honda-civic-2023-touring","2023","Honda","Civic","Touring","","volume_sedan","honda","maintenance_minder","B","https://owners.honda.com/utility/download?path=/static/pdfs/2023/Civic+Sedan/2023_Civic_4D_Maintenance_Minder_System.pdf","","Maintenance Minder guide","Maintenance Minder","yes","honda-civic-2023-sport","10","200","application/pdf","cd3dcd4fbf6ad47e9582a67b875317647d08172f6ddf573cb154a76f4d7a2cd2","0.88","v3 retry validation passed 2026-07-26: HTTP 200, application/pdf, %PDF magic, 1989357 bytes, SHA-256 cd3dcd4fbf6ad47e9582a67b875317647d08172f6ddf573cb154a76f4d7a2cd2. OEM host owners.honda.com; extracted text confirms 2023 Civic applicability and a complete maintenance section. Same validated document shared from honda-civic-2023-sport.",""
"988","honda-civic-2022-sport","2022","Honda","Civic","Sport","","volume_sedan","honda","maintenance_minder","B","https://owners.honda.com/utility/download?path=/static/pdfs/2022/Civic+Hatchback/2022_Civic_5D_Maintenance_Minder.pdf","","Maintenance Minder guide","Maintenance Minder","no","","10","200","application/pdf","86a518fcf92956fba47508b6749637174c0527572716ce26594c8571cc72af3e","0.96","v3 retry validation passed 2026-07-26: HTTP 200, application/pdf, %PDF magic, 493201 bytes, SHA-256 86a518fcf92956fba47508b6749637174c0527572716ce26594c8571cc72af3e. OEM host owners.honda.com; extracted text confirms 2022 Civic applicability and a complete maintenance section. Primary validation row for this document.",""
"989","honda-civic-2022-ex","2022","Honda","Civic","EX","","volume_sedan","honda","maintenance_minder","B","https://owners.honda.com/utility/download?path=/static/pdfs/2022/Civic+Hatchback/2022_Civic_5D_Maintenance_Minder.pdf","","Maintenance Minder guide","Maintenance Minder","yes","honda-civic-2022-sport","10","200","application/pdf","86a518fcf92956fba47508b6749637174c0527572716ce26594c8571cc72af3e","0.88","v3 retry validation passed 2026-07-26: HTTP 200, application/pdf, %PDF magic, 493201 bytes, SHA-256 86a518fcf92956fba47508b6749637174c0527572716ce26594c8571cc72af3e. OEM host owners.honda.com; extracted text confirms 2022 Civic applicability and a complete maintenance section. Same validated document shared from honda-civic-2022-sport.",""
"990","honda-civic-2022-touring","2022","Honda","Civic","Touring","","volume_sedan","honda","maintenance_minder","B","https://owners.honda.com/utility/download?path=/static/pdfs/2022/Civic+Hatchback/2022_Civic_5D_Maintenance_Minder.pdf","","Maintenance Minder guide","Maintenance Minder","yes","honda-civic-2022-sport","10","200","application/pdf","86a518fcf92956fba47508b6749637174c0527572716ce26594c8571cc72af3e","0.88","v3 retry validation passed 2026-07-26: HTTP 200, application/pdf, %PDF magic, 493201 bytes, SHA-256 86a518fcf92956fba47508b6749637174c0527572716ce26594c8571cc72af3e. OEM host owners.honda.com; extracted text confirms 2022 Civic applicability and a complete maintenance section. Same validated document shared from honda-civic-2022-sport.",""
"991","honda-civic-2021-sport","2021","Honda","Civic","Sport","","volume_sedan","honda","maintenance_minder","B","https://owners.honda.com/utility/download?path=/static/pdfs/2021/Civic+Sedan/2021_Civic_4D_Maintenance_Minder_System.pdf","","Maintenance Minder guide","Maintenance Minder","no","","5","200","application/pdf","7bb68cbd4822f8ecf58ceabf14fe32cb6486c8cec82cf8194e8595078d1eec2e","0.96","v3 retry validation passed 2026-07-26: HTTP 200, application/pdf, %PDF magic, 632225 bytes, SHA-256 7bb68cbd4822f8ecf58ceabf14fe32cb6486c8cec82cf8194e8595078d1eec2e. OEM host owners.honda.com; extracted text confirms 2021 Civic applicability and a complete maintenance section. Primary validation row for this document.",""
"992","honda-civic-2021-ex","2021","Honda","Civic","EX","","volume_sedan","honda","maintenance_minder","B","https://owners.honda.com/utility/download?path=/static/pdfs/2021/Civic+Sedan/2021_Civic_4D_Maintenance_Minder_System.pdf","","Maintenance Minder guide","Maintenance Minder","yes","honda-civic-2021-sport","5","200","application/pdf","7bb68cbd4822f8ecf58ceabf14fe32cb6486c8cec82cf8194e8595078d1eec2e","0.88","v3 retry validation passed 2026-07-26: HTTP 200, application/pdf, %PDF magic, 632225 bytes, SHA-256 7bb68cbd4822f8ecf58ceabf14fe32cb6486c8cec82cf8194e8595078d1eec2e. OEM host owners.honda.com; extracted text confirms 2021 Civic applicability and a complete maintenance section. Same validated document shared from honda-civic-2021-sport.",""
"993","honda-civic-2021-touring","2021","Honda","Civic","Touring","","volume_sedan","honda","maintenance_minder","B","https://owners.honda.com/utility/download?path=/static/pdfs/2021/Civic+Sedan/2021_Civic_4D_Maintenance_Minder_System.pdf","","Maintenance Minder guide","Maintenance Minder","yes","honda-civic-2021-sport","5","200","application/pdf","7bb68cbd4822f8ecf58ceabf14fe32cb6486c8cec82cf8194e8595078d1eec2e","0.88","v3 retry validation passed 2026-07-26: HTTP 200, application/pdf, %PDF magic, 632225 bytes, SHA-256 7bb68cbd4822f8ecf58ceabf14fe32cb6486c8cec82cf8194e8595078d1eec2e. OEM host owners.honda.com; extracted text confirms 2021 Civic applicability and a complete maintenance section. Same validated document shared from honda-civic-2021-sport.",""
"994","honda-civic-2020-sport","2020","Honda","Civic","Sport","","volume_sedan","honda","maintenance_minder","D","","","","","no","","","","","","0.00","v3 OEM-first retry completed 2026-07-26; no uninspected URL promoted.","No qualifying public US-market OEM or attributable mirror PDF passed byte, identity, and maintenance-section validation for this exact model year/model. Candidate checks: request-failed: fetch failed."
"995","honda-civic-2020-ex","2020","Honda","Civic","EX","","volume_sedan","honda","maintenance_minder","D","","","","","no","","","","","","0.00","v3 OEM-first retry completed 2026-07-26; no uninspected URL promoted.","No qualifying public US-market OEM or attributable mirror PDF passed byte, identity, and maintenance-section validation for this exact model year/model. Candidate checks: request-failed: fetch failed."
"996","honda-civic-2020-touring","2020","Honda","Civic","Touring","","volume_sedan","honda","maintenance_minder","D","","","","","no","","","","","","0.00","v3 OEM-first retry completed 2026-07-26; no uninspected URL promoted.","No qualifying public US-market OEM or attributable mirror PDF passed byte, identity, and maintenance-section validation for this exact model year/model. Candidate checks: request-failed: fetch failed."
"1039","honda-accord-2025-ex","2025","Honda","Accord","EX","","volume_sedan","honda","maintenance_minder","B","https://owners.honda.com/utility/download?path=/static/pdfs/2025/Accord+Sedan/2025_Accord_4D_Maintenance_Minder.pdf","","Maintenance Minder guide","Maintenance Minder","no","","8","200","application/pdf","f6e7f2bd93390982b2b8b6ee8976c8c72fbdccf07bc9c3558eef97c0f9011b27","0.96","v3 retry validation passed 2026-07-26: HTTP 200, application/pdf, %PDF magic, 622829 bytes, SHA-256 f6e7f2bd93390982b2b8b6ee8976c8c72fbdccf07bc9c3558eef97c0f9011b27. OEM host owners.honda.com; extracted text confirms 2025 Accord applicability and a complete maintenance section. Primary validation row for this document.",""
"1040","honda-accord-2025-sport","2025","Honda","Accord","Sport","","volume_sedan","honda","maintenance_minder","B","https://owners.honda.com/utility/download?path=/static/pdfs/2025/Accord+Sedan/2025_Accord_4D_Maintenance_Minder.pdf","","Maintenance Minder guide","Maintenance Minder","yes","honda-accord-2025-ex","8","200","application/pdf","f6e7f2bd93390982b2b8b6ee8976c8c72fbdccf07bc9c3558eef97c0f9011b27","0.88","v3 retry validation passed 2026-07-26: HTTP 200, application/pdf, %PDF magic, 622829 bytes, SHA-256 f6e7f2bd93390982b2b8b6ee8976c8c72fbdccf07bc9c3558eef97c0f9011b27. OEM host owners.honda.com; extracted text confirms 2025 Accord applicability and a complete maintenance section. Same validated document shared from honda-accord-2025-ex.",""
"1041","honda-accord-2025-touring","2025","Honda","Accord","Touring","","volume_sedan","honda","maintenance_minder","B","https://owners.honda.com/utility/download?path=/static/pdfs/2025/Accord+Sedan/2025_Accord_4D_Maintenance_Minder.pdf","","Maintenance Minder guide","Maintenance Minder","yes","honda-accord-2025-ex","8","200","application/pdf","f6e7f2bd93390982b2b8b6ee8976c8c72fbdccf07bc9c3558eef97c0f9011b27","0.88","v3 retry validation passed 2026-07-26: HTTP 200, application/pdf, %PDF magic, 622829 bytes, SHA-256 f6e7f2bd93390982b2b8b6ee8976c8c72fbdccf07bc9c3558eef97c0f9011b27. OEM host owners.honda.com; extracted text confirms 2025 Accord applicability and a complete maintenance section. Same validated document shared from honda-accord-2025-ex.",""
"1042","honda-accord-2025-ex-hybrid","2025","Honda","Accord","EX","Hybrid","volume_sedan","honda","maintenance_minder","B","https://owners.honda.com/utility/download?path=/static/pdfs/2025/Accord+Sedan/2025_Accord_4D_Maintenance_Minder.pdf","","Maintenance Minder guide","Maintenance Minder","yes","honda-accord-2025-ex","8","200","application/pdf","f6e7f2bd93390982b2b8b6ee8976c8c72fbdccf07bc9c3558eef97c0f9011b27","0.88","v3 retry validation passed 2026-07-26: HTTP 200, application/pdf, %PDF magic, 622829 bytes, SHA-256 f6e7f2bd93390982b2b8b6ee8976c8c72fbdccf07bc9c3558eef97c0f9011b27. OEM host owners.honda.com; extracted text confirms 2025 Accord applicability and a complete maintenance section. Same validated document shared from honda-accord-2025-ex.",""
"1044","honda-accord-2024-sport","2024","Honda","Accord","Sport","","volume_sedan","honda","maintenance_minder","B","https://owners.honda.com/utility/download?path=/static/pdfs/2024/Accord+Sedan/2024_Accord_4D_Maintenance_Minder.pdf","","Maintenance Minder guide","Maintenance Minder","no","","8","200","application/pdf","df3845bf33760e1d99788a871c977140b1043dcfa457e9bdcd75e102a9547d02","0.96","v3 retry validation passed 2026-07-26: HTTP 200, application/pdf, %PDF magic, 1058633 bytes, SHA-256 df3845bf33760e1d99788a871c977140b1043dcfa457e9bdcd75e102a9547d02. OEM host owners.honda.com; extracted text confirms 2024 Accord applicability and a complete maintenance section. Primary validation row for this document.",""
"1045","honda-accord-2024-touring","2024","Honda","Accord","Touring","","volume_sedan","honda","maintenance_minder","B","https://owners.honda.com/utility/download?path=/static/pdfs/2024/Accord+Sedan/2024_Accord_4D_Maintenance_Minder.pdf","","Maintenance Minder guide","Maintenance Minder","yes","honda-accord-2024-sport","8","200","application/pdf","df3845bf33760e1d99788a871c977140b1043dcfa457e9bdcd75e102a9547d02","0.88","v3 retry validation passed 2026-07-26: HTTP 200, application/pdf, %PDF magic, 1058633 bytes, SHA-256 df3845bf33760e1d99788a871c977140b1043dcfa457e9bdcd75e102a9547d02. OEM host owners.honda.com; extracted text confirms 2024 Accord applicability and a complete maintenance section. Same validated document shared from honda-accord-2024-sport.",""
"1046","honda-accord-2024-ex-hybrid","2024","Honda","Accord","EX","Hybrid","volume_sedan","honda","maintenance_minder","B","https://owners.honda.com/utility/download?path=/static/pdfs/2024/Accord+Sedan/2024_Accord_4D_Maintenance_Minder.pdf","","Maintenance Minder guide","Maintenance Minder","yes","honda-accord-2024-sport","8","200","application/pdf","df3845bf33760e1d99788a871c977140b1043dcfa457e9bdcd75e102a9547d02","0.88","v3 retry validation passed 2026-07-26: HTTP 200, application/pdf, %PDF magic, 1058633 bytes, SHA-256 df3845bf33760e1d99788a871c977140b1043dcfa457e9bdcd75e102a9547d02. OEM host owners.honda.com; extracted text confirms 2024 Accord applicability and a complete maintenance section. Same validated document shared from honda-accord-2024-sport.",""
"1047","honda-accord-2023-ex","2023","Honda","Accord","EX","","volume_sedan","honda","maintenance_minder","B","https://owners.honda.com/utility/download?path=/static/pdfs/2023/Accord+Sedan/2023_Accord_4D_Maintenance_Minder.pdf","","Maintenance Minder guide","Maintenance Minder","no","","6","200","application/pdf","bbefb9f2d1161db312b9b558b035ef03c96d26cd08aeaf7586b1831960a0566e","0.96","v3 retry validation passed 2026-07-26: HTTP 200, application/pdf, %PDF magic, 470778 bytes, SHA-256 bbefb9f2d1161db312b9b558b035ef03c96d26cd08aeaf7586b1831960a0566e. OEM host owners.honda.com; extracted text confirms 2023 Accord applicability and a complete maintenance section. Primary validation row for this document.",""
"1048","honda-accord-2023-sport","2023","Honda","Accord","Sport","","volume_sedan","honda","maintenance_minder","B","https://owners.honda.com/utility/download?path=/static/pdfs/2023/Accord+Sedan/2023_Accord_4D_Maintenance_Minder.pdf","","Maintenance Minder guide","Maintenance Minder","yes","honda-accord-2023-ex","6","200","application/pdf","bbefb9f2d1161db312b9b558b035ef03c96d26cd08aeaf7586b1831960a0566e","0.88","v3 retry validation passed 2026-07-26: HTTP 200, application/pdf, %PDF magic, 470778 bytes, SHA-256 bbefb9f2d1161db312b9b558b035ef03c96d26cd08aeaf7586b1831960a0566e. OEM host owners.honda.com; extracted text confirms 2023 Accord applicability and a complete maintenance section. Same validated document shared from honda-accord-2023-ex.",""
"1049","honda-accord-2023-touring","2023","Honda","Accord","Touring","","volume_sedan","honda","maintenance_minder","B","https://owners.honda.com/utility/download?path=/static/pdfs/2023/Accord+Sedan/2023_Accord_4D_Maintenance_Minder.pdf","","Maintenance Minder guide","Maintenance Minder","yes","honda-accord-2023-ex","6","200","application/pdf","bbefb9f2d1161db312b9b558b035ef03c96d26cd08aeaf7586b1831960a0566e","0.88","v3 retry validation passed 2026-07-26: HTTP 200, application/pdf, %PDF magic, 470778 bytes, SHA-256 bbefb9f2d1161db312b9b558b035ef03c96d26cd08aeaf7586b1831960a0566e. OEM host owners.honda.com; extracted text confirms 2023 Accord applicability and a complete maintenance section. Same validated document shared from honda-accord-2023-ex.",""
"1050","honda-accord-2023-ex-hybrid","2023","Honda","Accord","EX","Hybrid","volume_sedan","honda","maintenance_minder","B","https://owners.honda.com/utility/download?path=/static/pdfs/2023/Accord+Sedan/2023_Accord_4D_Maintenance_Minder.pdf","","Maintenance Minder guide","Maintenance Minder","yes","honda-accord-2023-ex","6","200","application/pdf","bbefb9f2d1161db312b9b558b035ef03c96d26cd08aeaf7586b1831960a0566e","0.88","v3 retry validation passed 2026-07-26: HTTP 200, application/pdf, %PDF magic, 470778 bytes, SHA-256 bbefb9f2d1161db312b9b558b035ef03c96d26cd08aeaf7586b1831960a0566e. OEM host owners.honda.com; extracted text confirms 2023 Accord applicability and a complete maintenance section. Same validated document shared from honda-accord-2023-ex.",""
"1051","honda-accord-2022-ex","2022","Honda","Accord","EX","","volume_sedan","honda","maintenance_minder","B","https://owners.honda.com/utility/download?path=/static/pdfs/2022/Accord+Sedan/2022_Accord_4D_Maintenance_Minder.pdf","","Maintenance Minder guide","Maintenance Minder","no","","7","200","application/pdf","1348c5cf211e9d88733e155b12b69a49a4c27993345f365323f91f9a2f2694e1","0.96","v3 retry validation passed 2026-07-26: HTTP 200, application/pdf, %PDF magic, 1094451 bytes, SHA-256 1348c5cf211e9d88733e155b12b69a49a4c27993345f365323f91f9a2f2694e1. OEM host owners.honda.com; extracted text confirms 2022 Accord applicability and a complete maintenance section. Primary validation row for this document.",""
"1052","honda-accord-2022-sport","2022","Honda","Accord","Sport","","volume_sedan","honda","maintenance_minder","B","https://owners.honda.com/utility/download?path=/static/pdfs/2022/Accord+Sedan/2022_Accord_4D_Maintenance_Minder.pdf","","Maintenance Minder guide","Maintenance Minder","yes","honda-accord-2022-ex","7","200","application/pdf","1348c5cf211e9d88733e155b12b69a49a4c27993345f365323f91f9a2f2694e1","0.88","v3 retry validation passed 2026-07-26: HTTP 200, application/pdf, %PDF magic, 1094451 bytes, SHA-256 1348c5cf211e9d88733e155b12b69a49a4c27993345f365323f91f9a2f2694e1. OEM host owners.honda.com; extracted text confirms 2022 Accord applicability and a complete maintenance section. Same validated document shared from honda-accord-2022-ex.",""
"1053","honda-accord-2022-touring","2022","Honda","Accord","Touring","","volume_sedan","honda","maintenance_minder","B","https://owners.honda.com/utility/download?path=/static/pdfs/2022/Accord+Sedan/2022_Accord_4D_Maintenance_Minder.pdf","","Maintenance Minder guide","Maintenance Minder","yes","honda-accord-2022-ex","7","200","application/pdf","1348c5cf211e9d88733e155b12b69a49a4c27993345f365323f91f9a2f2694e1","0.88","v3 retry validation passed 2026-07-26: HTTP 200, application/pdf, %PDF magic, 1094451 bytes, SHA-256 1348c5cf211e9d88733e155b12b69a49a4c27993345f365323f91f9a2f2694e1. OEM host owners.honda.com; extracted text confirms 2022 Accord applicability and a complete maintenance section. Same validated document shared from honda-accord-2022-ex.",""
"1054","honda-accord-2022-ex-hybrid","2022","Honda","Accord","EX","Hybrid","volume_sedan","honda","maintenance_minder","B","https://owners.honda.com/utility/download?path=/static/pdfs/2022/Accord+Sedan/2022_Accord_4D_Maintenance_Minder.pdf","","Maintenance Minder guide","Maintenance Minder","yes","honda-accord-2022-ex","7","200","application/pdf","1348c5cf211e9d88733e155b12b69a49a4c27993345f365323f91f9a2f2694e1","0.88","v3 retry validation passed 2026-07-26: HTTP 200, application/pdf, %PDF magic, 1094451 bytes, SHA-256 1348c5cf211e9d88733e155b12b69a49a4c27993345f365323f91f9a2f2694e1. OEM host owners.honda.com; extracted text confirms 2022 Accord applicability and a complete maintenance section. Same validated document shared from honda-accord-2022-ex.",""
"1055","honda-accord-2021-ex","2021","Honda","Accord","EX","","volume_sedan","honda","maintenance_minder","B","https://owners.honda.com/utility/download?path=/static/pdfs/2021/Accord+Sedan/2021_Accord_4D_Maintenance_Minder.pdf","","Maintenance Minder guide","Maintenance Minder","no","","5","200","application/pdf","8f194024f4f4f8288164f8e42dd029539b36b4b2a61ca624394fbe03c73c5bba","0.96","v3 retry validation passed 2026-07-26: HTTP 200, application/pdf, %PDF magic, 897095 bytes, SHA-256 8f194024f4f4f8288164f8e42dd029539b36b4b2a61ca624394fbe03c73c5bba. OEM host owners.honda.com; extracted text confirms 2021 Accord applicability and a complete maintenance section. Primary validation row for this document.",""
"1056","honda-accord-2021-sport","2021","Honda","Accord","Sport","","volume_sedan","honda","maintenance_minder","B","https://owners.honda.com/utility/download?path=/static/pdfs/2021/Accord+Sedan/2021_Accord_4D_Maintenance_Minder.pdf","","Maintenance Minder guide","Maintenance Minder","yes","honda-accord-2021-ex","5","200","application/pdf","8f194024f4f4f8288164f8e42dd029539b36b4b2a61ca624394fbe03c73c5bba","0.88","v3 retry validation passed 2026-07-26: HTTP 200, application/pdf, %PDF magic, 897095 bytes, SHA-256 8f194024f4f4f8288164f8e42dd029539b36b4b2a61ca624394fbe03c73c5bba. OEM host owners.honda.com; extracted text confirms 2021 Accord applicability and a complete maintenance section. Same validated document shared from honda-accord-2021-ex.",""
"1057","honda-accord-2021-touring","2021","Honda","Accord","Touring","","volume_sedan","honda","maintenance_minder","B","https://owners.honda.com/utility/download?path=/static/pdfs/2021/Accord+Sedan/2021_Accord_4D_Maintenance_Minder.pdf","","Maintenance Minder guide","Maintenance Minder","yes","honda-accord-2021-ex","5","200","application/pdf","8f194024f4f4f8288164f8e42dd029539b36b4b2a61ca624394fbe03c73c5bba","0.88","v3 retry validation passed 2026-07-26: HTTP 200, application/pdf, %PDF magic, 897095 bytes, SHA-256 8f194024f4f4f8288164f8e42dd029539b36b4b2a61ca624394fbe03c73c5bba. OEM host owners.honda.com; extracted text confirms 2021 Accord applicability and a complete maintenance section. Same validated document shared from honda-accord-2021-ex.",""
"1058","honda-accord-2021-ex-hybrid","2021","Honda","Accord","EX","Hybrid","volume_sedan","honda","maintenance_minder","B","https://owners.honda.com/utility/download?path=/static/pdfs/2021/Accord+Sedan/2021_Accord_4D_Maintenance_Minder.pdf","","Maintenance Minder guide","Maintenance Minder","yes","honda-accord-2021-ex","5","200","application/pdf","8f194024f4f4f8288164f8e42dd029539b36b4b2a61ca624394fbe03c73c5bba","0.88","v3 retry validation passed 2026-07-26: HTTP 200, application/pdf, %PDF magic, 897095 bytes, SHA-256 8f194024f4f4f8288164f8e42dd029539b36b4b2a61ca624394fbe03c73c5bba. OEM host owners.honda.com; extracted text confirms 2021 Accord applicability and a complete maintenance section. Same validated document shared from honda-accord-2021-ex.",""
"1059","honda-accord-2020-ex","2020","Honda","Accord","EX","","volume_sedan","honda","maintenance_minder","D","","","","","no","","","","","","0.00","v3 OEM-first retry completed 2026-07-26; no uninspected URL promoted.","No qualifying public US-market OEM or attributable mirror PDF passed byte, identity, and maintenance-section validation for this exact model year/model. Candidate checks: request-failed: fetch failed."
"1060","honda-accord-2020-sport","2020","Honda","Accord","Sport","","volume_sedan","honda","maintenance_minder","D","","","","","no","","","","","","0.00","v3 OEM-first retry completed 2026-07-26; no uninspected URL promoted.","No qualifying public US-market OEM or attributable mirror PDF passed byte, identity, and maintenance-section validation for this exact model year/model. Candidate checks: request-failed: fetch failed."
"1061","honda-accord-2020-touring","2020","Honda","Accord","Touring","","volume_sedan","honda","maintenance_minder","D","","","","","no","","","","","","0.00","v3 OEM-first retry completed 2026-07-26; no uninspected URL promoted.","No qualifying public US-market OEM or attributable mirror PDF passed byte, identity, and maintenance-section validation for this exact model year/model. Candidate checks: request-failed: fetch failed."
"1062","honda-accord-2020-ex-hybrid","2020","Honda","Accord","EX","Hybrid","volume_sedan","honda","maintenance_minder","D","","","","","no","","","","","","0.00","v3 OEM-first retry completed 2026-07-26; no uninspected URL promoted.","No qualifying public US-market OEM or attributable mirror PDF passed byte, identity, and maintenance-section validation for this exact model year/model. Candidate checks: request-failed: fetch failed."
"1081","subaru-outback-2025-base","2025","Subaru","Outback","Base","","volume_suv","subaru","fixed_interval","B","https://techinfo.subaru.com/stis/doc/warrantyBooklet/6692719_25b_Subaru_HYBRID_Warranty_and_Maintenance_TEXT_040225_HR.pdf","","Owner manual / maintenance booklet","Scheduled Maintenance","no","","32","200","application/pdf","2781e6337737b3e38c8d304a1e200c33419c08de3ccdcb58e08e93ef73924fe9","0.96","v3 retry validation passed 2026-07-26: HTTP 200, application/pdf, %PDF magic, 332656 bytes, SHA-256 2781e6337737b3e38c8d304a1e200c33419c08de3ccdcb58e08e93ef73924fe9. OEM host techinfo.subaru.com; extracted text confirms 2025 Outback applicability and a complete maintenance section. Primary validation row for this document.",""
"1082","subaru-outback-2025-premium","2025","Subaru","Outback","Premium","","volume_suv","subaru","fixed_interval","B","https://techinfo.subaru.com/stis/doc/warrantyBooklet/6692719_25b_Subaru_HYBRID_Warranty_and_Maintenance_TEXT_040225_HR.pdf","","Owner manual / maintenance booklet","Scheduled Maintenance","yes","subaru-outback-2025-base","32","200","application/pdf","2781e6337737b3e38c8d304a1e200c33419c08de3ccdcb58e08e93ef73924fe9","0.88","v3 retry validation passed 2026-07-26: HTTP 200, application/pdf, %PDF magic, 332656 bytes, SHA-256 2781e6337737b3e38c8d304a1e200c33419c08de3ccdcb58e08e93ef73924fe9. OEM host techinfo.subaru.com; extracted text confirms 2025 Outback applicability and a complete maintenance section. Same validated document shared from subaru-outback-2025-base.",""
"1083","subaru-outback-2025-limited","2025","Subaru","Outback","Limited","","volume_suv","subaru","fixed_interval","B","https://techinfo.subaru.com/stis/doc/warrantyBooklet/6692719_25b_Subaru_HYBRID_Warranty_and_Maintenance_TEXT_040225_HR.pdf","","Owner manual / maintenance booklet","Scheduled Maintenance","yes","subaru-outback-2025-base","32","200","application/pdf","2781e6337737b3e38c8d304a1e200c33419c08de3ccdcb58e08e93ef73924fe9","0.88","v3 retry validation passed 2026-07-26: HTTP 200, application/pdf, %PDF magic, 332656 bytes, SHA-256 2781e6337737b3e38c8d304a1e200c33419c08de3ccdcb58e08e93ef73924fe9. OEM host techinfo.subaru.com; extracted text confirms 2025 Outback applicability and a complete maintenance section. Same validated document shared from subaru-outback-2025-base.",""
"1093","subaru-outback-2021-base","2021","Subaru","Outback","Base","","volume_suv","subaru","fixed_interval","B","https://techinfo.subaru.com/stis/doc/warrantyBooklet/2021_war_and_maint__081120.pdf","","Owner manual / maintenance booklet","Scheduled Maintenance","no","","32","200","application/pdf","11afb9c2faaf27e068fd162c4f4315f187e6599d38c714374389de49f23b7984","0.96","v3 retry validation passed 2026-07-26: HTTP 200, application/pdf, %PDF magic, 558283 bytes, SHA-256 11afb9c2faaf27e068fd162c4f4315f187e6599d38c714374389de49f23b7984. OEM host techinfo.subaru.com; extracted text confirms 2021 Outback applicability and a complete maintenance section. Primary validation row for this document.",""
"1094","subaru-outback-2021-premium","2021","Subaru","Outback","Premium","","volume_suv","subaru","fixed_interval","B","https://techinfo.subaru.com/stis/doc/warrantyBooklet/2021_war_and_maint__081120.pdf","","Owner manual / maintenance booklet","Scheduled Maintenance","yes","subaru-outback-2021-base","32","200","application/pdf","11afb9c2faaf27e068fd162c4f4315f187e6599d38c714374389de49f23b7984","0.88","v3 retry validation passed 2026-07-26: HTTP 200, application/pdf, %PDF magic, 558283 bytes, SHA-256 11afb9c2faaf27e068fd162c4f4315f187e6599d38c714374389de49f23b7984. OEM host techinfo.subaru.com; extracted text confirms 2021 Outback applicability and a complete maintenance section. Same validated document shared from subaru-outback-2021-base.",""
"1095","subaru-outback-2021-limited","2021","Subaru","Outback","Limited","","volume_suv","subaru","fixed_interval","B","https://techinfo.subaru.com/stis/doc/warrantyBooklet/2021_war_and_maint__081120.pdf","","Owner manual / maintenance booklet","Scheduled Maintenance","yes","subaru-outback-2021-base","32","200","application/pdf","11afb9c2faaf27e068fd162c4f4315f187e6599d38c714374389de49f23b7984","0.88","v3 retry validation passed 2026-07-26: HTTP 200, application/pdf, %PDF magic, 558283 bytes, SHA-256 11afb9c2faaf27e068fd162c4f4315f187e6599d38c714374389de49f23b7984. OEM host techinfo.subaru.com; extracted text confirms 2021 Outback applicability and a complete maintenance section. Same validated document shared from subaru-outback-2021-base.",""
"1096","subaru-outback-2020-base","2020","Subaru","Outback","Base","","volume_suv","subaru","fixed_interval","B","https://techinfo.subaru.com/stis/doc/warrantyBooklet/2020_war_and_maint__020720.pdf","","Owner manual / maintenance booklet","Scheduled Maintenance","no","","32","200","application/pdf","a3278c2c15cf267d2c68bebfb522bda49857a72a63b1d24f74dd13c5e7525011","0.96","v3 retry validation passed 2026-07-26: HTTP 200, application/pdf, %PDF magic, 237441 bytes, SHA-256 a3278c2c15cf267d2c68bebfb522bda49857a72a63b1d24f74dd13c5e7525011. OEM host techinfo.subaru.com; extracted text confirms 2020 Outback applicability and a complete maintenance section. Primary validation row for this document.",""
"1097","subaru-outback-2020-premium","2020","Subaru","Outback","Premium","","volume_suv","subaru","fixed_interval","B","https://techinfo.subaru.com/stis/doc/warrantyBooklet/2020_war_and_maint__020720.pdf","","Owner manual / maintenance booklet","Scheduled Maintenance","yes","subaru-outback-2020-base","32","200","application/pdf","a3278c2c15cf267d2c68bebfb522bda49857a72a63b1d24f74dd13c5e7525011","0.88","v3 retry validation passed 2026-07-26: HTTP 200, application/pdf, %PDF magic, 237441 bytes, SHA-256 a3278c2c15cf267d2c68bebfb522bda49857a72a63b1d24f74dd13c5e7525011. OEM host techinfo.subaru.com; extracted text confirms 2020 Outback applicability and a complete maintenance section. Same validated document shared from subaru-outback-2020-base.",""
"1098","subaru-outback-2020-limited","2020","Subaru","Outback","Limited","","volume_suv","subaru","fixed_interval","B","https://techinfo.subaru.com/stis/doc/warrantyBooklet/2020_war_and_maint__020720.pdf","","Owner manual / maintenance booklet","Scheduled Maintenance","yes","subaru-outback-2020-base","32","200","application/pdf","a3278c2c15cf267d2c68bebfb522bda49857a72a63b1d24f74dd13c5e7525011","0.88","v3 retry validation passed 2026-07-26: HTTP 200, application/pdf, %PDF magic, 237441 bytes, SHA-256 a3278c2c15cf267d2c68bebfb522bda49857a72a63b1d24f74dd13c5e7525011. OEM host techinfo.subaru.com; extracted text confirms 2020 Outback applicability and a complete maintenance section. Same validated document shared from subaru-outback-2020-base.",""
"1099","hyundai-tucson-2025-se","2025","Hyundai","Tucson","SE","","volume_suv","hyundai","fixed_interval","D","","","","","no","","","","","","0.00","v3 OEM-first retry completed 2026-07-26; no uninspected URL promoted.","No direct public US-market Hyundai PDF with both exact YMM identity and an extractable maintenance schedule was verified. Candidate checks: request-failed: fetch failed."
"1100","hyundai-tucson-2025-sel","2025","Hyundai","Tucson","SEL","","volume_suv","hyundai","fixed_interval","D","","","","","no","","","","","","0.00","v3 OEM-first retry completed 2026-07-26; no uninspected URL promoted.","No direct public US-market Hyundai PDF with both exact YMM identity and an extractable maintenance schedule was verified. Candidate checks: request-failed: fetch failed."
"1101","hyundai-tucson-2025-limited","2025","Hyundai","Tucson","Limited","","volume_suv","hyundai","fixed_interval","D","","","","","no","","","","","","0.00","v3 OEM-first retry completed 2026-07-26; no uninspected URL promoted.","No direct public US-market Hyundai PDF with both exact YMM identity and an extractable maintenance schedule was verified. Candidate checks: request-failed: fetch failed."
"1103","hyundai-tucson-2024-sel","2024","Hyundai","Tucson","SEL","","volume_suv","hyundai","fixed_interval","B","https://owners.hyundaiusa.com/content/dam/hyundai/us/myhyundai/manuals/glovebox-manual/2024/tucson/2024_Tucson_Owners_Manual.pdf","","Owner manual / maintenance booklet","Scheduled Maintenance","no","","566","200","application/pdf","2a683aa507e79c92450b2d70e4d5af46f0f3899a9157e3182ee87b0638c17c74","0.96","v3 retry validation passed 2026-07-26: HTTP 200, application/pdf, %PDF magic, 11436455 bytes, SHA-256 2a683aa507e79c92450b2d70e4d5af46f0f3899a9157e3182ee87b0638c17c74. OEM host owners.hyundaiusa.com; extracted text confirms 2024 Tucson applicability and a complete maintenance section. Primary validation row for this document.",""
"1104","hyundai-tucson-2024-limited","2024","Hyundai","Tucson","Limited","","volume_suv","hyundai","fixed_interval","B","https://owners.hyundaiusa.com/content/dam/hyundai/us/myhyundai/manuals/glovebox-manual/2024/tucson/2024_Tucson_Owners_Manual.pdf","","Owner manual / maintenance booklet","Scheduled Maintenance","yes","hyundai-tucson-2024-sel","566","200","application/pdf","2a683aa507e79c92450b2d70e4d5af46f0f3899a9157e3182ee87b0638c17c74","0.88","v3 retry validation passed 2026-07-26: HTTP 200, application/pdf, %PDF magic, 11436455 bytes, SHA-256 2a683aa507e79c92450b2d70e4d5af46f0f3899a9157e3182ee87b0638c17c74. OEM host owners.hyundaiusa.com; extracted text confirms 2024 Tucson applicability and a complete maintenance section. Same validated document shared from hyundai-tucson-2024-sel.",""
"1105","hyundai-tucson-2023-se","2023","Hyundai","Tucson","SE","","volume_suv","hyundai","fixed_interval","D","","","","","no","","","","","","0.00","v3 OEM-first retry completed 2026-07-26; no uninspected URL promoted.","No direct public US-market Hyundai PDF with both exact YMM identity and an extractable maintenance schedule was verified. Candidate checks: request-failed: fetch failed."
"1106","hyundai-tucson-2023-sel","2023","Hyundai","Tucson","SEL","","volume_suv","hyundai","fixed_interval","D","","","","","no","","","","","","0.00","v3 OEM-first retry completed 2026-07-26; no uninspected URL promoted.","No direct public US-market Hyundai PDF with both exact YMM identity and an extractable maintenance schedule was verified. Candidate checks: request-failed: fetch failed."
"1107","hyundai-tucson-2023-limited","2023","Hyundai","Tucson","Limited","","volume_suv","hyundai","fixed_interval","D","","","","","no","","","","","","0.00","v3 OEM-first retry completed 2026-07-26; no uninspected URL promoted.","No direct public US-market Hyundai PDF with both exact YMM identity and an extractable maintenance schedule was verified. Candidate checks: request-failed: fetch failed."
"1108","hyundai-tucson-2022-se","2022","Hyundai","Tucson","SE","","volume_suv","hyundai","fixed_interval","D","","","","","no","","","","","","0.00","v3 OEM-first retry completed 2026-07-26; no uninspected URL promoted.","No direct public US-market Hyundai PDF with both exact YMM identity and an extractable maintenance schedule was verified. Candidate checks: request-failed: fetch failed."
"1109","hyundai-tucson-2022-sel","2022","Hyundai","Tucson","SEL","","volume_suv","hyundai","fixed_interval","D","","","","","no","","","","","","0.00","v3 OEM-first retry completed 2026-07-26; no uninspected URL promoted.","No direct public US-market Hyundai PDF with both exact YMM identity and an extractable maintenance schedule was verified. Candidate checks: request-failed: fetch failed."
"1110","hyundai-tucson-2022-limited","2022","Hyundai","Tucson","Limited","","volume_suv","hyundai","fixed_interval","D","","","","","no","","","","","","0.00","v3 OEM-first retry completed 2026-07-26; no uninspected URL promoted.","No direct public US-market Hyundai PDF with both exact YMM identity and an extractable maintenance schedule was verified. Candidate checks: request-failed: fetch failed."
"1111","hyundai-tucson-2021-se","2021","Hyundai","Tucson","SE","","volume_suv","hyundai","fixed_interval","B","https://owners.hyundaiusa.com/content/dam/hyundai/us/myhyundai/manuals/glovebox-manual/2021/tucson/2021-Tucson-Owners-Manual.pdf","","Owner manual / maintenance booklet","Scheduled Maintenance","no","","546","200","application/pdf","4df29623192d90dca984f15d837bb82fd0d6e53f7f640b8db15bf927af3c8417","0.96","v3 retry validation passed 2026-07-26: HTTP 200, application/pdf, %PDF magic, 46535277 bytes, SHA-256 4df29623192d90dca984f15d837bb82fd0d6e53f7f640b8db15bf927af3c8417. OEM host owners.hyundaiusa.com; extracted text confirms 2021 Tucson applicability and a complete maintenance section. Primary validation row for this document.",""
"1112","hyundai-tucson-2021-sel","2021","Hyundai","Tucson","SEL","","volume_suv","hyundai","fixed_interval","B","https://owners.hyundaiusa.com/content/dam/hyundai/us/myhyundai/manuals/glovebox-manual/2021/tucson/2021-Tucson-Owners-Manual.pdf","","Owner manual / maintenance booklet","Scheduled Maintenance","yes","hyundai-tucson-2021-se","546","200","application/pdf","4df29623192d90dca984f15d837bb82fd0d6e53f7f640b8db15bf927af3c8417","0.88","v3 retry validation passed 2026-07-26: HTTP 200, application/pdf, %PDF magic, 46535277 bytes, SHA-256 4df29623192d90dca984f15d837bb82fd0d6e53f7f640b8db15bf927af3c8417. OEM host owners.hyundaiusa.com; extracted text confirms 2021 Tucson applicability and a complete maintenance section. Same validated document shared from hyundai-tucson-2021-se.",""
"1113","hyundai-tucson-2021-limited","2021","Hyundai","Tucson","Limited","","volume_suv","hyundai","fixed_interval","B","https://owners.hyundaiusa.com/content/dam/hyundai/us/myhyundai/manuals/glovebox-manual/2021/tucson/2021-Tucson-Owners-Manual.pdf","","Owner manual / maintenance booklet","Scheduled Maintenance","yes","hyundai-tucson-2021-se","546","200","application/pdf","4df29623192d90dca984f15d837bb82fd0d6e53f7f640b8db15bf927af3c8417","0.88","v3 retry validation passed 2026-07-26: HTTP 200, application/pdf, %PDF magic, 46535277 bytes, SHA-256 4df29623192d90dca984f15d837bb82fd0d6e53f7f640b8db15bf927af3c8417. OEM host owners.hyundaiusa.com; extracted text confirms 2021 Tucson applicability and a complete maintenance section. Same validated document shared from hyundai-tucson-2021-se.",""
"1114","hyundai-tucson-2020-se","2020","Hyundai","Tucson","SE","","volume_suv","hyundai","fixed_interval","B","https://owners.hyundaiusa.com/content/dam/hyundai/us/myhyundai/manuals/glovebox-manual/2020/tucson/2020-Tucson-Owners-Manual.pdf","","Owner manual / maintenance booklet","Scheduled Maintenance","no","","546","200","application/pdf","7afd3729c66a3cbe2cc4c717a2559415f09e70e1f6b17258290c18982e8d3790","0.96","v3 retry validation passed 2026-07-26: HTTP 200, application/pdf, %PDF magic, 60269297 bytes, SHA-256 7afd3729c66a3cbe2cc4c717a2559415f09e70e1f6b17258290c18982e8d3790. OEM host owners.hyundaiusa.com; extracted text confirms 2020 Tucson applicability and a complete maintenance section. Primary validation row for this document.",""
"1115","hyundai-tucson-2020-sel","2020","Hyundai","Tucson","SEL","","volume_suv","hyundai","fixed_interval","B","https://owners.hyundaiusa.com/content/dam/hyundai/us/myhyundai/manuals/glovebox-manual/2020/tucson/2020-Tucson-Owners-Manual.pdf","","Owner manual / maintenance booklet","Scheduled Maintenance","yes","hyundai-tucson-2020-se","546","200","application/pdf","7afd3729c66a3cbe2cc4c717a2559415f09e70e1f6b17258290c18982e8d3790","0.88","v3 retry validation passed 2026-07-26: HTTP 200, application/pdf, %PDF magic, 60269297 bytes, SHA-256 7afd3729c66a3cbe2cc4c717a2559415f09e70e1f6b17258290c18982e8d3790. OEM host owners.hyundaiusa.com; extracted text confirms 2020 Tucson applicability and a complete maintenance section. Same validated document shared from hyundai-tucson-2020-se.",""
"1116","hyundai-tucson-2020-limited","2020","Hyundai","Tucson","Limited","","volume_suv","hyundai","fixed_interval","B","https://owners.hyundaiusa.com/content/dam/hyundai/us/myhyundai/manuals/glovebox-manual/2020/tucson/2020-Tucson-Owners-Manual.pdf","","Owner manual / maintenance booklet","Scheduled Maintenance","yes","hyundai-tucson-2020-se","546","200","application/pdf","7afd3729c66a3cbe2cc4c717a2559415f09e70e1f6b17258290c18982e8d3790","0.88","v3 retry validation passed 2026-07-26: HTTP 200, application/pdf, %PDF magic, 60269297 bytes, SHA-256 7afd3729c66a3cbe2cc4c717a2559415f09e70e1f6b17258290c18982e8d3790. OEM host owners.hyundaiusa.com; extracted text confirms 2020 Tucson applicability and a complete maintenance section. Same validated document shared from hyundai-tucson-2020-se.",""
"1117","kia-sportage-2025-lx","2025","Kia","Sportage","LX","","volume_suv","kia","fixed_interval","D","","","","","no","","","","","","0.00","v3 OEM-first retry completed 2026-07-26; no uninspected URL promoted.","The Kia owner portal is session-gated and no attributable, byte-valid public mirror was verified for this exact model year/model."
"1118","kia-sportage-2025-ex","2025","Kia","Sportage","EX","","volume_suv","kia","fixed_interval","D","","","","","no","","","","","","0.00","v3 OEM-first retry completed 2026-07-26; no uninspected URL promoted.","The Kia owner portal is session-gated and no attributable, byte-valid public mirror was verified for this exact model year/model."
"1119","kia-sportage-2025-sx","2025","Kia","Sportage","SX","","volume_suv","kia","fixed_interval","D","","","","","no","","","","","","0.00","v3 OEM-first retry completed 2026-07-26; no uninspected URL promoted.","The Kia owner portal is session-gated and no attributable, byte-valid public mirror was verified for this exact model year/model."
"1121","kia-sportage-2024-ex","2024","Kia","Sportage","EX","","volume_suv","kia","fixed_interval","D","","","","","no","","","","","","0.00","v3 OEM-first retry completed 2026-07-26; no uninspected URL promoted.","The Kia owner portal is session-gated and no attributable, byte-valid public mirror was verified for this exact model year/model. Candidate checks: request-failed: fetch failed."
"1122","kia-sportage-2024-sx","2024","Kia","Sportage","SX","","volume_suv","kia","fixed_interval","D","","","","","no","","","","","","0.00","v3 OEM-first retry completed 2026-07-26; no uninspected URL promoted.","The Kia owner portal is session-gated and no attributable, byte-valid public mirror was verified for this exact model year/model. Candidate checks: request-failed: fetch failed."
"1123","kia-sportage-2023-lx","2023","Kia","Sportage","LX","","volume_suv","kia","fixed_interval","D","","","","","no","","","","","","0.00","v3 OEM-first retry completed 2026-07-26; no uninspected URL promoted.","The Kia owner portal is session-gated and no attributable, byte-valid public mirror was verified for this exact model year/model."
"1124","kia-sportage-2023-ex","2023","Kia","Sportage","EX","","volume_suv","kia","fixed_interval","D","","","","","no","","","","","","0.00","v3 OEM-first retry completed 2026-07-26; no uninspected URL promoted.","The Kia owner portal is session-gated and no attributable, byte-valid public mirror was verified for this exact model year/model."
"1125","kia-sportage-2023-sx","2023","Kia","Sportage","SX","","volume_suv","kia","fixed_interval","D","","","","","no","","","","","","0.00","v3 OEM-first retry completed 2026-07-26; no uninspected URL promoted.","The Kia owner portal is session-gated and no attributable, byte-valid public mirror was verified for this exact model year/model."
"1126","kia-sportage-2022-lx","2022","Kia","Sportage","LX","","volume_suv","kia","fixed_interval","C","https://manuals.startmycar.com/published/Kia-Sportage_2022_EN__b495da1af5.pdf","","Owner manual / maintenance booklet","Maintenance Schedule","no","","66","200","application/pdf","7e70c04a975cd7fe375f7ad5bd6ffc7b1f7070104524c0ec59e38ad0788f1f3f","0.96","v3 retry validation passed 2026-07-26: HTTP 200, application/pdf, %PDF magic, 5932817 bytes, SHA-256 7e70c04a975cd7fe375f7ad5bd6ffc7b1f7070104524c0ec59e38ad0788f1f3f. Tier C mirror host manuals.startmycar.com; PDF text identifies Kia as publisher and confirms 2022 Sportage applicability. Primary validation row for this document.",""
"1127","kia-sportage-2022-ex","2022","Kia","Sportage","EX","","volume_suv","kia","fixed_interval","C","https://manuals.startmycar.com/published/Kia-Sportage_2022_EN__b495da1af5.pdf","","Owner manual / maintenance booklet","Maintenance Schedule","yes","kia-sportage-2022-lx","66","200","application/pdf","7e70c04a975cd7fe375f7ad5bd6ffc7b1f7070104524c0ec59e38ad0788f1f3f","0.88","v3 retry validation passed 2026-07-26: HTTP 200, application/pdf, %PDF magic, 5932817 bytes, SHA-256 7e70c04a975cd7fe375f7ad5bd6ffc7b1f7070104524c0ec59e38ad0788f1f3f. Tier C mirror host manuals.startmycar.com; PDF text identifies Kia as publisher and confirms 2022 Sportage applicability. Same validated document shared from kia-sportage-2022-lx.",""
"1128","kia-sportage-2022-sx","2022","Kia","Sportage","SX","","volume_suv","kia","fixed_interval","C","https://manuals.startmycar.com/published/Kia-Sportage_2022_EN__b495da1af5.pdf","","Owner manual / maintenance booklet","Maintenance Schedule","yes","kia-sportage-2022-lx","66","200","application/pdf","7e70c04a975cd7fe375f7ad5bd6ffc7b1f7070104524c0ec59e38ad0788f1f3f","0.88","v3 retry validation passed 2026-07-26: HTTP 200, application/pdf, %PDF magic, 5932817 bytes, SHA-256 7e70c04a975cd7fe375f7ad5bd6ffc7b1f7070104524c0ec59e38ad0788f1f3f. Tier C mirror host manuals.startmycar.com; PDF text identifies Kia as publisher and confirms 2022 Sportage applicability. Same validated document shared from kia-sportage-2022-lx.",""
"1129","kia-sportage-2021-lx","2021","Kia","Sportage","LX","","volume_suv","kia","fixed_interval","D","","","","","no","","","","","","0.00","v3 OEM-first retry completed 2026-07-26; no uninspected URL promoted.","The Kia owner portal is session-gated and no attributable, byte-valid public mirror was verified for this exact model year/model."
"1130","kia-sportage-2021-ex","2021","Kia","Sportage","EX","","volume_suv","kia","fixed_interval","D","","","","","no","","","","","","0.00","v3 OEM-first retry completed 2026-07-26; no uninspected URL promoted.","The Kia owner portal is session-gated and no attributable, byte-valid public mirror was verified for this exact model year/model."
"1131","kia-sportage-2021-sx","2021","Kia","Sportage","SX","","volume_suv","kia","fixed_interval","D","","","","","no","","","","","","0.00","v3 OEM-first retry completed 2026-07-26; no uninspected URL promoted.","The Kia owner portal is session-gated and no attributable, byte-valid public mirror was verified for this exact model year/model."
"1132","kia-sportage-2020-lx","2020","Kia","Sportage","LX","","volume_suv","kia","fixed_interval","D","","","","","no","","","","","","0.00","v3 OEM-first retry completed 2026-07-26; no uninspected URL promoted.","The Kia owner portal is session-gated and no attributable, byte-valid public mirror was verified for this exact model year/model."
"1133","kia-sportage-2020-ex","2020","Kia","Sportage","EX","","volume_suv","kia","fixed_interval","D","","","","","no","","","","","","0.00","v3 OEM-first retry completed 2026-07-26; no uninspected URL promoted.","The Kia owner portal is session-gated and no attributable, byte-valid public mirror was verified for this exact model year/model."
"1134","kia-sportage-2020-sx","2020","Kia","Sportage","SX","","volume_suv","kia","fixed_interval","D","","","","","no","","","","","","0.00","v3 OEM-first retry completed 2026-07-26; no uninspected URL promoted.","The Kia owner portal is session-gated and no attributable, byte-valid public mirror was verified for this exact model year/model."
"1138","mazda-cx-5-2024-sport","2024","Mazda","CX-5","Sport","","volume_suv","mazda","fixed_interval","B","https://www.mazdausa.com/siteassets/global-resources/vehicle-resources/owner-manuals/2024/cx-5/2024-mazda-cx-5-vehicle-owners-manual.pdf","","Owner manual / maintenance booklet","Scheduled Maintenance","no","","671","200","application/pdf","ceec2310af229c8cc01c67d79375ba235fc0172d004bdfb69d912fa1e3cb4a5b","0.96","v3 retry validation passed 2026-07-26: HTTP 200, application/pdf, %PDF magic, 83073996 bytes, SHA-256 ceec2310af229c8cc01c67d79375ba235fc0172d004bdfb69d912fa1e3cb4a5b. OEM host www.mazdausa.com; extracted text confirms 2024 CX-5 applicability and a complete maintenance section. Primary validation row for this document.",""
"1139","mazda-cx-5-2024-preferred","2024","Mazda","CX-5","Preferred","","volume_suv","mazda","fixed_interval","B","https://www.mazdausa.com/siteassets/global-resources/vehicle-resources/owner-manuals/2024/cx-5/2024-mazda-cx-5-vehicle-owners-manual.pdf","","Owner manual / maintenance booklet","Scheduled Maintenance","yes","mazda-cx-5-2024-sport","671","200","application/pdf","ceec2310af229c8cc01c67d79375ba235fc0172d004bdfb69d912fa1e3cb4a5b","0.88","v3 retry validation passed 2026-07-26: HTTP 200, application/pdf, %PDF magic, 83073996 bytes, SHA-256 ceec2310af229c8cc01c67d79375ba235fc0172d004bdfb69d912fa1e3cb4a5b. OEM host www.mazdausa.com; extracted text confirms 2024 CX-5 applicability and a complete maintenance section. Same validated document shared from mazda-cx-5-2024-sport.",""
"1140","mazda-cx-5-2024-premium","2024","Mazda","CX-5","Premium","","volume_suv","mazda","fixed_interval","B","https://www.mazdausa.com/siteassets/global-resources/vehicle-resources/owner-manuals/2024/cx-5/2024-mazda-cx-5-vehicle-owners-manual.pdf","","Owner manual / maintenance booklet","Scheduled Maintenance","yes","mazda-cx-5-2024-sport","671","200","application/pdf","ceec2310af229c8cc01c67d79375ba235fc0172d004bdfb69d912fa1e3cb4a5b","0.88","v3 retry validation passed 2026-07-26: HTTP 200, application/pdf, %PDF magic, 83073996 bytes, SHA-256 ceec2310af229c8cc01c67d79375ba235fc0172d004bdfb69d912fa1e3cb4a5b. OEM host www.mazdausa.com; extracted text confirms 2024 CX-5 applicability and a complete maintenance section. Same validated document shared from mazda-cx-5-2024-sport.",""
"1147","mazda-cx-5-2021-sport","2021","Mazda","CX-5","Sport","","volume_suv","mazda","fixed_interval","D","","","","","no","","","","","","0.00","v3 OEM-first retry completed 2026-07-26; no uninspected URL promoted.","No qualifying public US-market OEM or attributable mirror PDF passed byte, identity, and maintenance-section validation for this exact model year/model. Candidate checks: request-failed: fetch failed."
"1148","mazda-cx-5-2021-preferred","2021","Mazda","CX-5","Preferred","","volume_suv","mazda","fixed_interval","D","","","","","no","","","","","","0.00","v3 OEM-first retry completed 2026-07-26; no uninspected URL promoted.","No qualifying public US-market OEM or attributable mirror PDF passed byte, identity, and maintenance-section validation for this exact model year/model. Candidate checks: request-failed: fetch failed."
"1149","mazda-cx-5-2021-premium","2021","Mazda","CX-5","Premium","","volume_suv","mazda","fixed_interval","D","","","","","no","","","","","","0.00","v3 OEM-first retry completed 2026-07-26; no uninspected URL promoted.","No qualifying public US-market OEM or attributable mirror PDF passed byte, identity, and maintenance-section validation for this exact model year/model. Candidate checks: request-failed: fetch failed."
"1150","mazda-cx-5-2020-sport","2020","Mazda","CX-5","Sport","","volume_suv","mazda","fixed_interval","D","","","","","no","","","","","","0.00","v3 OEM-first retry completed 2026-07-26; no uninspected URL promoted.","No qualifying public US-market OEM or attributable mirror PDF passed byte, identity, and maintenance-section validation for this exact model year/model. Candidate checks: request-failed: fetch failed."
"1151","mazda-cx-5-2020-preferred","2020","Mazda","CX-5","Preferred","","volume_suv","mazda","fixed_interval","D","","","","","no","","","","","","0.00","v3 OEM-first retry completed 2026-07-26; no uninspected URL promoted.","No qualifying public US-market OEM or attributable mirror PDF passed byte, identity, and maintenance-section validation for this exact model year/model. Candidate checks: request-failed: fetch failed."
"1152","mazda-cx-5-2020-premium","2020","Mazda","CX-5","Premium","","volume_suv","mazda","fixed_interval","D","","","","","no","","","","","","0.00","v3 OEM-first retry completed 2026-07-26; no uninspected URL promoted.","No qualifying public US-market OEM or attributable mirror PDF passed byte, identity, and maintenance-section validation for this exact model year/model. Candidate checks: request-failed: fetch failed."
"1153","ford-explorer-2025-xlt","2025","Ford","Explorer","XLT","","volume_suv","ford","fixed_interval","D","","","","","no","","","","","","0.00","v3 OEM-first retry completed 2026-07-26; no uninspected URL promoted.","No qualifying public US-market OEM or attributable mirror PDF passed byte, identity, and maintenance-section validation for this exact model year/model. Candidate checks: request-failed: fetch failed."
"1154","ford-explorer-2025-limited","2025","Ford","Explorer","Limited","","volume_suv","ford","fixed_interval","D","","","","","no","","","","","","0.00","v3 OEM-first retry completed 2026-07-26; no uninspected URL promoted.","No qualifying public US-market OEM or attributable mirror PDF passed byte, identity, and maintenance-section validation for this exact model year/model. Candidate checks: request-failed: fetch failed."
"1155","ford-explorer-2025-st","2025","Ford","Explorer","ST","","volume_suv","ford","fixed_interval","D","","","","","no","","","","","","0.00","v3 OEM-first retry completed 2026-07-26; no uninspected URL promoted.","No qualifying public US-market OEM or attributable mirror PDF passed byte, identity, and maintenance-section validation for this exact model year/model. Candidate checks: request-failed: fetch failed."
"1157","ford-explorer-2024-limited","2024","Ford","Explorer","Limited","","volume_suv","ford","fixed_interval","B","https://www.fordservicecontent.com/Ford_Content/Catalog/owner_information/2024_Ford_Explorer_Owners_Manual_version_1_om_EN-US.pdf","","Owner manual / maintenance booklet","Scheduled Maintenance","no","","577","200","application/pdf","8a576d8efbacd01df062fae07a971f6933013ca771baae7d74a0e0af53ed6b54","0.96","v3 retry validation passed 2026-07-26: HTTP 200, application/pdf, %PDF magic, 54611180 bytes, SHA-256 8a576d8efbacd01df062fae07a971f6933013ca771baae7d74a0e0af53ed6b54. OEM host www.fordservicecontent.com; extracted text confirms 2024 Explorer applicability and a complete maintenance section. Primary validation row for this document.",""
"1158","ford-explorer-2024-st","2024","Ford","Explorer","ST","","volume_suv","ford","fixed_interval","B","https://www.fordservicecontent.com/Ford_Content/Catalog/owner_information/2024_Ford_Explorer_Owners_Manual_version_1_om_EN-US.pdf","","Owner manual / maintenance booklet","Scheduled Maintenance","yes","ford-explorer-2024-limited","577","200","application/pdf","8a576d8efbacd01df062fae07a971f6933013ca771baae7d74a0e0af53ed6b54","0.88","v3 retry validation passed 2026-07-26: HTTP 200, application/pdf, %PDF magic, 54611180 bytes, SHA-256 8a576d8efbacd01df062fae07a971f6933013ca771baae7d74a0e0af53ed6b54. OEM host www.fordservicecontent.com; extracted text confirms 2024 Explorer applicability and a complete maintenance section. Same validated document shared from ford-explorer-2024-limited.",""
"1159","ford-explorer-2023-xlt","2023","Ford","Explorer","XLT","","volume_suv","ford","fixed_interval","B","https://www.fordservicecontent.com/Ford_Content/Catalog/owner_information/2023_Ford_Explorer_Owners_Manual_version_1_om_EN-US.pdf","","Owner manual / maintenance booklet","Scheduled Maintenance","no","","573","200","application/pdf","a5e0bbb55e08a42d586ea1bc9b8df3a8320f8c0069e12860047fc37e1e458dcb","0.96","v3 retry validation passed 2026-07-26: HTTP 200, application/pdf, %PDF magic, 54856503 bytes, SHA-256 a5e0bbb55e08a42d586ea1bc9b8df3a8320f8c0069e12860047fc37e1e458dcb. OEM host www.fordservicecontent.com; extracted text confirms 2023 Explorer applicability and a complete maintenance section. Primary validation row for this document.",""
"1160","ford-explorer-2023-limited","2023","Ford","Explorer","Limited","","volume_suv","ford","fixed_interval","B","https://www.fordservicecontent.com/Ford_Content/Catalog/owner_information/2023_Ford_Explorer_Owners_Manual_version_1_om_EN-US.pdf","","Owner manual / maintenance booklet","Scheduled Maintenance","yes","ford-explorer-2023-xlt","573","200","application/pdf","a5e0bbb55e08a42d586ea1bc9b8df3a8320f8c0069e12860047fc37e1e458dcb","0.88","v3 retry validation passed 2026-07-26: HTTP 200, application/pdf, %PDF magic, 54856503 bytes, SHA-256 a5e0bbb55e08a42d586ea1bc9b8df3a8320f8c0069e12860047fc37e1e458dcb. OEM host www.fordservicecontent.com; extracted text confirms 2023 Explorer applicability and a complete maintenance section. Same validated document shared from ford-explorer-2023-xlt.",""
"1161","ford-explorer-2023-st","2023","Ford","Explorer","ST","","volume_suv","ford","fixed_interval","B","https://www.fordservicecontent.com/Ford_Content/Catalog/owner_information/2023_Ford_Explorer_Owners_Manual_version_1_om_EN-US.pdf","","Owner manual / maintenance booklet","Scheduled Maintenance","yes","ford-explorer-2023-xlt","573","200","application/pdf","a5e0bbb55e08a42d586ea1bc9b8df3a8320f8c0069e12860047fc37e1e458dcb","0.88","v3 retry validation passed 2026-07-26: HTTP 200, application/pdf, %PDF magic, 54856503 bytes, SHA-256 a5e0bbb55e08a42d586ea1bc9b8df3a8320f8c0069e12860047fc37e1e458dcb. OEM host www.fordservicecontent.com; extracted text confirms 2023 Explorer applicability and a complete maintenance section. Same validated document shared from ford-explorer-2023-xlt.",""
"1162","ford-explorer-2022-xlt","2022","Ford","Explorer","XLT","","volume_suv","ford","fixed_interval","C","https://manuals.startmycar.com/published/Ford-Explorer_2022_EN__0ae82bc3ae.pdf","","Owner manual / maintenance booklet","Scheduled Maintenance","no","","567","200","application/pdf","8b7be24f2ce83fb1055d600a3de4c5317f66578092c64f990505df4057d522fe","0.96","v3 retry validation passed 2026-07-26: HTTP 200, application/pdf, %PDF magic, 10995316 bytes, SHA-256 8b7be24f2ce83fb1055d600a3de4c5317f66578092c64f990505df4057d522fe. Tier C mirror host manuals.startmycar.com; PDF text identifies Ford as publisher and confirms 2022 Explorer applicability. Primary validation row for this document.",""
"1163","ford-explorer-2022-limited","2022","Ford","Explorer","Limited","","volume_suv","ford","fixed_interval","C","https://manuals.startmycar.com/published/Ford-Explorer_2022_EN__0ae82bc3ae.pdf","","Owner manual / maintenance booklet","Scheduled Maintenance","yes","ford-explorer-2022-xlt","567","200","application/pdf","8b7be24f2ce83fb1055d600a3de4c5317f66578092c64f990505df4057d522fe","0.88","v3 retry validation passed 2026-07-26: HTTP 200, application/pdf, %PDF magic, 10995316 bytes, SHA-256 8b7be24f2ce83fb1055d600a3de4c5317f66578092c64f990505df4057d522fe. Tier C mirror host manuals.startmycar.com; PDF text identifies Ford as publisher and confirms 2022 Explorer applicability. Same validated document shared from ford-explorer-2022-xlt.",""
"1164","ford-explorer-2022-st","2022","Ford","Explorer","ST","","volume_suv","ford","fixed_interval","C","https://manuals.startmycar.com/published/Ford-Explorer_2022_EN__0ae82bc3ae.pdf","","Owner manual / maintenance booklet","Scheduled Maintenance","yes","ford-explorer-2022-xlt","567","200","application/pdf","8b7be24f2ce83fb1055d600a3de4c5317f66578092c64f990505df4057d522fe","0.88","v3 retry validation passed 2026-07-26: HTTP 200, application/pdf, %PDF magic, 10995316 bytes, SHA-256 8b7be24f2ce83fb1055d600a3de4c5317f66578092c64f990505df4057d522fe. Tier C mirror host manuals.startmycar.com; PDF text identifies Ford as publisher and confirms 2022 Explorer applicability. Same validated document shared from ford-explorer-2022-xlt.",""
"1165","ford-explorer-2021-xlt","2021","Ford","Explorer","XLT","","volume_suv","ford","fixed_interval","C","https://manuals.startmycar.com/published/Ford-Explorer_2021_EN-US_US_500f02e07a.pdf","","Owner manual / maintenance booklet","Scheduled Maintenance","no","","577","200","application/pdf","0161f147830e29cb576cc60b74ed1ec4d7ce650289be7d19f7a5f8f524db3518","0.96","v3 retry validation passed 2026-07-26: HTTP 200, application/pdf, %PDF magic, 10269045 bytes, SHA-256 0161f147830e29cb576cc60b74ed1ec4d7ce650289be7d19f7a5f8f524db3518. Tier C mirror host manuals.startmycar.com; PDF text identifies Ford as publisher and confirms 2021 Explorer applicability. Primary validation row for this document.",""
"1166","ford-explorer-2021-limited","2021","Ford","Explorer","Limited","","volume_suv","ford","fixed_interval","C","https://manuals.startmycar.com/published/Ford-Explorer_2021_EN-US_US_500f02e07a.pdf","","Owner manual / maintenance booklet","Scheduled Maintenance","yes","ford-explorer-2021-xlt","577","200","application/pdf","0161f147830e29cb576cc60b74ed1ec4d7ce650289be7d19f7a5f8f524db3518","0.88","v3 retry validation passed 2026-07-26: HTTP 200, application/pdf, %PDF magic, 10269045 bytes, SHA-256 0161f147830e29cb576cc60b74ed1ec4d7ce650289be7d19f7a5f8f524db3518. Tier C mirror host manuals.startmycar.com; PDF text identifies Ford as publisher and confirms 2021 Explorer applicability. Same validated document shared from ford-explorer-2021-xlt.",""
"1167","ford-explorer-2021-st","2021","Ford","Explorer","ST","","volume_suv","ford","fixed_interval","C","https://manuals.startmycar.com/published/Ford-Explorer_2021_EN-US_US_500f02e07a.pdf","","Owner manual / maintenance booklet","Scheduled Maintenance","yes","ford-explorer-2021-xlt","577","200","application/pdf","0161f147830e29cb576cc60b74ed1ec4d7ce650289be7d19f7a5f8f524db3518","0.88","v3 retry validation passed 2026-07-26: HTTP 200, application/pdf, %PDF magic, 10269045 bytes, SHA-256 0161f147830e29cb576cc60b74ed1ec4d7ce650289be7d19f7a5f8f524db3518. Tier C mirror host manuals.startmycar.com; PDF text identifies Ford as publisher and confirms 2021 Explorer applicability. Same validated document shared from ford-explorer-2021-xlt.",""
"1168","ford-explorer-2020-xlt","2020","Ford","Explorer","XLT","","volume_suv","ford","fixed_interval","C","https://manuals.startmycar.com/published/Ford-Explorer_2020_EN-US_US_c370b3862d.pdf","","Owner manual / maintenance booklet","Scheduled Maintenance","no","","555","200","application/pdf","209441455d17c35be943ac00732308310f317cf266c1ffdfa915675d90d46daa","0.96","v3 retry validation passed 2026-07-26: HTTP 200, application/pdf, %PDF magic, 8560901 bytes, SHA-256 209441455d17c35be943ac00732308310f317cf266c1ffdfa915675d90d46daa. Tier C mirror host manuals.startmycar.com; PDF text identifies Ford as publisher and confirms 2020 Explorer applicability. Primary validation row for this document.",""
"1169","ford-explorer-2020-limited","2020","Ford","Explorer","Limited","","volume_suv","ford","fixed_interval","C","https://manuals.startmycar.com/published/Ford-Explorer_2020_EN-US_US_c370b3862d.pdf","","Owner manual / maintenance booklet","Scheduled Maintenance","yes","ford-explorer-2020-xlt","555","200","application/pdf","209441455d17c35be943ac00732308310f317cf266c1ffdfa915675d90d46daa","0.88","v3 retry validation passed 2026-07-26: HTTP 200, application/pdf, %PDF magic, 8560901 bytes, SHA-256 209441455d17c35be943ac00732308310f317cf266c1ffdfa915675d90d46daa. Tier C mirror host manuals.startmycar.com; PDF text identifies Ford as publisher and confirms 2020 Explorer applicability. Same validated document shared from ford-explorer-2020-xlt.",""
"1170","ford-explorer-2020-st","2020","Ford","Explorer","ST","","volume_suv","ford","fixed_interval","C","https://manuals.startmycar.com/published/Ford-Explorer_2020_EN-US_US_c370b3862d.pdf","","Owner manual / maintenance booklet","Scheduled Maintenance","yes","ford-explorer-2020-xlt","555","200","application/pdf","209441455d17c35be943ac00732308310f317cf266c1ffdfa915675d90d46daa","0.88","v3 retry validation passed 2026-07-26: HTTP 200, application/pdf, %PDF magic, 8560901 bytes, SHA-256 209441455d17c35be943ac00732308310f317cf266c1ffdfa915675d90d46daa. Tier C mirror host manuals.startmycar.com; PDF text identifies Ford as publisher and confirms 2020 Explorer applicability. Same validated document shared from ford-explorer-2020-xlt.",""
"1189","subaru-forester-2025-base","2025","Subaru","Forester","Base","","volume_suv","subaru","fixed_interval","B","https://techinfo.subaru.com/stis/doc/warrantyBooklet/6692719_25b_Subaru_HYBRID_Warranty_and_Maintenance_TEXT_040225_HR.pdf","","Owner manual / maintenance booklet","Scheduled Maintenance","yes","subaru-outback-2025-base","32","200","application/pdf","2781e6337737b3e38c8d304a1e200c33419c08de3ccdcb58e08e93ef73924fe9","0.88","v3 retry validation passed 2026-07-26: HTTP 200, application/pdf, %PDF magic, 332656 bytes, SHA-256 2781e6337737b3e38c8d304a1e200c33419c08de3ccdcb58e08e93ef73924fe9. OEM host techinfo.subaru.com; extracted text confirms 2025 Forester applicability and a complete maintenance section. Same validated document shared from subaru-outback-2025-base.",""
"1190","subaru-forester-2025-premium","2025","Subaru","Forester","Premium","","volume_suv","subaru","fixed_interval","B","https://techinfo.subaru.com/stis/doc/warrantyBooklet/6692719_25b_Subaru_HYBRID_Warranty_and_Maintenance_TEXT_040225_HR.pdf","","Owner manual / maintenance booklet","Scheduled Maintenance","yes","subaru-outback-2025-base","32","200","application/pdf","2781e6337737b3e38c8d304a1e200c33419c08de3ccdcb58e08e93ef73924fe9","0.88","v3 retry validation passed 2026-07-26: HTTP 200, application/pdf, %PDF magic, 332656 bytes, SHA-256 2781e6337737b3e38c8d304a1e200c33419c08de3ccdcb58e08e93ef73924fe9. OEM host techinfo.subaru.com; extracted text confirms 2025 Forester applicability and a complete maintenance section. Same validated document shared from subaru-outback-2025-base.",""
"1191","subaru-forester-2025-limited","2025","Subaru","Forester","Limited","","volume_suv","subaru","fixed_interval","B","https://techinfo.subaru.com/stis/doc/warrantyBooklet/6692719_25b_Subaru_HYBRID_Warranty_and_Maintenance_TEXT_040225_HR.pdf","","Owner manual / maintenance booklet","Scheduled Maintenance","yes","subaru-outback-2025-base","32","200","application/pdf","2781e6337737b3e38c8d304a1e200c33419c08de3ccdcb58e08e93ef73924fe9","0.88","v3 retry validation passed 2026-07-26: HTTP 200, application/pdf, %PDF magic, 332656 bytes, SHA-256 2781e6337737b3e38c8d304a1e200c33419c08de3ccdcb58e08e93ef73924fe9. OEM host techinfo.subaru.com; extracted text confirms 2025 Forester applicability and a complete maintenance section. Same validated document shared from subaru-outback-2025-base.",""
"1201","subaru-forester-2021-base","2021","Subaru","Forester","Base","","volume_suv","subaru","fixed_interval","B","https://techinfo.subaru.com/stis/doc/warrantyBooklet/2021_war_and_maint__081120.pdf","","Owner manual / maintenance booklet","Scheduled Maintenance","yes","subaru-outback-2021-base","32","200","application/pdf","11afb9c2faaf27e068fd162c4f4315f187e6599d38c714374389de49f23b7984","0.88","v3 retry validation passed 2026-07-26: HTTP 200, application/pdf, %PDF magic, 558283 bytes, SHA-256 11afb9c2faaf27e068fd162c4f4315f187e6599d38c714374389de49f23b7984. OEM host techinfo.subaru.com; extracted text confirms 2021 Forester applicability and a complete maintenance section. Same validated document shared from subaru-outback-2021-base.",""
"1202","subaru-forester-2021-premium","2021","Subaru","Forester","Premium","","volume_suv","subaru","fixed_interval","B","https://techinfo.subaru.com/stis/doc/warrantyBooklet/2021_war_and_maint__081120.pdf","","Owner manual / maintenance booklet","Scheduled Maintenance","yes","subaru-outback-2021-base","32","200","application/pdf","11afb9c2faaf27e068fd162c4f4315f187e6599d38c714374389de49f23b7984","0.88","v3 retry validation passed 2026-07-26: HTTP 200, application/pdf, %PDF magic, 558283 bytes, SHA-256 11afb9c2faaf27e068fd162c4f4315f187e6599d38c714374389de49f23b7984. OEM host techinfo.subaru.com; extracted text confirms 2021 Forester applicability and a complete maintenance section. Same validated document shared from subaru-outback-2021-base.",""
"1203","subaru-forester-2021-limited","2021","Subaru","Forester","Limited","","volume_suv","subaru","fixed_interval","B","https://techinfo.subaru.com/stis/doc/warrantyBooklet/2021_war_and_maint__081120.pdf","","Owner manual / maintenance booklet","Scheduled Maintenance","yes","subaru-outback-2021-base","32","200","application/pdf","11afb9c2faaf27e068fd162c4f4315f187e6599d38c714374389de49f23b7984","0.88","v3 retry validation passed 2026-07-26: HTTP 200, application/pdf, %PDF magic, 558283 bytes, SHA-256 11afb9c2faaf27e068fd162c4f4315f187e6599d38c714374389de49f23b7984. OEM host techinfo.subaru.com; extracted text confirms 2021 Forester applicability and a complete maintenance section. Same validated document shared from subaru-outback-2021-base.",""
"1204","subaru-forester-2020-base","2020","Subaru","Forester","Base","","volume_suv","subaru","fixed_interval","B","https://techinfo.subaru.com/stis/doc/warrantyBooklet/2020_war_and_maint__020720.pdf","","Owner manual / maintenance booklet","Scheduled Maintenance","yes","subaru-outback-2020-base","32","200","application/pdf","a3278c2c15cf267d2c68bebfb522bda49857a72a63b1d24f74dd13c5e7525011","0.88","v3 retry validation passed 2026-07-26: HTTP 200, application/pdf, %PDF magic, 237441 bytes, SHA-256 a3278c2c15cf267d2c68bebfb522bda49857a72a63b1d24f74dd13c5e7525011. OEM host techinfo.subaru.com; extracted text confirms 2020 Forester applicability and a complete maintenance section. Same validated document shared from subaru-outback-2020-base.",""
"1205","subaru-forester-2020-premium","2020","Subaru","Forester","Premium","","volume_suv","subaru","fixed_interval","B","https://techinfo.subaru.com/stis/doc/warrantyBooklet/2020_war_and_maint__020720.pdf","","Owner manual / maintenance booklet","Scheduled Maintenance","yes","subaru-outback-2020-base","32","200","application/pdf","a3278c2c15cf267d2c68bebfb522bda49857a72a63b1d24f74dd13c5e7525011","0.88","v3 retry validation passed 2026-07-26: HTTP 200, application/pdf, %PDF magic, 237441 bytes, SHA-256 a3278c2c15cf267d2c68bebfb522bda49857a72a63b1d24f74dd13c5e7525011. OEM host techinfo.subaru.com; extracted text confirms 2020 Forester applicability and a complete maintenance section. Same validated document shared from subaru-outback-2020-base.",""
"1206","subaru-forester-2020-limited","2020","Subaru","Forester","Limited","","volume_suv","subaru","fixed_interval","B","https://techinfo.subaru.com/stis/doc/warrantyBooklet/2020_war_and_maint__020720.pdf","","Owner manual / maintenance booklet","Scheduled Maintenance","yes","subaru-outback-2020-base","32","200","application/pdf","a3278c2c15cf267d2c68bebfb522bda49857a72a63b1d24f74dd13c5e7525011","0.88","v3 retry validation passed 2026-07-26: HTTP 200, application/pdf, %PDF magic, 237441 bytes, SHA-256 a3278c2c15cf267d2c68bebfb522bda49857a72a63b1d24f74dd13c5e7525011. OEM host techinfo.subaru.com; extracted text confirms 2020 Forester applicability and a complete maintenance section. Same validated document shared from subaru-outback-2020-base.",""
"1207","hyundai-santa-fe-2025-se","2025","Hyundai","Santa Fe","SE","","volume_suv","hyundai","fixed_interval","B","https://owners.hyundaiusa.com/content/dam/hyundai/us/myhyundai/manuals/glovebox-manual/2025/santa-fe/MX5a-2025-en_US-WEB-2C.pdf","","Owner manual / maintenance booklet","Scheduled Maintenance","no","","675","200","application/pdf","81477ed1bb628514f0f7198716e747210d173ab851e527087e8e5666f3c3e84a","0.96","v3 retry validation passed 2026-07-26: HTTP 200, application/pdf, %PDF magic, 24462431 bytes, SHA-256 81477ed1bb628514f0f7198716e747210d173ab851e527087e8e5666f3c3e84a. OEM host owners.hyundaiusa.com; extracted text confirms 2025 Santa Fe applicability and a complete maintenance section. Primary validation row for this document.",""
"1208","hyundai-santa-fe-2025-sel","2025","Hyundai","Santa Fe","SEL","","volume_suv","hyundai","fixed_interval","B","https://owners.hyundaiusa.com/content/dam/hyundai/us/myhyundai/manuals/glovebox-manual/2025/santa-fe/MX5a-2025-en_US-WEB-2C.pdf","","Owner manual / maintenance booklet","Scheduled Maintenance","yes","hyundai-santa-fe-2025-se","675","200","application/pdf","81477ed1bb628514f0f7198716e747210d173ab851e527087e8e5666f3c3e84a","0.88","v3 retry validation passed 2026-07-26: HTTP 200, application/pdf, %PDF magic, 24462431 bytes, SHA-256 81477ed1bb628514f0f7198716e747210d173ab851e527087e8e5666f3c3e84a. OEM host owners.hyundaiusa.com; extracted text confirms 2025 Santa Fe applicability and a complete maintenance section. Same validated document shared from hyundai-santa-fe-2025-se.",""
"1209","hyundai-santa-fe-2025-limited","2025","Hyundai","Santa Fe","Limited","","volume_suv","hyundai","fixed_interval","B","https://owners.hyundaiusa.com/content/dam/hyundai/us/myhyundai/manuals/glovebox-manual/2025/santa-fe/MX5a-2025-en_US-WEB-2C.pdf","","Owner manual / maintenance booklet","Scheduled Maintenance","yes","hyundai-santa-fe-2025-se","675","200","application/pdf","81477ed1bb628514f0f7198716e747210d173ab851e527087e8e5666f3c3e84a","0.88","v3 retry validation passed 2026-07-26: HTTP 200, application/pdf, %PDF magic, 24462431 bytes, SHA-256 81477ed1bb628514f0f7198716e747210d173ab851e527087e8e5666f3c3e84a. OEM host owners.hyundaiusa.com; extracted text confirms 2025 Santa Fe applicability and a complete maintenance section. Same validated document shared from hyundai-santa-fe-2025-se.",""
"1211","hyundai-santa-fe-2024-sel","2024","Hyundai","Santa Fe","SEL","","volume_suv","hyundai","fixed_interval","B","https://owners.hyundaiusa.com/content/dam/hyundai/us/myhyundai/manuals/glovebox-manual/2024/santa-fe/MX5a-2024-en_US-WEB-2C.pdf","","Owner manual / maintenance booklet","Scheduled Maintenance","no","","675","200","application/pdf","cfca94c09625f2ff1d04d7ef537e45e1b9932cba616a7cb6324409161348dd6f","0.96","v3 retry validation passed 2026-07-26: HTTP 200, application/pdf, %PDF magic, 24458506 bytes, SHA-256 cfca94c09625f2ff1d04d7ef537e45e1b9932cba616a7cb6324409161348dd6f. OEM host owners.hyundaiusa.com; extracted text confirms 2024 Santa Fe applicability and a complete maintenance section. Primary validation row for this document.",""
"1212","hyundai-santa-fe-2024-limited","2024","Hyundai","Santa Fe","Limited","","volume_suv","hyundai","fixed_interval","B","https://owners.hyundaiusa.com/content/dam/hyundai/us/myhyundai/manuals/glovebox-manual/2024/santa-fe/MX5a-2024-en_US-WEB-2C.pdf","","Owner manual / maintenance booklet","Scheduled Maintenance","yes","hyundai-santa-fe-2024-sel","675","200","application/pdf","cfca94c09625f2ff1d04d7ef537e45e1b9932cba616a7cb6324409161348dd6f","0.88","v3 retry validation passed 2026-07-26: HTTP 200, application/pdf, %PDF magic, 24458506 bytes, SHA-256 cfca94c09625f2ff1d04d7ef537e45e1b9932cba616a7cb6324409161348dd6f. OEM host owners.hyundaiusa.com; extracted text confirms 2024 Santa Fe applicability and a complete maintenance section. Same validated document shared from hyundai-santa-fe-2024-sel.",""
"1213","hyundai-santa-fe-2023-se","2023","Hyundai","Santa Fe","SE","","volume_suv","hyundai","fixed_interval","B","https://owners.hyundaiusa.com/content/dam/hyundai/us/myhyundai/manuals/glovebox-manual/2023/santa-fe/2023-Santa-Fe-Owners-Manual.pdf","","Owner manual / maintenance booklet","Scheduled Maintenance","no","","624","200","application/pdf","9599b59e473b7d4bc8eeb696978d028b35669d537ea736028b1c77e0e9b9761c","0.96","v3 retry validation passed 2026-07-26: HTTP 200, application/pdf, %PDF magic, 8521521 bytes, SHA-256 9599b59e473b7d4bc8eeb696978d028b35669d537ea736028b1c77e0e9b9761c. OEM host owners.hyundaiusa.com; extracted text confirms 2023 Santa Fe applicability and a complete maintenance section. Primary validation row for this document.",""
"1214","hyundai-santa-fe-2023-sel","2023","Hyundai","Santa Fe","SEL","","volume_suv","hyundai","fixed_interval","B","https://owners.hyundaiusa.com/content/dam/hyundai/us/myhyundai/manuals/glovebox-manual/2023/santa-fe/2023-Santa-Fe-Owners-Manual.pdf","","Owner manual / maintenance booklet","Scheduled Maintenance","yes","hyundai-santa-fe-2023-se","624","200","application/pdf","9599b59e473b7d4bc8eeb696978d028b35669d537ea736028b1c77e0e9b9761c","0.88","v3 retry validation passed 2026-07-26: HTTP 200, application/pdf, %PDF magic, 8521521 bytes, SHA-256 9599b59e473b7d4bc8eeb696978d028b35669d537ea736028b1c77e0e9b9761c. OEM host owners.hyundaiusa.com; extracted text confirms 2023 Santa Fe applicability and a complete maintenance section. Same validated document shared from hyundai-santa-fe-2023-se.",""
"1215","hyundai-santa-fe-2023-limited","2023","Hyundai","Santa Fe","Limited","","volume_suv","hyundai","fixed_interval","B","https://owners.hyundaiusa.com/content/dam/hyundai/us/myhyundai/manuals/glovebox-manual/2023/santa-fe/2023-Santa-Fe-Owners-Manual.pdf","","Owner manual / maintenance booklet","Scheduled Maintenance","yes","hyundai-santa-fe-2023-se","624","200","application/pdf","9599b59e473b7d4bc8eeb696978d028b35669d537ea736028b1c77e0e9b9761c","0.88","v3 retry validation passed 2026-07-26: HTTP 200, application/pdf, %PDF magic, 8521521 bytes, SHA-256 9599b59e473b7d4bc8eeb696978d028b35669d537ea736028b1c77e0e9b9761c. OEM host owners.hyundaiusa.com; extracted text confirms 2023 Santa Fe applicability and a complete maintenance section. Same validated document shared from hyundai-santa-fe-2023-se.",""
"1216","hyundai-santa-fe-2022-se","2022","Hyundai","Santa Fe","SE","","volume_suv","hyundai","fixed_interval","B","https://owners.hyundaiusa.com/content/dam/hyundai/us/myhyundai/manuals/glovebox-manual/2022/santa-fe/2022-Santa-Fe-Owners-Manual.pdf","","Owner manual / maintenance booklet","Scheduled Maintenance","no","","637","200","application/pdf","237e5e6943b4adc1cd2886f822cfc9d21f728a2f785c02f118399d58fbdb0e7b","0.96","v3 retry validation passed 2026-07-26: HTTP 200, application/pdf, %PDF magic, 12468071 bytes, SHA-256 237e5e6943b4adc1cd2886f822cfc9d21f728a2f785c02f118399d58fbdb0e7b. OEM host owners.hyundaiusa.com; extracted text confirms 2022 Santa Fe applicability and a complete maintenance section. Primary validation row for this document.",""
"1217","hyundai-santa-fe-2022-sel","2022","Hyundai","Santa Fe","SEL","","volume_suv","hyundai","fixed_interval","B","https://owners.hyundaiusa.com/content/dam/hyundai/us/myhyundai/manuals/glovebox-manual/2022/santa-fe/2022-Santa-Fe-Owners-Manual.pdf","","Owner manual / maintenance booklet","Scheduled Maintenance","yes","hyundai-santa-fe-2022-se","637","200","application/pdf","237e5e6943b4adc1cd2886f822cfc9d21f728a2f785c02f118399d58fbdb0e7b","0.88","v3 retry validation passed 2026-07-26: HTTP 200, application/pdf, %PDF magic, 12468071 bytes, SHA-256 237e5e6943b4adc1cd2886f822cfc9d21f728a2f785c02f118399d58fbdb0e7b. OEM host owners.hyundaiusa.com; extracted text confirms 2022 Santa Fe applicability and a complete maintenance section. Same validated document shared from hyundai-santa-fe-2022-se.",""
"1218","hyundai-santa-fe-2022-limited","2022","Hyundai","Santa Fe","Limited","","volume_suv","hyundai","fixed_interval","B","https://owners.hyundaiusa.com/content/dam/hyundai/us/myhyundai/manuals/glovebox-manual/2022/santa-fe/2022-Santa-Fe-Owners-Manual.pdf","","Owner manual / maintenance booklet","Scheduled Maintenance","yes","hyundai-santa-fe-2022-se","637","200","application/pdf","237e5e6943b4adc1cd2886f822cfc9d21f728a2f785c02f118399d58fbdb0e7b","0.88","v3 retry validation passed 2026-07-26: HTTP 200, application/pdf, %PDF magic, 12468071 bytes, SHA-256 237e5e6943b4adc1cd2886f822cfc9d21f728a2f785c02f118399d58fbdb0e7b. OEM host owners.hyundaiusa.com; extracted text confirms 2022 Santa Fe applicability and a complete maintenance section. Same validated document shared from hyundai-santa-fe-2022-se.",""
"1219","hyundai-santa-fe-2021-se","2021","Hyundai","Santa Fe","SE","","volume_suv","hyundai","fixed_interval","D","","","","","no","","","","","","0.00","v3 OEM-first retry completed 2026-07-26; no uninspected URL promoted.","No direct public US-market Hyundai PDF with both exact YMM identity and an extractable maintenance schedule was verified. Candidate checks: request-failed: fetch failed."
"1220","hyundai-santa-fe-2021-sel","2021","Hyundai","Santa Fe","SEL","","volume_suv","hyundai","fixed_interval","D","","","","","no","","","","","","0.00","v3 OEM-first retry completed 2026-07-26; no uninspected URL promoted.","No direct public US-market Hyundai PDF with both exact YMM identity and an extractable maintenance schedule was verified. Candidate checks: request-failed: fetch failed."
"1221","hyundai-santa-fe-2021-limited","2021","Hyundai","Santa Fe","Limited","","volume_suv","hyundai","fixed_interval","D","","","","","no","","","","","","0.00","v3 OEM-first retry completed 2026-07-26; no uninspected URL promoted.","No direct public US-market Hyundai PDF with both exact YMM identity and an extractable maintenance schedule was verified. Candidate checks: request-failed: fetch failed."
"1222","hyundai-santa-fe-2020-se","2020","Hyundai","Santa Fe","SE","","volume_suv","hyundai","fixed_interval","D","","","","","no","","","","","","0.00","v3 OEM-first retry completed 2026-07-26; no uninspected URL promoted.","No direct public US-market Hyundai PDF with both exact YMM identity and an extractable maintenance schedule was verified. Candidate checks: request-failed: fetch failed."
"1223","hyundai-santa-fe-2020-sel","2020","Hyundai","Santa Fe","SEL","","volume_suv","hyundai","fixed_interval","D","","","","","no","","","","","","0.00","v3 OEM-first retry completed 2026-07-26; no uninspected URL promoted.","No direct public US-market Hyundai PDF with both exact YMM identity and an extractable maintenance schedule was verified. Candidate checks: request-failed: fetch failed."
"1224","hyundai-santa-fe-2020-limited","2020","Hyundai","Santa Fe","Limited","","volume_suv","hyundai","fixed_interval","D","","","","","no","","","","","","0.00","v3 OEM-first retry completed 2026-07-26; no uninspected URL promoted.","No direct public US-market Hyundai PDF with both exact YMM identity and an extractable maintenance schedule was verified. Candidate checks: request-failed: fetch failed."
"1225","kia-telluride-2025-lx","2025","Kia","Telluride","LX","","volume_suv","kia","fixed_interval","D","","","","","no","","","","","","0.00","v3 OEM-first retry completed 2026-07-26; no uninspected URL promoted.","The Kia owner portal is session-gated and no attributable, byte-valid public mirror was verified for this exact model year/model."
"1226","kia-telluride-2025-ex","2025","Kia","Telluride","EX","","volume_suv","kia","fixed_interval","D","","","","","no","","","","","","0.00","v3 OEM-first retry completed 2026-07-26; no uninspected URL promoted.","The Kia owner portal is session-gated and no attributable, byte-valid public mirror was verified for this exact model year/model."
"1227","kia-telluride-2025-sx","2025","Kia","Telluride","SX","","volume_suv","kia","fixed_interval","D","","","","","no","","","","","","0.00","v3 OEM-first retry completed 2026-07-26; no uninspected URL promoted.","The Kia owner portal is session-gated and no attributable, byte-valid public mirror was verified for this exact model year/model."
"1229","kia-telluride-2024-ex","2024","Kia","Telluride","EX","","volume_suv","kia","fixed_interval","D","","","","","no","","","","","","0.00","v3 OEM-first retry completed 2026-07-26; no uninspected URL promoted.","The Kia owner portal is session-gated and no attributable, byte-valid public mirror was verified for this exact model year/model. Candidate checks: request-failed: fetch failed."
"1230","kia-telluride-2024-sx","2024","Kia","Telluride","SX","","volume_suv","kia","fixed_interval","D","","","","","no","","","","","","0.00","v3 OEM-first retry completed 2026-07-26; no uninspected URL promoted.","The Kia owner portal is session-gated and no attributable, byte-valid public mirror was verified for this exact model year/model. Candidate checks: request-failed: fetch failed."
"1231","kia-telluride-2023-lx","2023","Kia","Telluride","LX","","volume_suv","kia","fixed_interval","D","","","","","no","","","","","","0.00","v3 OEM-first retry completed 2026-07-26; no uninspected URL promoted.","The Kia owner portal is session-gated and no attributable, byte-valid public mirror was verified for this exact model year/model."
"1232","kia-telluride-2023-ex","2023","Kia","Telluride","EX","","volume_suv","kia","fixed_interval","D","","","","","no","","","","","","0.00","v3 OEM-first retry completed 2026-07-26; no uninspected URL promoted.","The Kia owner portal is session-gated and no attributable, byte-valid public mirror was verified for this exact model year/model."
"1233","kia-telluride-2023-sx","2023","Kia","Telluride","SX","","volume_suv","kia","fixed_interval","D","","","","","no","","","","","","0.00","v3 OEM-first retry completed 2026-07-26; no uninspected URL promoted.","The Kia owner portal is session-gated and no attributable, byte-valid public mirror was verified for this exact model year/model."
"1234","kia-telluride-2022-lx","2022","Kia","Telluride","LX","","volume_suv","kia","fixed_interval","D","","","","","no","","","","","","0.00","v3 OEM-first retry completed 2026-07-26; no uninspected URL promoted.","The Kia owner portal is session-gated and no attributable, byte-valid public mirror was verified for this exact model year/model."
"1235","kia-telluride-2022-ex","2022","Kia","Telluride","EX","","volume_suv","kia","fixed_interval","D","","","","","no","","","","","","0.00","v3 OEM-first retry completed 2026-07-26; no uninspected URL promoted.","The Kia owner portal is session-gated and no attributable, byte-valid public mirror was verified for this exact model year/model."
"1236","kia-telluride-2022-sx","2022","Kia","Telluride","SX","","volume_suv","kia","fixed_interval","D","","","","","no","","","","","","0.00","v3 OEM-first retry completed 2026-07-26; no uninspected URL promoted.","The Kia owner portal is session-gated and no attributable, byte-valid public mirror was verified for this exact model year/model."
"1237","kia-telluride-2021-lx","2021","Kia","Telluride","LX","","volume_suv","kia","fixed_interval","D","","","","","no","","","","","","0.00","v3 OEM-first retry completed 2026-07-26; no uninspected URL promoted.","The Kia owner portal is session-gated and no attributable, byte-valid public mirror was verified for this exact model year/model."
"1238","kia-telluride-2021-ex","2021","Kia","Telluride","EX","","volume_suv","kia","fixed_interval","D","","","","","no","","","","","","0.00","v3 OEM-first retry completed 2026-07-26; no uninspected URL promoted.","The Kia owner portal is session-gated and no attributable, byte-valid public mirror was verified for this exact model year/model."
"1239","kia-telluride-2021-sx","2021","Kia","Telluride","SX","","volume_suv","kia","fixed_interval","D","","","","","no","","","","","","0.00","v3 OEM-first retry completed 2026-07-26; no uninspected URL promoted.","The Kia owner portal is session-gated and no attributable, byte-valid public mirror was verified for this exact model year/model."
"1240","kia-telluride-2020-lx","2020","Kia","Telluride","LX","","volume_suv","kia","fixed_interval","D","","","","","no","","","","","","0.00","v3 OEM-first retry completed 2026-07-26; no uninspected URL promoted.","The Kia owner portal is session-gated and no attributable, byte-valid public mirror was verified for this exact model year/model."
"1241","kia-telluride-2020-ex","2020","Kia","Telluride","EX","","volume_suv","kia","fixed_interval","D","","","","","no","","","","","","0.00","v3 OEM-first retry completed 2026-07-26; no uninspected URL promoted.","The Kia owner portal is session-gated and no attributable, byte-valid public mirror was verified for this exact model year/model."
"1242","kia-telluride-2020-sx","2020","Kia","Telluride","SX","","volume_suv","kia","fixed_interval","D","","","","","no","","","","","","0.00","v3 OEM-first retry completed 2026-07-26; no uninspected URL promoted.","The Kia owner portal is session-gated and no attributable, byte-valid public mirror was verified for this exact model year/model."
"1265","ford-escape-2024-sel","2024","Ford","Escape","SEL","","volume_suv","ford","fixed_interval","B","https://www.fordservicecontent.com/Ford_Content/Catalog/owner_information/2024_Ford_Escape_Owners_Manual_version_1_om_EN-US.pdf","","Owner manual / maintenance booklet","Scheduled Maintenance","no","","581","200","application/pdf","9eb0df3965cbc82ea399a1537e713282de0882ef33da525203b6d900a408fd6b","0.96","v3 retry validation passed 2026-07-26: HTTP 200, application/pdf, %PDF magic, 60209833 bytes, SHA-256 9eb0df3965cbc82ea399a1537e713282de0882ef33da525203b6d900a408fd6b. OEM host www.fordservicecontent.com; extracted text confirms 2024 Escape applicability and a complete maintenance section. Primary validation row for this document.",""
"1266","ford-escape-2024-titanium","2024","Ford","Escape","Titanium","","volume_suv","ford","fixed_interval","B","https://www.fordservicecontent.com/Ford_Content/Catalog/owner_information/2024_Ford_Escape_Owners_Manual_version_1_om_EN-US.pdf","","Owner manual / maintenance booklet","Scheduled Maintenance","yes","ford-escape-2024-sel","581","200","application/pdf","9eb0df3965cbc82ea399a1537e713282de0882ef33da525203b6d900a408fd6b","0.88","v3 retry validation passed 2026-07-26: HTTP 200, application/pdf, %PDF magic, 60209833 bytes, SHA-256 9eb0df3965cbc82ea399a1537e713282de0882ef33da525203b6d900a408fd6b. OEM host www.fordservicecontent.com; extracted text confirms 2024 Escape applicability and a complete maintenance section. Same validated document shared from ford-escape-2024-sel.",""
"1267","ford-escape-2023-se","2023","Ford","Escape","SE","","volume_suv","ford","fixed_interval","D","","","","","no","","","","","","0.00","v3 OEM-first retry completed 2026-07-26; no uninspected URL promoted.","No qualifying public US-market OEM or attributable mirror PDF passed byte, identity, and maintenance-section validation for this exact model year/model. Candidate checks: request-failed: fetch failed."
"1268","ford-escape-2023-sel","2023","Ford","Escape","SEL","","volume_suv","ford","fixed_interval","D","","","","","no","","","","","","0.00","v3 OEM-first retry completed 2026-07-26; no uninspected URL promoted.","No qualifying public US-market OEM or attributable mirror PDF passed byte, identity, and maintenance-section validation for this exact model year/model. Candidate checks: request-failed: fetch failed."
"1269","ford-escape-2023-titanium","2023","Ford","Escape","Titanium","","volume_suv","ford","fixed_interval","D","","","","","no","","","","","","0.00","v3 OEM-first retry completed 2026-07-26; no uninspected URL promoted.","No qualifying public US-market OEM or attributable mirror PDF passed byte, identity, and maintenance-section validation for this exact model year/model. Candidate checks: request-failed: fetch failed."
"1270","ford-escape-2022-se","2022","Ford","Escape","SE","","volume_suv","ford","fixed_interval","D","","","","","no","","","","","","0.00","v3 OEM-first retry completed 2026-07-26; no uninspected URL promoted.","No qualifying public US-market OEM or attributable mirror PDF passed byte, identity, and maintenance-section validation for this exact model year/model. Candidate checks: request-failed: fetch failed."
"1271","ford-escape-2022-sel","2022","Ford","Escape","SEL","","volume_suv","ford","fixed_interval","D","","","","","no","","","","","","0.00","v3 OEM-first retry completed 2026-07-26; no uninspected URL promoted.","No qualifying public US-market OEM or attributable mirror PDF passed byte, identity, and maintenance-section validation for this exact model year/model. Candidate checks: request-failed: fetch failed."
"1272","ford-escape-2022-titanium","2022","Ford","Escape","Titanium","","volume_suv","ford","fixed_interval","D","","","","","no","","","","","","0.00","v3 OEM-first retry completed 2026-07-26; no uninspected URL promoted.","No qualifying public US-market OEM or attributable mirror PDF passed byte, identity, and maintenance-section validation for this exact model year/model. Candidate checks: request-failed: fetch failed."
"1273","ford-escape-2021-se","2021","Ford","Escape","SE","","volume_suv","ford","fixed_interval","C","https://manuals.startmycar.com/published/Ford-Escape_2021_EN-US_US_4b98ceebaa.pdf","","Owner manual / maintenance booklet","Scheduled Maintenance","no","","589","200","application/pdf","bf2c4f9043b69e811c2bedaa2a9ef55f75aaeb778e70d25dd424e20661e8f5e0","0.96","v3 retry validation passed 2026-07-26: HTTP 200, application/pdf, %PDF magic, 9651189 bytes, SHA-256 bf2c4f9043b69e811c2bedaa2a9ef55f75aaeb778e70d25dd424e20661e8f5e0. Tier C mirror host manuals.startmycar.com; PDF text identifies Ford as publisher and confirms 2021 Escape applicability. Primary validation row for this document.",""
"1274","ford-escape-2021-sel","2021","Ford","Escape","SEL","","volume_suv","ford","fixed_interval","C","https://manuals.startmycar.com/published/Ford-Escape_2021_EN-US_US_4b98ceebaa.pdf","","Owner manual / maintenance booklet","Scheduled Maintenance","yes","ford-escape-2021-se","589","200","application/pdf","bf2c4f9043b69e811c2bedaa2a9ef55f75aaeb778e70d25dd424e20661e8f5e0","0.88","v3 retry validation passed 2026-07-26: HTTP 200, application/pdf, %PDF magic, 9651189 bytes, SHA-256 bf2c4f9043b69e811c2bedaa2a9ef55f75aaeb778e70d25dd424e20661e8f5e0. Tier C mirror host manuals.startmycar.com; PDF text identifies Ford as publisher and confirms 2021 Escape applicability. Same validated document shared from ford-escape-2021-se.",""
"1275","ford-escape-2021-titanium","2021","Ford","Escape","Titanium","","volume_suv","ford","fixed_interval","C","https://manuals.startmycar.com/published/Ford-Escape_2021_EN-US_US_4b98ceebaa.pdf","","Owner manual / maintenance booklet","Scheduled Maintenance","yes","ford-escape-2021-se","589","200","application/pdf","bf2c4f9043b69e811c2bedaa2a9ef55f75aaeb778e70d25dd424e20661e8f5e0","0.88","v3 retry validation passed 2026-07-26: HTTP 200, application/pdf, %PDF magic, 9651189 bytes, SHA-256 bf2c4f9043b69e811c2bedaa2a9ef55f75aaeb778e70d25dd424e20661e8f5e0. Tier C mirror host manuals.startmycar.com; PDF text identifies Ford as publisher and confirms 2021 Escape applicability. Same validated document shared from ford-escape-2021-se.",""
"1276","ford-escape-2020-se","2020","Ford","Escape","SE","","volume_suv","ford","fixed_interval","C","https://manuals.startmycar.com/published/Ford-Escape_2020_EN-US_US_73f0e52f93.pdf","","Owner manual / maintenance booklet","Scheduled Maintenance","no","","553","200","application/pdf","ecfa0e61230db2d043bce45f4a8f64073e4f8c494157ab43d6009b3a93fb4126","0.96","v3 retry validation passed 2026-07-26: HTTP 200, application/pdf, %PDF magic, 8101923 bytes, SHA-256 ecfa0e61230db2d043bce45f4a8f64073e4f8c494157ab43d6009b3a93fb4126. Tier C mirror host manuals.startmycar.com; PDF text identifies Ford as publisher and confirms 2020 Escape applicability. Primary validation row for this document.",""
"1277","ford-escape-2020-sel","2020","Ford","Escape","SEL","","volume_suv","ford","fixed_interval","C","https://manuals.startmycar.com/published/Ford-Escape_2020_EN-US_US_73f0e52f93.pdf","","Owner manual / maintenance booklet","Scheduled Maintenance","yes","ford-escape-2020-se","553","200","application/pdf","ecfa0e61230db2d043bce45f4a8f64073e4f8c494157ab43d6009b3a93fb4126","0.88","v3 retry validation passed 2026-07-26: HTTP 200, application/pdf, %PDF magic, 8101923 bytes, SHA-256 ecfa0e61230db2d043bce45f4a8f64073e4f8c494157ab43d6009b3a93fb4126. Tier C mirror host manuals.startmycar.com; PDF text identifies Ford as publisher and confirms 2020 Escape applicability. Same validated document shared from ford-escape-2020-se.",""
"1278","ford-escape-2020-titanium","2020","Ford","Escape","Titanium","","volume_suv","ford","fixed_interval","C","https://manuals.startmycar.com/published/Ford-Escape_2020_EN-US_US_73f0e52f93.pdf","","Owner manual / maintenance booklet","Scheduled Maintenance","yes","ford-escape-2020-se","553","200","application/pdf","ecfa0e61230db2d043bce45f4a8f64073e4f8c494157ab43d6009b3a93fb4126","0.88","v3 retry validation passed 2026-07-26: HTTP 200, application/pdf, %PDF magic, 8101923 bytes, SHA-256 ecfa0e61230db2d043bce45f4a8f64073e4f8c494157ab43d6009b3a93fb4126. Tier C mirror host manuals.startmycar.com; PDF text identifies Ford as publisher and confirms 2020 Escape applicability. Same validated document shared from ford-escape-2020-se.",""
"1279","chevrolet-traverse-2025-lt","2025","Chevrolet","Traverse","LT","","volume_suv","chevy","fixed_interval","D","","","","","no","","","","","","0.00","v3 OEM-first retry completed 2026-07-26; no uninspected URL promoted.","No qualifying public US-market OEM or attributable mirror PDF passed byte, identity, and maintenance-section validation for this exact model year/model. Candidate checks: request-failed: fetch failed."
"1280","chevrolet-traverse-2025-rs","2025","Chevrolet","Traverse","RS","","volume_suv","chevy","fixed_interval","D","","","","","no","","","","","","0.00","v3 OEM-first retry completed 2026-07-26; no uninspected URL promoted.","No qualifying public US-market OEM or attributable mirror PDF passed byte, identity, and maintenance-section validation for this exact model year/model. Candidate checks: request-failed: fetch failed."
"1281","chevrolet-traverse-2025-premier","2025","Chevrolet","Traverse","Premier","","volume_suv","chevy","fixed_interval","D","","","","","no","","","","","","0.00","v3 OEM-first retry completed 2026-07-26; no uninspected URL promoted.","No qualifying public US-market OEM or attributable mirror PDF passed byte, identity, and maintenance-section validation for this exact model year/model. Candidate checks: request-failed: fetch failed."
"1282","chevrolet-traverse-2024-lt","2024","Chevrolet","Traverse","LT","","volume_suv","chevy","fixed_interval","B","https://contentdelivery.ext.gm.com/content/dam/cope/en_us/public/pdf_assets/active/owners_manuals_browse/2024/24_CHEV_Traverse_OM_en_US_U_17442647D_2024OCT10_4P.pdf","","Owner manual / maintenance booklet","Scheduled Maintenance","no","","376","200","application/pdf","36b35e0d08aa7d773b400f3af72d81b9229939f6874d50cf3e70ebeea544fb88","0.96","v3 retry validation passed 2026-07-26: HTTP 200, application/pdf, %PDF magic, 14124375 bytes, SHA-256 36b35e0d08aa7d773b400f3af72d81b9229939f6874d50cf3e70ebeea544fb88. OEM host contentdelivery.ext.gm.com; extracted text confirms 2024 Traverse applicability and a complete maintenance section. Primary validation row for this document.",""
"1283","chevrolet-traverse-2024-rs","2024","Chevrolet","Traverse","RS","","volume_suv","chevy","fixed_interval","B","https://contentdelivery.ext.gm.com/content/dam/cope/en_us/public/pdf_assets/active/owners_manuals_browse/2024/24_CHEV_Traverse_OM_en_US_U_17442647D_2024OCT10_4P.pdf","","Owner manual / maintenance booklet","Scheduled Maintenance","yes","chevrolet-traverse-2024-lt","376","200","application/pdf","36b35e0d08aa7d773b400f3af72d81b9229939f6874d50cf3e70ebeea544fb88","0.88","v3 retry validation passed 2026-07-26: HTTP 200, application/pdf, %PDF magic, 14124375 bytes, SHA-256 36b35e0d08aa7d773b400f3af72d81b9229939f6874d50cf3e70ebeea544fb88. OEM host contentdelivery.ext.gm.com; extracted text confirms 2024 Traverse applicability and a complete maintenance section. Same validated document shared from chevrolet-traverse-2024-lt.",""
"1284","chevrolet-traverse-2024-premier","2024","Chevrolet","Traverse","Premier","","volume_suv","chevy","fixed_interval","B","https://contentdelivery.ext.gm.com/content/dam/cope/en_us/public/pdf_assets/active/owners_manuals_browse/2024/24_CHEV_Traverse_OM_en_US_U_17442647D_2024OCT10_4P.pdf","","Owner manual / maintenance booklet","Scheduled Maintenance","yes","chevrolet-traverse-2024-lt","376","200","application/pdf","36b35e0d08aa7d773b400f3af72d81b9229939f6874d50cf3e70ebeea544fb88","0.88","v3 retry validation passed 2026-07-26: HTTP 200, application/pdf, %PDF magic, 14124375 bytes, SHA-256 36b35e0d08aa7d773b400f3af72d81b9229939f6874d50cf3e70ebeea544fb88. OEM host contentdelivery.ext.gm.com; extracted text confirms 2024 Traverse applicability and a complete maintenance section. Same validated document shared from chevrolet-traverse-2024-lt.",""
"1285","chevrolet-traverse-2023-lt","2023","Chevrolet","Traverse","LT","","volume_suv","chevy","fixed_interval","C","https://manuals.startmycar.com/published/Chevrolet-Traverse_2023_EN_US_3f8171d068.pdf","","Owner manual / maintenance booklet","Scheduled Maintenance","no","","367","200","application/pdf","e5edcacccafd679ddf844bd4248108716fc41f3919cf46176776014baefbb63d","0.96","v3 retry validation passed 2026-07-26: HTTP 200, application/pdf, %PDF magic, 19454434 bytes, SHA-256 e5edcacccafd679ddf844bd4248108716fc41f3919cf46176776014baefbb63d. Tier C mirror host manuals.startmycar.com; PDF text identifies Chevrolet as publisher and confirms 2023 Traverse applicability. Primary validation row for this document.",""
"1286","chevrolet-traverse-2023-rs","2023","Chevrolet","Traverse","RS","","volume_suv","chevy","fixed_interval","C","https://manuals.startmycar.com/published/Chevrolet-Traverse_2023_EN_US_3f8171d068.pdf","","Owner manual / maintenance booklet","Scheduled Maintenance","yes","chevrolet-traverse-2023-lt","367","200","application/pdf","e5edcacccafd679ddf844bd4248108716fc41f3919cf46176776014baefbb63d","0.88","v3 retry validation passed 2026-07-26: HTTP 200, application/pdf, %PDF magic, 19454434 bytes, SHA-256 e5edcacccafd679ddf844bd4248108716fc41f3919cf46176776014baefbb63d. Tier C mirror host manuals.startmycar.com; PDF text identifies Chevrolet as publisher and confirms 2023 Traverse applicability. Same validated document shared from chevrolet-traverse-2023-lt.",""
"1287","chevrolet-traverse-2023-premier","2023","Chevrolet","Traverse","Premier","","volume_suv","chevy","fixed_interval","C","https://manuals.startmycar.com/published/Chevrolet-Traverse_2023_EN_US_3f8171d068.pdf","","Owner manual / maintenance booklet","Scheduled Maintenance","yes","chevrolet-traverse-2023-lt","367","200","application/pdf","e5edcacccafd679ddf844bd4248108716fc41f3919cf46176776014baefbb63d","0.88","v3 retry validation passed 2026-07-26: HTTP 200, application/pdf, %PDF magic, 19454434 bytes, SHA-256 e5edcacccafd679ddf844bd4248108716fc41f3919cf46176776014baefbb63d. Tier C mirror host manuals.startmycar.com; PDF text identifies Chevrolet as publisher and confirms 2023 Traverse applicability. Same validated document shared from chevrolet-traverse-2023-lt.",""
"1315","hyundai-elantra-2025-se","2025","Hyundai","Elantra","SE","","volume_sedan","hyundai","fixed_interval","D","","","","","no","","","","","","0.00","v3 OEM-first retry completed 2026-07-26; no uninspected URL promoted.","No direct public US-market Hyundai PDF with both exact YMM identity and an extractable maintenance schedule was verified. Candidate checks: request-failed: fetch failed."
"1316","hyundai-elantra-2025-sel","2025","Hyundai","Elantra","SEL","","volume_sedan","hyundai","fixed_interval","D","","","","","no","","","","","","0.00","v3 OEM-first retry completed 2026-07-26; no uninspected URL promoted.","No direct public US-market Hyundai PDF with both exact YMM identity and an extractable maintenance schedule was verified. Candidate checks: request-failed: fetch failed."
"1317","hyundai-elantra-2025-limited","2025","Hyundai","Elantra","Limited","","volume_sedan","hyundai","fixed_interval","D","","","","","no","","","","","","0.00","v3 OEM-first retry completed 2026-07-26; no uninspected URL promoted.","No direct public US-market Hyundai PDF with both exact YMM identity and an extractable maintenance schedule was verified. Candidate checks: request-failed: fetch failed."
"1319","hyundai-elantra-2024-sel","2024","Hyundai","Elantra","SEL","","volume_sedan","hyundai","fixed_interval","B","https://owners.hyundaiusa.com/content/dam/hyundai/us/myhyundai/manuals/glovebox-manual/2024/elantra/2024%20Elantra%20ICE%20and%20N-Line%20(CN7)%20OM.pdf","","Owner manual / maintenance booklet","Scheduled Maintenance","no","","535","200","application/pdf","afcd654bfdb7c3a409a4e64f3787be6cd2ef8b1b2e6c8b7ab78fe453e2c052ce","0.96","v3 retry validation passed 2026-07-26: HTTP 200, application/pdf, %PDF magic, 17041570 bytes, SHA-256 afcd654bfdb7c3a409a4e64f3787be6cd2ef8b1b2e6c8b7ab78fe453e2c052ce. OEM host owners.hyundaiusa.com; extracted text confirms 2024 Elantra applicability and a complete maintenance section. Primary validation row for this document.",""
"1320","hyundai-elantra-2024-limited","2024","Hyundai","Elantra","Limited","","volume_sedan","hyundai","fixed_interval","B","https://owners.hyundaiusa.com/content/dam/hyundai/us/myhyundai/manuals/glovebox-manual/2024/elantra/2024%20Elantra%20ICE%20and%20N-Line%20(CN7)%20OM.pdf","","Owner manual / maintenance booklet","Scheduled Maintenance","yes","hyundai-elantra-2024-sel","535","200","application/pdf","afcd654bfdb7c3a409a4e64f3787be6cd2ef8b1b2e6c8b7ab78fe453e2c052ce","0.88","v3 retry validation passed 2026-07-26: HTTP 200, application/pdf, %PDF magic, 17041570 bytes, SHA-256 afcd654bfdb7c3a409a4e64f3787be6cd2ef8b1b2e6c8b7ab78fe453e2c052ce. OEM host owners.hyundaiusa.com; extracted text confirms 2024 Elantra applicability and a complete maintenance section. Same validated document shared from hyundai-elantra-2024-sel.",""
"1321","hyundai-elantra-2023-se","2023","Hyundai","Elantra","SE","","volume_sedan","hyundai","fixed_interval","B","https://owners.hyundaiusa.com/content/dam/hyundai/us/myhyundai/manuals/glovebox-manual/2023/elantra/2023-Elantra-Owners-Manual.pdf","","Owner manual / maintenance booklet","Scheduled Maintenance","no","","572","200","application/pdf","5f0baef6df2e97cdcf3006198e3223443a8869299671250fabbd76ccff5f944f","0.96","v3 retry validation passed 2026-07-26: HTTP 200, application/pdf, %PDF magic, 7637327 bytes, SHA-256 5f0baef6df2e97cdcf3006198e3223443a8869299671250fabbd76ccff5f944f. OEM host owners.hyundaiusa.com; extracted text confirms 2023 Elantra applicability and a complete maintenance section. Primary validation row for this document.",""
"1322","hyundai-elantra-2023-sel","2023","Hyundai","Elantra","SEL","","volume_sedan","hyundai","fixed_interval","B","https://owners.hyundaiusa.com/content/dam/hyundai/us/myhyundai/manuals/glovebox-manual/2023/elantra/2023-Elantra-Owners-Manual.pdf","","Owner manual / maintenance booklet","Scheduled Maintenance","yes","hyundai-elantra-2023-se","572","200","application/pdf","5f0baef6df2e97cdcf3006198e3223443a8869299671250fabbd76ccff5f944f","0.88","v3 retry validation passed 2026-07-26: HTTP 200, application/pdf, %PDF magic, 7637327 bytes, SHA-256 5f0baef6df2e97cdcf3006198e3223443a8869299671250fabbd76ccff5f944f. OEM host owners.hyundaiusa.com; extracted text confirms 2023 Elantra applicability and a complete maintenance section. Same validated document shared from hyundai-elantra-2023-se.",""
"1323","hyundai-elantra-2023-limited","2023","Hyundai","Elantra","Limited","","volume_sedan","hyundai","fixed_interval","B","https://owners.hyundaiusa.com/content/dam/hyundai/us/myhyundai/manuals/glovebox-manual/2023/elantra/2023-Elantra-Owners-Manual.pdf","","Owner manual / maintenance booklet","Scheduled Maintenance","yes","hyundai-elantra-2023-se","572","200","application/pdf","5f0baef6df2e97cdcf3006198e3223443a8869299671250fabbd76ccff5f944f","0.88","v3 retry validation passed 2026-07-26: HTTP 200, application/pdf, %PDF magic, 7637327 bytes, SHA-256 5f0baef6df2e97cdcf3006198e3223443a8869299671250fabbd76ccff5f944f. OEM host owners.hyundaiusa.com; extracted text confirms 2023 Elantra applicability and a complete maintenance section. Same validated document shared from hyundai-elantra-2023-se.",""
"1324","hyundai-elantra-2022-se","2022","Hyundai","Elantra","SE","","volume_sedan","hyundai","fixed_interval","B","https://owners.hyundaiusa.com/content/dam/hyundai/us/myhyundai/manuals/glovebox-manual/2022/elantra/2022-Elantra-Owners-Manual.pdf","","Owner manual / maintenance booklet","Scheduled Maintenance","no","","584","200","application/pdf","aa3e2b25e281d26a2c162b735cb0dd9db945e2a5bb1e08c51f6cd55048322ff4","0.96","v3 retry validation passed 2026-07-26: HTTP 200, application/pdf, %PDF magic, 14763363 bytes, SHA-256 aa3e2b25e281d26a2c162b735cb0dd9db945e2a5bb1e08c51f6cd55048322ff4. OEM host owners.hyundaiusa.com; extracted text confirms 2022 Elantra applicability and a complete maintenance section. Primary validation row for this document.",""
"1325","hyundai-elantra-2022-sel","2022","Hyundai","Elantra","SEL","","volume_sedan","hyundai","fixed_interval","B","https://owners.hyundaiusa.com/content/dam/hyundai/us/myhyundai/manuals/glovebox-manual/2022/elantra/2022-Elantra-Owners-Manual.pdf","","Owner manual / maintenance booklet","Scheduled Maintenance","yes","hyundai-elantra-2022-se","584","200","application/pdf","aa3e2b25e281d26a2c162b735cb0dd9db945e2a5bb1e08c51f6cd55048322ff4","0.88","v3 retry validation passed 2026-07-26: HTTP 200, application/pdf, %PDF magic, 14763363 bytes, SHA-256 aa3e2b25e281d26a2c162b735cb0dd9db945e2a5bb1e08c51f6cd55048322ff4. OEM host owners.hyundaiusa.com; extracted text confirms 2022 Elantra applicability and a complete maintenance section. Same validated document shared from hyundai-elantra-2022-se.",""
"1326","hyundai-elantra-2022-limited","2022","Hyundai","Elantra","Limited","","volume_sedan","hyundai","fixed_interval","B","https://owners.hyundaiusa.com/content/dam/hyundai/us/myhyundai/manuals/glovebox-manual/2022/elantra/2022-Elantra-Owners-Manual.pdf","","Owner manual / maintenance booklet","Scheduled Maintenance","yes","hyundai-elantra-2022-se","584","200","application/pdf","aa3e2b25e281d26a2c162b735cb0dd9db945e2a5bb1e08c51f6cd55048322ff4","0.88","v3 retry validation passed 2026-07-26: HTTP 200, application/pdf, %PDF magic, 14763363 bytes, SHA-256 aa3e2b25e281d26a2c162b735cb0dd9db945e2a5bb1e08c51f6cd55048322ff4. OEM host owners.hyundaiusa.com; extracted text confirms 2022 Elantra applicability and a complete maintenance section. Same validated document shared from hyundai-elantra-2022-se.",""
"1327","hyundai-elantra-2021-se","2021","Hyundai","Elantra","SE","","volume_sedan","hyundai","fixed_interval","B","https://owners.hyundaiusa.com/content/dam/hyundai/us/myhyundai/manuals/glovebox-manual/2021/elantra/2021-Elantra-Owners-Manual.pdf","","Owner manual / maintenance booklet","Scheduled Maintenance","no","","570","200","application/pdf","97e3e4b4fd6534193d8380c820dca47f7ddb0c6eec5548d34e68dc40e7c913d5","0.96","v3 retry validation passed 2026-07-26: HTTP 200, application/pdf, %PDF magic, 54745543 bytes, SHA-256 97e3e4b4fd6534193d8380c820dca47f7ddb0c6eec5548d34e68dc40e7c913d5. OEM host owners.hyundaiusa.com; extracted text confirms 2021 Elantra applicability and a complete maintenance section. Primary validation row for this document.",""
"1328","hyundai-elantra-2021-sel","2021","Hyundai","Elantra","SEL","","volume_sedan","hyundai","fixed_interval","B","https://owners.hyundaiusa.com/content/dam/hyundai/us/myhyundai/manuals/glovebox-manual/2021/elantra/2021-Elantra-Owners-Manual.pdf","","Owner manual / maintenance booklet","Scheduled Maintenance","yes","hyundai-elantra-2021-se","570","200","application/pdf","97e3e4b4fd6534193d8380c820dca47f7ddb0c6eec5548d34e68dc40e7c913d5","0.88","v3 retry validation passed 2026-07-26: HTTP 200, application/pdf, %PDF magic, 54745543 bytes, SHA-256 97e3e4b4fd6534193d8380c820dca47f7ddb0c6eec5548d34e68dc40e7c913d5. OEM host owners.hyundaiusa.com; extracted text confirms 2021 Elantra applicability and a complete maintenance section. Same validated document shared from hyundai-elantra-2021-se.",""
"1329","hyundai-elantra-2021-limited","2021","Hyundai","Elantra","Limited","","volume_sedan","hyundai","fixed_interval","B","https://owners.hyundaiusa.com/content/dam/hyundai/us/myhyundai/manuals/glovebox-manual/2021/elantra/2021-Elantra-Owners-Manual.pdf","","Owner manual / maintenance booklet","Scheduled Maintenance","yes","hyundai-elantra-2021-se","570","200","application/pdf","97e3e4b4fd6534193d8380c820dca47f7ddb0c6eec5548d34e68dc40e7c913d5","0.88","v3 retry validation passed 2026-07-26: HTTP 200, application/pdf, %PDF magic, 54745543 bytes, SHA-256 97e3e4b4fd6534193d8380c820dca47f7ddb0c6eec5548d34e68dc40e7c913d5. OEM host owners.hyundaiusa.com; extracted text confirms 2021 Elantra applicability and a complete maintenance section. Same validated document shared from hyundai-elantra-2021-se.",""
"1330","hyundai-elantra-2020-se","2020","Hyundai","Elantra","SE","","volume_sedan","hyundai","fixed_interval","C","https://manuals.startmycar.com/published/Hyundai-Elantra_2020_EN-US_US_d43ca94d3f.pdf","","Owner manual / maintenance booklet","Scheduled Maintenance","no","","535","200","application/pdf","5c18339521a63dbec19f21cf8106c2acf8eac6f5589da5aa6739bd053ff8416f","0.96","v3 retry validation passed 2026-07-26: HTTP 200, application/pdf, %PDF magic, 16118184 bytes, SHA-256 5c18339521a63dbec19f21cf8106c2acf8eac6f5589da5aa6739bd053ff8416f. Tier C mirror host manuals.startmycar.com; PDF text identifies Hyundai as publisher and confirms 2020 Elantra applicability. Primary validation row for this document.",""
"1331","hyundai-elantra-2020-sel","2020","Hyundai","Elantra","SEL","","volume_sedan","hyundai","fixed_interval","C","https://manuals.startmycar.com/published/Hyundai-Elantra_2020_EN-US_US_d43ca94d3f.pdf","","Owner manual / maintenance booklet","Scheduled Maintenance","yes","hyundai-elantra-2020-se","535","200","application/pdf","5c18339521a63dbec19f21cf8106c2acf8eac6f5589da5aa6739bd053ff8416f","0.88","v3 retry validation passed 2026-07-26: HTTP 200, application/pdf, %PDF magic, 16118184 bytes, SHA-256 5c18339521a63dbec19f21cf8106c2acf8eac6f5589da5aa6739bd053ff8416f. Tier C mirror host manuals.startmycar.com; PDF text identifies Hyundai as publisher and confirms 2020 Elantra applicability. Same validated document shared from hyundai-elantra-2020-se.",""
"1332","hyundai-elantra-2020-limited","2020","Hyundai","Elantra","Limited","","volume_sedan","hyundai","fixed_interval","C","https://manuals.startmycar.com/published/Hyundai-Elantra_2020_EN-US_US_d43ca94d3f.pdf","","Owner manual / maintenance booklet","Scheduled Maintenance","yes","hyundai-elantra-2020-se","535","200","application/pdf","5c18339521a63dbec19f21cf8106c2acf8eac6f5589da5aa6739bd053ff8416f","0.88","v3 retry validation passed 2026-07-26: HTTP 200, application/pdf, %PDF magic, 16118184 bytes, SHA-256 5c18339521a63dbec19f21cf8106c2acf8eac6f5589da5aa6739bd053ff8416f. Tier C mirror host manuals.startmycar.com; PDF text identifies Hyundai as publisher and confirms 2020 Elantra applicability. Same validated document shared from hyundai-elantra-2020-se.",""
"1333","kia-k5-2025-lxs","2025","Kia","K5","LXS","","volume_sedan","kia","fixed_interval","D","","","","","no","","","","","","0.00","v3 OEM-first retry completed 2026-07-26; no uninspected URL promoted.","The Kia owner portal is session-gated and no attributable, byte-valid public mirror was verified for this exact model year/model."
"1334","kia-k5-2025-gt-line","2025","Kia","K5","GT-Line","","volume_sedan","kia","fixed_interval","D","","","","","no","","","","","","0.00","v3 OEM-first retry completed 2026-07-26; no uninspected URL promoted.","The Kia owner portal is session-gated and no attributable, byte-valid public mirror was verified for this exact model year/model."
"1335","kia-k5-2025-ex","2025","Kia","K5","EX","","volume_sedan","kia","fixed_interval","D","","","","","no","","","","","","0.00","v3 OEM-first retry completed 2026-07-26; no uninspected URL promoted.","The Kia owner portal is session-gated and no attributable, byte-valid public mirror was verified for this exact model year/model."
"1337","kia-k5-2024-gt-line","2024","Kia","K5","GT-Line","","volume_sedan","kia","fixed_interval","D","","","","","no","","","","","","0.00","v3 OEM-first retry completed 2026-07-26; no uninspected URL promoted.","The Kia owner portal is session-gated and no attributable, byte-valid public mirror was verified for this exact model year/model. Candidate checks: request-failed: fetch failed."
"1338","kia-k5-2024-ex","2024","Kia","K5","EX","","volume_sedan","kia","fixed_interval","D","","","","","no","","","","","","0.00","v3 OEM-first retry completed 2026-07-26; no uninspected URL promoted.","The Kia owner portal is session-gated and no attributable, byte-valid public mirror was verified for this exact model year/model. Candidate checks: request-failed: fetch failed."
"1339","kia-k5-2023-lxs","2023","Kia","K5","LXS","","volume_sedan","kia","fixed_interval","D","","","","","no","","","","","","0.00","v3 OEM-first retry completed 2026-07-26; no uninspected URL promoted.","The Kia owner portal is session-gated and no attributable, byte-valid public mirror was verified for this exact model year/model."
"1340","kia-k5-2023-gt-line","2023","Kia","K5","GT-Line","","volume_sedan","kia","fixed_interval","D","","","","","no","","","","","","0.00","v3 OEM-first retry completed 2026-07-26; no uninspected URL promoted.","The Kia owner portal is session-gated and no attributable, byte-valid public mirror was verified for this exact model year/model."
"1341","kia-k5-2023-ex","2023","Kia","K5","EX","","volume_sedan","kia","fixed_interval","D","","","","","no","","","","","","0.00","v3 OEM-first retry completed 2026-07-26; no uninspected URL promoted.","The Kia owner portal is session-gated and no attributable, byte-valid public mirror was verified for this exact model year/model."
"1342","kia-k5-2022-lxs","2022","Kia","K5","LXS","","volume_sedan","kia","fixed_interval","D","","","","","no","","","","","","0.00","v3 OEM-first retry completed 2026-07-26; no uninspected URL promoted.","The Kia owner portal is session-gated and no attributable, byte-valid public mirror was verified for this exact model year/model."
"1343","kia-k5-2022-gt-line","2022","Kia","K5","GT-Line","","volume_sedan","kia","fixed_interval","D","","","","","no","","","","","","0.00","v3 OEM-first retry completed 2026-07-26; no uninspected URL promoted.","The Kia owner portal is session-gated and no attributable, byte-valid public mirror was verified for this exact model year/model."
"1344","kia-k5-2022-ex","2022","Kia","K5","EX","","volume_sedan","kia","fixed_interval","D","","","","","no","","","","","","0.00","v3 OEM-first retry completed 2026-07-26; no uninspected URL promoted.","The Kia owner portal is session-gated and no attributable, byte-valid public mirror was verified for this exact model year/model."
"1345","kia-k5-2021-lxs","2021","Kia","K5","LXS","","volume_sedan","kia","fixed_interval","D","","","","","no","","","","","","0.00","v3 OEM-first retry completed 2026-07-26; no uninspected URL promoted.","The Kia owner portal is session-gated and no attributable, byte-valid public mirror was verified for this exact model year/model."
"1346","kia-k5-2021-gt-line","2021","Kia","K5","GT-Line","","volume_sedan","kia","fixed_interval","D","","","","","no","","","","","","0.00","v3 OEM-first retry completed 2026-07-26; no uninspected URL promoted.","The Kia owner portal is session-gated and no attributable, byte-valid public mirror was verified for this exact model year/model."
"1347","kia-k5-2021-ex","2021","Kia","K5","EX","","volume_sedan","kia","fixed_interval","D","","","","","no","","","","","","0.00","v3 OEM-first retry completed 2026-07-26; no uninspected URL promoted.","The Kia owner portal is session-gated and no attributable, byte-valid public mirror was verified for this exact model year/model."
"1348","subaru-crosstrek-2025-base","2025","Subaru","Crosstrek","Base","","volume_suv","subaru","fixed_interval","B","https://techinfo.subaru.com/stis/doc/warrantyBooklet/6692719_25b_Subaru_HYBRID_Warranty_and_Maintenance_TEXT_040225_HR.pdf","","Owner manual / maintenance booklet","Scheduled Maintenance","yes","subaru-outback-2025-base","32","200","application/pdf","2781e6337737b3e38c8d304a1e200c33419c08de3ccdcb58e08e93ef73924fe9","0.88","v3 retry validation passed 2026-07-26: HTTP 200, application/pdf, %PDF magic, 332656 bytes, SHA-256 2781e6337737b3e38c8d304a1e200c33419c08de3ccdcb58e08e93ef73924fe9. OEM host techinfo.subaru.com; extracted text confirms 2025 Crosstrek applicability and a complete maintenance section. Same validated document shared from subaru-outback-2025-base.",""
"1349","subaru-crosstrek-2025-premium","2025","Subaru","Crosstrek","Premium","","volume_suv","subaru","fixed_interval","B","https://techinfo.subaru.com/stis/doc/warrantyBooklet/6692719_25b_Subaru_HYBRID_Warranty_and_Maintenance_TEXT_040225_HR.pdf","","Owner manual / maintenance booklet","Scheduled Maintenance","yes","subaru-outback-2025-base","32","200","application/pdf","2781e6337737b3e38c8d304a1e200c33419c08de3ccdcb58e08e93ef73924fe9","0.88","v3 retry validation passed 2026-07-26: HTTP 200, application/pdf, %PDF magic, 332656 bytes, SHA-256 2781e6337737b3e38c8d304a1e200c33419c08de3ccdcb58e08e93ef73924fe9. OEM host techinfo.subaru.com; extracted text confirms 2025 Crosstrek applicability and a complete maintenance section. Same validated document shared from subaru-outback-2025-base.",""
"1350","subaru-crosstrek-2025-limited","2025","Subaru","Crosstrek","Limited","","volume_suv","subaru","fixed_interval","B","https://techinfo.subaru.com/stis/doc/warrantyBooklet/6692719_25b_Subaru_HYBRID_Warranty_and_Maintenance_TEXT_040225_HR.pdf","","Owner manual / maintenance booklet","Scheduled Maintenance","yes","subaru-outback-2025-base","32","200","application/pdf","2781e6337737b3e38c8d304a1e200c33419c08de3ccdcb58e08e93ef73924fe9","0.88","v3 retry validation passed 2026-07-26: HTTP 200, application/pdf, %PDF magic, 332656 bytes, SHA-256 2781e6337737b3e38c8d304a1e200c33419c08de3ccdcb58e08e93ef73924fe9. OEM host techinfo.subaru.com; extracted text confirms 2025 Crosstrek applicability and a complete maintenance section. Same validated document shared from subaru-outback-2025-base.",""
"1360","subaru-crosstrek-2021-base","2021","Subaru","Crosstrek","Base","","volume_suv","subaru","fixed_interval","B","https://techinfo.subaru.com/stis/doc/warrantyBooklet/2021_war_and_maint__081120.pdf","","Owner manual / maintenance booklet","Scheduled Maintenance","yes","subaru-outback-2021-base","32","200","application/pdf","11afb9c2faaf27e068fd162c4f4315f187e6599d38c714374389de49f23b7984","0.88","v3 retry validation passed 2026-07-26: HTTP 200, application/pdf, %PDF magic, 558283 bytes, SHA-256 11afb9c2faaf27e068fd162c4f4315f187e6599d38c714374389de49f23b7984. OEM host techinfo.subaru.com; extracted text confirms 2021 Crosstrek applicability and a complete maintenance section. Same validated document shared from subaru-outback-2021-base.",""
"1361","subaru-crosstrek-2021-premium","2021","Subaru","Crosstrek","Premium","","volume_suv","subaru","fixed_interval","B","https://techinfo.subaru.com/stis/doc/warrantyBooklet/2021_war_and_maint__081120.pdf","","Owner manual / maintenance booklet","Scheduled Maintenance","yes","subaru-outback-2021-base","32","200","application/pdf","11afb9c2faaf27e068fd162c4f4315f187e6599d38c714374389de49f23b7984","0.88","v3 retry validation passed 2026-07-26: HTTP 200, application/pdf, %PDF magic, 558283 bytes, SHA-256 11afb9c2faaf27e068fd162c4f4315f187e6599d38c714374389de49f23b7984. OEM host techinfo.subaru.com; extracted text confirms 2021 Crosstrek applicability and a complete maintenance section. Same validated document shared from subaru-outback-2021-base.",""
"1362","subaru-crosstrek-2021-limited","2021","Subaru","Crosstrek","Limited","","volume_suv","subaru","fixed_interval","B","https://techinfo.subaru.com/stis/doc/warrantyBooklet/2021_war_and_maint__081120.pdf","","Owner manual / maintenance booklet","Scheduled Maintenance","yes","subaru-outback-2021-base","32","200","application/pdf","11afb9c2faaf27e068fd162c4f4315f187e6599d38c714374389de49f23b7984","0.88","v3 retry validation passed 2026-07-26: HTTP 200, application/pdf, %PDF magic, 558283 bytes, SHA-256 11afb9c2faaf27e068fd162c4f4315f187e6599d38c714374389de49f23b7984. OEM host techinfo.subaru.com; extracted text confirms 2021 Crosstrek applicability and a complete maintenance section. Same validated document shared from subaru-outback-2021-base.",""
"1363","subaru-crosstrek-2020-base","2020","Subaru","Crosstrek","Base","","volume_suv","subaru","fixed_interval","B","https://techinfo.subaru.com/stis/doc/warrantyBooklet/2020_war_and_maint__020720.pdf","","Owner manual / maintenance booklet","Scheduled Maintenance","yes","subaru-outback-2020-base","32","200","application/pdf","a3278c2c15cf267d2c68bebfb522bda49857a72a63b1d24f74dd13c5e7525011","0.88","v3 retry validation passed 2026-07-26: HTTP 200, application/pdf, %PDF magic, 237441 bytes, SHA-256 a3278c2c15cf267d2c68bebfb522bda49857a72a63b1d24f74dd13c5e7525011. OEM host techinfo.subaru.com; extracted text confirms 2020 Crosstrek applicability and a complete maintenance section. Same validated document shared from subaru-outback-2020-base.",""
"1364","subaru-crosstrek-2020-premium","2020","Subaru","Crosstrek","Premium","","volume_suv","subaru","fixed_interval","B","https://techinfo.subaru.com/stis/doc/warrantyBooklet/2020_war_and_maint__020720.pdf","","Owner manual / maintenance booklet","Scheduled Maintenance","yes","subaru-outback-2020-base","32","200","application/pdf","a3278c2c15cf267d2c68bebfb522bda49857a72a63b1d24f74dd13c5e7525011","0.88","v3 retry validation passed 2026-07-26: HTTP 200, application/pdf, %PDF magic, 237441 bytes, SHA-256 a3278c2c15cf267d2c68bebfb522bda49857a72a63b1d24f74dd13c5e7525011. OEM host techinfo.subaru.com; extracted text confirms 2020 Crosstrek applicability and a complete maintenance section. Same validated document shared from subaru-outback-2020-base.",""
"1365","subaru-crosstrek-2020-limited","2020","Subaru","Crosstrek","Limited","","volume_suv","subaru","fixed_interval","B","https://techinfo.subaru.com/stis/doc/warrantyBooklet/2020_war_and_maint__020720.pdf","","Owner manual / maintenance booklet","Scheduled Maintenance","yes","subaru-outback-2020-base","32","200","application/pdf","a3278c2c15cf267d2c68bebfb522bda49857a72a63b1d24f74dd13c5e7525011","0.88","v3 retry validation passed 2026-07-26: HTTP 200, application/pdf, %PDF magic, 237441 bytes, SHA-256 a3278c2c15cf267d2c68bebfb522bda49857a72a63b1d24f74dd13c5e7525011. OEM host techinfo.subaru.com; extracted text confirms 2020 Crosstrek applicability and a complete maintenance section. Same validated document shared from subaru-outback-2020-base.",""
"1414","mazda-cx-30-2025-select","2025","Mazda","CX-30","Select","","volume_suv","mazda","fixed_interval","B","https://www.mazdausa.com/siteassets/global-resources/vehicle-resources/owner-manuals/2025/cx-30/2025-cx-30-vehicle-owners-manual.pdf","","Owner manual / maintenance booklet","Scheduled Maintenance","no","","623","200","application/pdf","a2486147b8e99b0ca769cdff82cada0ea45cc8a5d63071f7e462f081e91b55a4","0.96","v3 retry validation passed 2026-07-26: HTTP 200, application/pdf, %PDF magic, 91995766 bytes, SHA-256 a2486147b8e99b0ca769cdff82cada0ea45cc8a5d63071f7e462f081e91b55a4. OEM host www.mazdausa.com; extracted text confirms 2025 CX-30 applicability and a complete maintenance section. Primary validation row for this document.",""
"1415","mazda-cx-30-2025-preferred","2025","Mazda","CX-30","Preferred","","volume_suv","mazda","fixed_interval","B","https://www.mazdausa.com/siteassets/global-resources/vehicle-resources/owner-manuals/2025/cx-30/2025-cx-30-vehicle-owners-manual.pdf","","Owner manual / maintenance booklet","Scheduled Maintenance","yes","mazda-cx-30-2025-select","623","200","application/pdf","a2486147b8e99b0ca769cdff82cada0ea45cc8a5d63071f7e462f081e91b55a4","0.88","v3 retry validation passed 2026-07-26: HTTP 200, application/pdf, %PDF magic, 91995766 bytes, SHA-256 a2486147b8e99b0ca769cdff82cada0ea45cc8a5d63071f7e462f081e91b55a4. OEM host www.mazdausa.com; extracted text confirms 2025 CX-30 applicability and a complete maintenance section. Same validated document shared from mazda-cx-30-2025-select.",""
"1416","mazda-cx-30-2025-premium","2025","Mazda","CX-30","Premium","","volume_suv","mazda","fixed_interval","B","https://www.mazdausa.com/siteassets/global-resources/vehicle-resources/owner-manuals/2025/cx-30/2025-cx-30-vehicle-owners-manual.pdf","","Owner manual / maintenance booklet","Scheduled Maintenance","yes","mazda-cx-30-2025-select","623","200","application/pdf","a2486147b8e99b0ca769cdff82cada0ea45cc8a5d63071f7e462f081e91b55a4","0.88","v3 retry validation passed 2026-07-26: HTTP 200, application/pdf, %PDF magic, 91995766 bytes, SHA-256 a2486147b8e99b0ca769cdff82cada0ea45cc8a5d63071f7e462f081e91b55a4. OEM host www.mazdausa.com; extracted text confirms 2025 CX-30 applicability and a complete maintenance section. Same validated document shared from mazda-cx-30-2025-select.",""
"1432","volkswagen-jetta-2025-s","2025","Volkswagen","Jetta","S","","volume_sedan","vw","fixed_interval","D","","","","","no","","","","","","0.00","v3 OEM-first retry completed 2026-07-26; no uninspected URL promoted.","No direct public Volkswagen owner-literature PDF document ID was verified for this exact model year; portal/HTML records are insufficient."
"1433","volkswagen-jetta-2025-se","2025","Volkswagen","Jetta","SE","","volume_sedan","vw","fixed_interval","D","","","","","no","","","","","","0.00","v3 OEM-first retry completed 2026-07-26; no uninspected URL promoted.","No direct public Volkswagen owner-literature PDF document ID was verified for this exact model year; portal/HTML records are insufficient."
"1434","volkswagen-jetta-2025-sel","2025","Volkswagen","Jetta","SEL","","volume_sedan","vw","fixed_interval","D","","","","","no","","","","","","0.00","v3 OEM-first retry completed 2026-07-26; no uninspected URL promoted.","No direct public Volkswagen owner-literature PDF document ID was verified for this exact model year; portal/HTML records are insufficient."
"1435","volkswagen-jetta-2024-s","2024","Volkswagen","Jetta","S","","volume_sedan","vw","fixed_interval","D","","","","","no","","","","","","0.00","v3 OEM-first retry completed 2026-07-26; no uninspected URL promoted.","No direct public Volkswagen owner-literature PDF document ID was verified for this exact model year; portal/HTML records are insufficient."
"1436","volkswagen-jetta-2024-se","2024","Volkswagen","Jetta","SE","","volume_sedan","vw","fixed_interval","D","","","","","no","","","","","","0.00","v3 OEM-first retry completed 2026-07-26; no uninspected URL promoted.","No direct public Volkswagen owner-literature PDF document ID was verified for this exact model year; portal/HTML records are insufficient."
"1437","volkswagen-jetta-2024-sel","2024","Volkswagen","Jetta","SEL","","volume_sedan","vw","fixed_interval","D","","","","","no","","","","","","0.00","v3 OEM-first retry completed 2026-07-26; no uninspected URL promoted.","No direct public Volkswagen owner-literature PDF document ID was verified for this exact model year; portal/HTML records are insufficient."
"1438","volkswagen-jetta-2023-s","2023","Volkswagen","Jetta","S","","volume_sedan","vw","fixed_interval","D","","","","","no","","","","","","0.00","v3 OEM-first retry completed 2026-07-26; no uninspected URL promoted.","No direct public Volkswagen owner-literature PDF document ID was verified for this exact model year; portal/HTML records are insufficient."
"1439","volkswagen-jetta-2023-se","2023","Volkswagen","Jetta","SE","","volume_sedan","vw","fixed_interval","D","","","","","no","","","","","","0.00","v3 OEM-first retry completed 2026-07-26; no uninspected URL promoted.","No direct public Volkswagen owner-literature PDF document ID was verified for this exact model year; portal/HTML records are insufficient."
"1440","volkswagen-jetta-2023-sel","2023","Volkswagen","Jetta","SEL","","volume_sedan","vw","fixed_interval","D","","","","","no","","","","","","0.00","v3 OEM-first retry completed 2026-07-26; no uninspected URL promoted.","No direct public Volkswagen owner-literature PDF document ID was verified for this exact model year; portal/HTML records are insufficient."
"1441","volkswagen-jetta-2022-s","2022","Volkswagen","Jetta","S","","volume_sedan","vw","fixed_interval","D","","","","","no","","","","","","0.00","v3 OEM-first retry completed 2026-07-26; no uninspected URL promoted.","No direct public Volkswagen owner-literature PDF document ID was verified for this exact model year; portal/HTML records are insufficient."
"1442","volkswagen-jetta-2022-se","2022","Volkswagen","Jetta","SE","","volume_sedan","vw","fixed_interval","D","","","","","no","","","","","","0.00","v3 OEM-first retry completed 2026-07-26; no uninspected URL promoted.","No direct public Volkswagen owner-literature PDF document ID was verified for this exact model year; portal/HTML records are insufficient."
"1443","volkswagen-jetta-2022-sel","2022","Volkswagen","Jetta","SEL","","volume_sedan","vw","fixed_interval","D","","","","","no","","","","","","0.00","v3 OEM-first retry completed 2026-07-26; no uninspected URL promoted.","No direct public Volkswagen owner-literature PDF document ID was verified for this exact model year; portal/HTML records are insufficient."
"1444","volkswagen-jetta-2021-s","2021","Volkswagen","Jetta","S","","volume_sedan","vw","fixed_interval","D","","","","","no","","","","","","0.00","v3 OEM-first retry completed 2026-07-26; no uninspected URL promoted.","No direct public Volkswagen owner-literature PDF document ID was verified for this exact model year; portal/HTML records are insufficient."
"1445","volkswagen-jetta-2021-se","2021","Volkswagen","Jetta","SE","","volume_sedan","vw","fixed_interval","D","","","","","no","","","","","","0.00","v3 OEM-first retry completed 2026-07-26; no uninspected URL promoted.","No direct public Volkswagen owner-literature PDF document ID was verified for this exact model year; portal/HTML records are insufficient."
"1446","volkswagen-jetta-2021-sel","2021","Volkswagen","Jetta","SEL","","volume_sedan","vw","fixed_interval","D","","","","","no","","","","","","0.00","v3 OEM-first retry completed 2026-07-26; no uninspected URL promoted.","No direct public Volkswagen owner-literature PDF document ID was verified for this exact model year; portal/HTML records are insufficient."
"1447","volkswagen-jetta-2020-s","2020","Volkswagen","Jetta","S","","volume_sedan","vw","fixed_interval","D","","","","","no","","","","","","0.00","v3 OEM-first retry completed 2026-07-26; no uninspected URL promoted.","No direct public Volkswagen owner-literature PDF document ID was verified for this exact model year; portal/HTML records are insufficient."
"1448","volkswagen-jetta-2020-se","2020","Volkswagen","Jetta","SE","","volume_sedan","vw","fixed_interval","D","","","","","no","","","","","","0.00","v3 OEM-first retry completed 2026-07-26; no uninspected URL promoted.","No direct public Volkswagen owner-literature PDF document ID was verified for this exact model year; portal/HTML records are insufficient."
"1449","volkswagen-jetta-2020-sel","2020","Volkswagen","Jetta","SEL","","volume_sedan","vw","fixed_interval","D","","","","","no","","","","","","0.00","v3 OEM-first retry completed 2026-07-26; no uninspected URL promoted.","No direct public Volkswagen owner-literature PDF document ID was verified for this exact model year; portal/HTML records are insufficient."
"1450","subaru-impreza-2025-base","2025","Subaru","Impreza","Base","","volume_sedan","subaru","fixed_interval","B","https://techinfo.subaru.com/stis/doc/warrantyBooklet/6692719_25b_Subaru_HYBRID_Warranty_and_Maintenance_TEXT_040225_HR.pdf","","Owner manual / maintenance booklet","Scheduled Maintenance","yes","subaru-outback-2025-base","32","200","application/pdf","2781e6337737b3e38c8d304a1e200c33419c08de3ccdcb58e08e93ef73924fe9","0.88","v3 retry validation passed 2026-07-26: HTTP 200, application/pdf, %PDF magic, 332656 bytes, SHA-256 2781e6337737b3e38c8d304a1e200c33419c08de3ccdcb58e08e93ef73924fe9. OEM host techinfo.subaru.com; extracted text confirms 2025 Impreza applicability and a complete maintenance section. Same validated document shared from subaru-outback-2025-base.",""
"1451","subaru-impreza-2025-premium","2025","Subaru","Impreza","Premium","","volume_sedan","subaru","fixed_interval","B","https://techinfo.subaru.com/stis/doc/warrantyBooklet/6692719_25b_Subaru_HYBRID_Warranty_and_Maintenance_TEXT_040225_HR.pdf","","Owner manual / maintenance booklet","Scheduled Maintenance","yes","subaru-outback-2025-base","32","200","application/pdf","2781e6337737b3e38c8d304a1e200c33419c08de3ccdcb58e08e93ef73924fe9","0.88","v3 retry validation passed 2026-07-26: HTTP 200, application/pdf, %PDF magic, 332656 bytes, SHA-256 2781e6337737b3e38c8d304a1e200c33419c08de3ccdcb58e08e93ef73924fe9. OEM host techinfo.subaru.com; extracted text confirms 2025 Impreza applicability and a complete maintenance section. Same validated document shared from subaru-outback-2025-base.",""
"1452","subaru-impreza-2025-sport","2025","Subaru","Impreza","Sport","","volume_sedan","subaru","fixed_interval","B","https://techinfo.subaru.com/stis/doc/warrantyBooklet/6692719_25b_Subaru_HYBRID_Warranty_and_Maintenance_TEXT_040225_HR.pdf","","Owner manual / maintenance booklet","Scheduled Maintenance","yes","subaru-outback-2025-base","32","200","application/pdf","2781e6337737b3e38c8d304a1e200c33419c08de3ccdcb58e08e93ef73924fe9","0.88","v3 retry validation passed 2026-07-26: HTTP 200, application/pdf, %PDF magic, 332656 bytes, SHA-256 2781e6337737b3e38c8d304a1e200c33419c08de3ccdcb58e08e93ef73924fe9. OEM host techinfo.subaru.com; extracted text confirms 2025 Impreza applicability and a complete maintenance section. Same validated document shared from subaru-outback-2025-base.",""
"1462","subaru-impreza-2021-base","2021","Subaru","Impreza","Base","","volume_sedan","subaru","fixed_interval","B","https://techinfo.subaru.com/stis/doc/warrantyBooklet/2021_war_and_maint__081120.pdf","","Owner manual / maintenance booklet","Scheduled Maintenance","yes","subaru-outback-2021-base","32","200","application/pdf","11afb9c2faaf27e068fd162c4f4315f187e6599d38c714374389de49f23b7984","0.88","v3 retry validation passed 2026-07-26: HTTP 200, application/pdf, %PDF magic, 558283 bytes, SHA-256 11afb9c2faaf27e068fd162c4f4315f187e6599d38c714374389de49f23b7984. OEM host techinfo.subaru.com; extracted text confirms 2021 Impreza applicability and a complete maintenance section. Same validated document shared from subaru-outback-2021-base.",""
"1463","subaru-impreza-2021-premium","2021","Subaru","Impreza","Premium","","volume_sedan","subaru","fixed_interval","B","https://techinfo.subaru.com/stis/doc/warrantyBooklet/2021_war_and_maint__081120.pdf","","Owner manual / maintenance booklet","Scheduled Maintenance","yes","subaru-outback-2021-base","32","200","application/pdf","11afb9c2faaf27e068fd162c4f4315f187e6599d38c714374389de49f23b7984","0.88","v3 retry validation passed 2026-07-26: HTTP 200, application/pdf, %PDF magic, 558283 bytes, SHA-256 11afb9c2faaf27e068fd162c4f4315f187e6599d38c714374389de49f23b7984. OEM host techinfo.subaru.com; extracted text confirms 2021 Impreza applicability and a complete maintenance section. Same validated document shared from subaru-outback-2021-base.",""
"1464","subaru-impreza-2021-sport","2021","Subaru","Impreza","Sport","","volume_sedan","subaru","fixed_interval","B","https://techinfo.subaru.com/stis/doc/warrantyBooklet/2021_war_and_maint__081120.pdf","","Owner manual / maintenance booklet","Scheduled Maintenance","yes","subaru-outback-2021-base","32","200","application/pdf","11afb9c2faaf27e068fd162c4f4315f187e6599d38c714374389de49f23b7984","0.88","v3 retry validation passed 2026-07-26: HTTP 200, application/pdf, %PDF magic, 558283 bytes, SHA-256 11afb9c2faaf27e068fd162c4f4315f187e6599d38c714374389de49f23b7984. OEM host techinfo.subaru.com; extracted text confirms 2021 Impreza applicability and a complete maintenance section. Same validated document shared from subaru-outback-2021-base.",""
"1465","subaru-impreza-2020-base","2020","Subaru","Impreza","Base","","volume_sedan","subaru","fixed_interval","B","https://techinfo.subaru.com/stis/doc/warrantyBooklet/2020_war_and_maint__020720.pdf","","Owner manual / maintenance booklet","Scheduled Maintenance","yes","subaru-outback-2020-base","32","200","application/pdf","a3278c2c15cf267d2c68bebfb522bda49857a72a63b1d24f74dd13c5e7525011","0.88","v3 retry validation passed 2026-07-26: HTTP 200, application/pdf, %PDF magic, 237441 bytes, SHA-256 a3278c2c15cf267d2c68bebfb522bda49857a72a63b1d24f74dd13c5e7525011. OEM host techinfo.subaru.com; extracted text confirms 2020 Impreza applicability and a complete maintenance section. Same validated document shared from subaru-outback-2020-base.",""
"1466","subaru-impreza-2020-premium","2020","Subaru","Impreza","Premium","","volume_sedan","subaru","fixed_interval","B","https://techinfo.subaru.com/stis/doc/warrantyBooklet/2020_war_and_maint__020720.pdf","","Owner manual / maintenance booklet","Scheduled Maintenance","yes","subaru-outback-2020-base","32","200","application/pdf","a3278c2c15cf267d2c68bebfb522bda49857a72a63b1d24f74dd13c5e7525011","0.88","v3 retry validation passed 2026-07-26: HTTP 200, application/pdf, %PDF magic, 237441 bytes, SHA-256 a3278c2c15cf267d2c68bebfb522bda49857a72a63b1d24f74dd13c5e7525011. OEM host techinfo.subaru.com; extracted text confirms 2020 Impreza applicability and a complete maintenance section. Same validated document shared from subaru-outback-2020-base.",""
"1467","subaru-impreza-2020-sport","2020","Subaru","Impreza","Sport","","volume_sedan","subaru","fixed_interval","B","https://techinfo.subaru.com/stis/doc/warrantyBooklet/2020_war_and_maint__020720.pdf","","Owner manual / maintenance booklet","Scheduled Maintenance","yes","subaru-outback-2020-base","32","200","application/pdf","a3278c2c15cf267d2c68bebfb522bda49857a72a63b1d24f74dd13c5e7525011","0.88","v3 retry validation passed 2026-07-26: HTTP 200, application/pdf, %PDF magic, 237441 bytes, SHA-256 a3278c2c15cf267d2c68bebfb522bda49857a72a63b1d24f74dd13c5e7525011. OEM host techinfo.subaru.com; extracted text confirms 2020 Impreza applicability and a complete maintenance section. Same validated document shared from subaru-outback-2020-base.",""
"1468","honda-passport-2025-ex-l","2025","Honda","Passport","EX-L","","volume_suv","honda","maintenance_minder","B","https://owners.honda.com/static/pdfs/2025/Passport/2025_Passport_Maintenance_Minder.pdf","","Maintenance Minder guide","Maintenance Minder","no","","6","200","application/pdf","8a62ba071f0e21eacb17f2cf8f17cd9d1b3f1e7215886190a7fe87070be35556","0.96","v3 retry validation passed 2026-07-26: HTTP 200, application/pdf, %PDF magic, 1230729 bytes, SHA-256 8a62ba071f0e21eacb17f2cf8f17cd9d1b3f1e7215886190a7fe87070be35556. OEM host owners.honda.com; extracted text confirms 2025 Passport applicability and a complete maintenance section. Primary validation row for this document.",""
"1469","honda-passport-2025-touring","2025","Honda","Passport","Touring","","volume_suv","honda","maintenance_minder","B","https://owners.honda.com/static/pdfs/2025/Passport/2025_Passport_Maintenance_Minder.pdf","","Maintenance Minder guide","Maintenance Minder","yes","honda-passport-2025-ex-l","6","200","application/pdf","8a62ba071f0e21eacb17f2cf8f17cd9d1b3f1e7215886190a7fe87070be35556","0.88","v3 retry validation passed 2026-07-26: HTTP 200, application/pdf, %PDF magic, 1230729 bytes, SHA-256 8a62ba071f0e21eacb17f2cf8f17cd9d1b3f1e7215886190a7fe87070be35556. OEM host owners.honda.com; extracted text confirms 2025 Passport applicability and a complete maintenance section. Same validated document shared from honda-passport-2025-ex-l.",""
"1470","honda-passport-2025-elite","2025","Honda","Passport","Elite","","volume_suv","honda","maintenance_minder","B","https://owners.honda.com/static/pdfs/2025/Passport/2025_Passport_Maintenance_Minder.pdf","","Maintenance Minder guide","Maintenance Minder","yes","honda-passport-2025-ex-l","6","200","application/pdf","8a62ba071f0e21eacb17f2cf8f17cd9d1b3f1e7215886190a7fe87070be35556","0.88","v3 retry validation passed 2026-07-26: HTTP 200, application/pdf, %PDF magic, 1230729 bytes, SHA-256 8a62ba071f0e21eacb17f2cf8f17cd9d1b3f1e7215886190a7fe87070be35556. OEM host owners.honda.com; extracted text confirms 2025 Passport applicability and a complete maintenance section. Same validated document shared from honda-passport-2025-ex-l.",""
"1472","honda-passport-2024-touring","2024","Honda","Passport","Touring","","volume_suv","honda","maintenance_minder","B","https://owners.honda.com/static/pdfs/2024/Passport/2024_Passport_Maintenance_Minder.pdf","","Maintenance Minder guide","Maintenance Minder","no","","6","200","application/pdf","0cb8ba342617a23008cf640079936e33c9f25742561921eddc6df35ac94f8af0","0.96","v3 retry validation passed 2026-07-26: HTTP 200, application/pdf, %PDF magic, 1228478 bytes, SHA-256 0cb8ba342617a23008cf640079936e33c9f25742561921eddc6df35ac94f8af0. OEM host owners.honda.com; extracted text confirms 2024 Passport applicability and a complete maintenance section. Primary validation row for this document.",""
"1473","honda-passport-2024-elite","2024","Honda","Passport","Elite","","volume_suv","honda","maintenance_minder","B","https://owners.honda.com/static/pdfs/2024/Passport/2024_Passport_Maintenance_Minder.pdf","","Maintenance Minder guide","Maintenance Minder","yes","honda-passport-2024-touring","6","200","application/pdf","0cb8ba342617a23008cf640079936e33c9f25742561921eddc6df35ac94f8af0","0.88","v3 retry validation passed 2026-07-26: HTTP 200, application/pdf, %PDF magic, 1228478 bytes, SHA-256 0cb8ba342617a23008cf640079936e33c9f25742561921eddc6df35ac94f8af0. OEM host owners.honda.com; extracted text confirms 2024 Passport applicability and a complete maintenance section. Same validated document shared from honda-passport-2024-touring.",""
"1474","honda-passport-2023-ex-l","2023","Honda","Passport","EX-L","","volume_suv","honda","maintenance_minder","B","https://owners.honda.com/static/pdfs/2023/Passport/2023_Passport_Maintenance_Minder.pdf","","Maintenance Minder guide","Maintenance Minder","no","","6","200","application/pdf","04cff55a05820227b7792fb755e89952f9257b62a3c06c0ab56a212b13c90f21","0.96","v3 retry validation passed 2026-07-26: HTTP 200, application/pdf, %PDF magic, 295488 bytes, SHA-256 04cff55a05820227b7792fb755e89952f9257b62a3c06c0ab56a212b13c90f21. OEM host owners.honda.com; extracted text confirms 2023 Passport applicability and a complete maintenance section. Primary validation row for this document.",""
"1475","honda-passport-2023-touring","2023","Honda","Passport","Touring","","volume_suv","honda","maintenance_minder","B","https://owners.honda.com/static/pdfs/2023/Passport/2023_Passport_Maintenance_Minder.pdf","","Maintenance Minder guide","Maintenance Minder","yes","honda-passport-2023-ex-l","6","200","application/pdf","04cff55a05820227b7792fb755e89952f9257b62a3c06c0ab56a212b13c90f21","0.88","v3 retry validation passed 2026-07-26: HTTP 200, application/pdf, %PDF magic, 295488 bytes, SHA-256 04cff55a05820227b7792fb755e89952f9257b62a3c06c0ab56a212b13c90f21. OEM host owners.honda.com; extracted text confirms 2023 Passport applicability and a complete maintenance section. Same validated document shared from honda-passport-2023-ex-l.",""
"1476","honda-passport-2023-elite","2023","Honda","Passport","Elite","","volume_suv","honda","maintenance_minder","B","https://owners.honda.com/static/pdfs/2023/Passport/2023_Passport_Maintenance_Minder.pdf","","Maintenance Minder guide","Maintenance Minder","yes","honda-passport-2023-ex-l","6","200","application/pdf","04cff55a05820227b7792fb755e89952f9257b62a3c06c0ab56a212b13c90f21","0.88","v3 retry validation passed 2026-07-26: HTTP 200, application/pdf, %PDF magic, 295488 bytes, SHA-256 04cff55a05820227b7792fb755e89952f9257b62a3c06c0ab56a212b13c90f21. OEM host owners.honda.com; extracted text confirms 2023 Passport applicability and a complete maintenance section. Same validated document shared from honda-passport-2023-ex-l.",""
"1477","honda-passport-2022-ex-l","2022","Honda","Passport","EX-L","","volume_suv","honda","maintenance_minder","B","https://owners.honda.com/static/pdfs/2022/Passport/2022_Passport_Maintenance_Minder.pdf","","Maintenance Minder guide","Maintenance Minder","no","","6","200","application/pdf","13b6d8bcc4ea8d472ba1c221fbf9f0b76813b57be6cce2e4fc8fad57ab74dfb4","0.96","v3 retry validation passed 2026-07-26: HTTP 200, application/pdf, %PDF magic, 276010 bytes, SHA-256 13b6d8bcc4ea8d472ba1c221fbf9f0b76813b57be6cce2e4fc8fad57ab74dfb4. OEM host owners.honda.com; extracted text confirms 2022 Passport applicability and a complete maintenance section. Primary validation row for this document.",""
"1478","honda-passport-2022-touring","2022","Honda","Passport","Touring","","volume_suv","honda","maintenance_minder","B","https://owners.honda.com/static/pdfs/2022/Passport/2022_Passport_Maintenance_Minder.pdf","","Maintenance Minder guide","Maintenance Minder","yes","honda-passport-2022-ex-l","6","200","application/pdf","13b6d8bcc4ea8d472ba1c221fbf9f0b76813b57be6cce2e4fc8fad57ab74dfb4","0.88","v3 retry validation passed 2026-07-26: HTTP 200, application/pdf, %PDF magic, 276010 bytes, SHA-256 13b6d8bcc4ea8d472ba1c221fbf9f0b76813b57be6cce2e4fc8fad57ab74dfb4. OEM host owners.honda.com; extracted text confirms 2022 Passport applicability and a complete maintenance section. Same validated document shared from honda-passport-2022-ex-l.",""
"1479","honda-passport-2022-elite","2022","Honda","Passport","Elite","","volume_suv","honda","maintenance_minder","B","https://owners.honda.com/static/pdfs/2022/Passport/2022_Passport_Maintenance_Minder.pdf","","Maintenance Minder guide","Maintenance Minder","yes","honda-passport-2022-ex-l","6","200","application/pdf","13b6d8bcc4ea8d472ba1c221fbf9f0b76813b57be6cce2e4fc8fad57ab74dfb4","0.88","v3 retry validation passed 2026-07-26: HTTP 200, application/pdf, %PDF magic, 276010 bytes, SHA-256 13b6d8bcc4ea8d472ba1c221fbf9f0b76813b57be6cce2e4fc8fad57ab74dfb4. OEM host owners.honda.com; extracted text confirms 2022 Passport applicability and a complete maintenance section. Same validated document shared from honda-passport-2022-ex-l.",""
"1480","honda-passport-2021-ex-l","2021","Honda","Passport","EX-L","","volume_suv","honda","maintenance_minder","B","https://owners.honda.com/static/pdfs/2021/Passport/2021_Passport_Maintenance_Minder.pdf","","Maintenance Minder guide","Maintenance Minder","no","","5","200","application/pdf","3377997a91a4b430406390ca27d27a252d83440d6bfe2d1254cbac6dc6a93857","0.96","v3 retry validation passed 2026-07-26: HTTP 200, application/pdf, %PDF magic, 510499 bytes, SHA-256 3377997a91a4b430406390ca27d27a252d83440d6bfe2d1254cbac6dc6a93857. OEM host owners.honda.com; extracted text confirms 2021 Passport applicability and a complete maintenance section. Primary validation row for this document.",""
"1481","honda-passport-2021-touring","2021","Honda","Passport","Touring","","volume_suv","honda","maintenance_minder","B","https://owners.honda.com/static/pdfs/2021/Passport/2021_Passport_Maintenance_Minder.pdf","","Maintenance Minder guide","Maintenance Minder","yes","honda-passport-2021-ex-l","5","200","application/pdf","3377997a91a4b430406390ca27d27a252d83440d6bfe2d1254cbac6dc6a93857","0.88","v3 retry validation passed 2026-07-26: HTTP 200, application/pdf, %PDF magic, 510499 bytes, SHA-256 3377997a91a4b430406390ca27d27a252d83440d6bfe2d1254cbac6dc6a93857. OEM host owners.honda.com; extracted text confirms 2021 Passport applicability and a complete maintenance section. Same validated document shared from honda-passport-2021-ex-l.",""
"1482","honda-passport-2021-elite","2021","Honda","Passport","Elite","","volume_suv","honda","maintenance_minder","B","https://owners.honda.com/static/pdfs/2021/Passport/2021_Passport_Maintenance_Minder.pdf","","Maintenance Minder guide","Maintenance Minder","yes","honda-passport-2021-ex-l","5","200","application/pdf","3377997a91a4b430406390ca27d27a252d83440d6bfe2d1254cbac6dc6a93857","0.88","v3 retry validation passed 2026-07-26: HTTP 200, application/pdf, %PDF magic, 510499 bytes, SHA-256 3377997a91a4b430406390ca27d27a252d83440d6bfe2d1254cbac6dc6a93857. OEM host owners.honda.com; extracted text confirms 2021 Passport applicability and a complete maintenance section. Same validated document shared from honda-passport-2021-ex-l.",""
"1483","honda-passport-2020-ex-l","2020","Honda","Passport","EX-L","","volume_suv","honda","maintenance_minder","B","https://owners.honda.com/static/pdfs/2020/Passport/2020_Passport_Maintenance_Minder.pdf","","Maintenance Minder guide","Maintenance Minder","no","","4","200","application/pdf","97a945c97b0b920e33ceb4fe3ce68d8e8762ae5bc567a6ee49bc971aefe0cabc","0.96","v3 retry validation passed 2026-07-26: HTTP 200, application/pdf, %PDF magic, 567933 bytes, SHA-256 97a945c97b0b920e33ceb4fe3ce68d8e8762ae5bc567a6ee49bc971aefe0cabc. OEM host owners.honda.com; extracted text confirms 2020 Passport applicability and a complete maintenance section. Primary validation row for this document.",""
"1484","honda-passport-2020-touring","2020","Honda","Passport","Touring","","volume_suv","honda","maintenance_minder","B","https://owners.honda.com/static/pdfs/2020/Passport/2020_Passport_Maintenance_Minder.pdf","","Maintenance Minder guide","Maintenance Minder","yes","honda-passport-2020-ex-l","4","200","application/pdf","97a945c97b0b920e33ceb4fe3ce68d8e8762ae5bc567a6ee49bc971aefe0cabc","0.88","v3 retry validation passed 2026-07-26: HTTP 200, application/pdf, %PDF magic, 567933 bytes, SHA-256 97a945c97b0b920e33ceb4fe3ce68d8e8762ae5bc567a6ee49bc971aefe0cabc. OEM host owners.honda.com; extracted text confirms 2020 Passport applicability and a complete maintenance section. Same validated document shared from honda-passport-2020-ex-l.",""
"1485","honda-passport-2020-elite","2020","Honda","Passport","Elite","","volume_suv","honda","maintenance_minder","B","https://owners.honda.com/static/pdfs/2020/Passport/2020_Passport_Maintenance_Minder.pdf","","Maintenance Minder guide","Maintenance Minder","yes","honda-passport-2020-ex-l","4","200","application/pdf","97a945c97b0b920e33ceb4fe3ce68d8e8762ae5bc567a6ee49bc971aefe0cabc","0.88","v3 retry validation passed 2026-07-26: HTTP 200, application/pdf, %PDF magic, 567933 bytes, SHA-256 97a945c97b0b920e33ceb4fe3ce68d8e8762ae5bc567a6ee49bc971aefe0cabc. OEM host owners.honda.com; extracted text confirms 2020 Passport applicability and a complete maintenance section. Same validated document shared from honda-passport-2020-ex-l.",""
"1504","toyota-sienna-2025-le-hybrid","2025","Toyota","Sienna","LE","Hybrid","volume_minivan","toyota","fixed_interval","D","","","","","no","","","","","","0.00","v3 OEM-first retry completed 2026-07-26; no uninspected URL promoted.","No qualifying public US-market OEM or attributable mirror PDF passed byte, identity, and maintenance-section validation for this exact model year/model. Candidate checks: request-failed: fetch failed."
"1505","toyota-sienna-2025-xle-hybrid","2025","Toyota","Sienna","XLE","Hybrid","volume_minivan","toyota","fixed_interval","D","","","","","no","","","","","","0.00","v3 OEM-first retry completed 2026-07-26; no uninspected URL promoted.","No qualifying public US-market OEM or attributable mirror PDF passed byte, identity, and maintenance-section validation for this exact model year/model. Candidate checks: request-failed: fetch failed."
"1506","toyota-sienna-2025-limited-hybrid","2025","Toyota","Sienna","Limited","Hybrid","volume_minivan","toyota","fixed_interval","D","","","","","no","","","","","","0.00","v3 OEM-first retry completed 2026-07-26; no uninspected URL promoted.","No qualifying public US-market OEM or attributable mirror PDF passed byte, identity, and maintenance-section validation for this exact model year/model. Candidate checks: request-failed: fetch failed."
"1507","toyota-sienna-2024-le-hybrid","2024","Toyota","Sienna","LE","Hybrid","volume_minivan","toyota","fixed_interval","D","","","","","no","","","","","","0.00","v3 OEM-first retry completed 2026-07-26; no uninspected URL promoted.","No qualifying public US-market OEM or attributable mirror PDF passed byte, identity, and maintenance-section validation for this exact model year/model. Candidate checks: request-failed: fetch failed."
"1508","toyota-sienna-2024-xle-hybrid","2024","Toyota","Sienna","XLE","Hybrid","volume_minivan","toyota","fixed_interval","D","","","","","no","","","","","","0.00","v3 OEM-first retry completed 2026-07-26; no uninspected URL promoted.","No qualifying public US-market OEM or attributable mirror PDF passed byte, identity, and maintenance-section validation for this exact model year/model. Candidate checks: request-failed: fetch failed."
"1509","toyota-sienna-2024-limited-hybrid","2024","Toyota","Sienna","Limited","Hybrid","volume_minivan","toyota","fixed_interval","D","","","","","no","","","","","","0.00","v3 OEM-first retry completed 2026-07-26; no uninspected URL promoted.","No qualifying public US-market OEM or attributable mirror PDF passed byte, identity, and maintenance-section validation for this exact model year/model. Candidate checks: request-failed: fetch failed."
"1519","tesla-model-y-2025-long-range","2025","Tesla","Model Y","Long Range","","volume_ev","tesla","ev_simplified","D","","","","","no","","","","","","0.00","v3 OEM-first retry completed 2026-07-26; no uninspected URL promoted.","Tesla service intervals are published through live owner-manual/app content; no stable, byte-valid model-year maintenance PDF was verified."
"1520","tesla-model-y-2025-performance","2025","Tesla","Model Y","Performance","","volume_ev","tesla","ev_simplified","D","","","","","no","","","","","","0.00","v3 OEM-first retry completed 2026-07-26; no uninspected URL promoted.","Tesla service intervals are published through live owner-manual/app content; no stable, byte-valid model-year maintenance PDF was verified."
"1522","tesla-model-y-2024-performance","2024","Tesla","Model Y","Performance","","volume_ev","tesla","ev_simplified","D","","","","","no","","","","","","0.00","v3 OEM-first retry completed 2026-07-26; no uninspected URL promoted.","Tesla service intervals are published through live owner-manual/app content; no stable, byte-valid model-year maintenance PDF was verified."
"1523","tesla-model-y-2023-long-range","2023","Tesla","Model Y","Long Range","","volume_ev","tesla","ev_simplified","D","","","","","no","","","","","","0.00","v3 OEM-first retry completed 2026-07-26; no uninspected URL promoted.","Tesla service intervals are published through live owner-manual/app content; no stable, byte-valid model-year maintenance PDF was verified."
"1524","tesla-model-y-2023-performance","2023","Tesla","Model Y","Performance","","volume_ev","tesla","ev_simplified","D","","","","","no","","","","","","0.00","v3 OEM-first retry completed 2026-07-26; no uninspected URL promoted.","Tesla service intervals are published through live owner-manual/app content; no stable, byte-valid model-year maintenance PDF was verified."
"1525","tesla-model-y-2022-long-range","2022","Tesla","Model Y","Long Range","","volume_ev","tesla","ev_simplified","D","","","","","no","","","","","","0.00","v3 OEM-first retry completed 2026-07-26; no uninspected URL promoted.","Tesla service intervals are published through live owner-manual/app content; no stable, byte-valid model-year maintenance PDF was verified."
"1526","tesla-model-y-2022-performance","2022","Tesla","Model Y","Performance","","volume_ev","tesla","ev_simplified","D","","","","","no","","","","","","0.00","v3 OEM-first retry completed 2026-07-26; no uninspected URL promoted.","Tesla service intervals are published through live owner-manual/app content; no stable, byte-valid model-year maintenance PDF was verified."
"1527","tesla-model-y-2021-long-range","2021","Tesla","Model Y","Long Range","","volume_ev","tesla","ev_simplified","D","","","","","no","","","","","","0.00","v3 OEM-first retry completed 2026-07-26; no uninspected URL promoted.","Tesla service intervals are published through live owner-manual/app content; no stable, byte-valid model-year maintenance PDF was verified."
"1528","tesla-model-y-2021-performance","2021","Tesla","Model Y","Performance","","volume_ev","tesla","ev_simplified","D","","","","","no","","","","","","0.00","v3 OEM-first retry completed 2026-07-26; no uninspected URL promoted.","Tesla service intervals are published through live owner-manual/app content; no stable, byte-valid model-year maintenance PDF was verified."
"1529","tesla-model-y-2020-long-range","2020","Tesla","Model Y","Long Range","","volume_ev","tesla","ev_simplified","D","","","","","no","","","","","","0.00","v3 OEM-first retry completed 2026-07-26; no uninspected URL promoted.","Tesla service intervals are published through live owner-manual/app content; no stable, byte-valid model-year maintenance PDF was verified."
"1530","tesla-model-y-2020-performance","2020","Tesla","Model Y","Performance","","volume_ev","tesla","ev_simplified","D","","","","","no","","","","","","0.00","v3 OEM-first retry completed 2026-07-26; no uninspected URL promoted.","Tesla service intervals are published through live owner-manual/app content; no stable, byte-valid model-year maintenance PDF was verified."
"1531","tesla-model-3-2025-standard-range","2025","Tesla","Model 3","Standard Range","","volume_ev","tesla","ev_simplified","D","","","","","no","","","","","","0.00","v3 OEM-first retry completed 2026-07-26; no uninspected URL promoted.","Tesla service intervals are published through live owner-manual/app content; no stable, byte-valid model-year maintenance PDF was verified."
"1532","tesla-model-3-2025-long-range","2025","Tesla","Model 3","Long Range","","volume_ev","tesla","ev_simplified","D","","","","","no","","","","","","0.00","v3 OEM-first retry completed 2026-07-26; no uninspected URL promoted.","Tesla service intervals are published through live owner-manual/app content; no stable, byte-valid model-year maintenance PDF was verified."
"1533","tesla-model-3-2025-performance","2025","Tesla","Model 3","Performance","","volume_ev","tesla","ev_simplified","D","","","","","no","","","","","","0.00","v3 OEM-first retry completed 2026-07-26; no uninspected URL promoted.","Tesla service intervals are published through live owner-manual/app content; no stable, byte-valid model-year maintenance PDF was verified."
"1534","tesla-model-3-2024-standard-range","2024","Tesla","Model 3","Standard Range","","volume_ev","tesla","ev_simplified","D","","","","","no","","","","","","0.00","v3 OEM-first retry completed 2026-07-26; no uninspected URL promoted.","Tesla service intervals are published through live owner-manual/app content; no stable, byte-valid model-year maintenance PDF was verified."
"1536","tesla-model-3-2024-performance","2024","Tesla","Model 3","Performance","","volume_ev","tesla","ev_simplified","D","","","","","no","","","","","","0.00","v3 OEM-first retry completed 2026-07-26; no uninspected URL promoted.","Tesla service intervals are published through live owner-manual/app content; no stable, byte-valid model-year maintenance PDF was verified."
"1537","tesla-model-3-2023-standard-range","2023","Tesla","Model 3","Standard Range","","volume_ev","tesla","ev_simplified","D","","","","","no","","","","","","0.00","v3 OEM-first retry completed 2026-07-26; no uninspected URL promoted.","Tesla service intervals are published through live owner-manual/app content; no stable, byte-valid model-year maintenance PDF was verified."
"1538","tesla-model-3-2023-long-range","2023","Tesla","Model 3","Long Range","","volume_ev","tesla","ev_simplified","D","","","","","no","","","","","","0.00","v3 OEM-first retry completed 2026-07-26; no uninspected URL promoted.","Tesla service intervals are published through live owner-manual/app content; no stable, byte-valid model-year maintenance PDF was verified."
"1539","tesla-model-3-2023-performance","2023","Tesla","Model 3","Performance","","volume_ev","tesla","ev_simplified","D","","","","","no","","","","","","0.00","v3 OEM-first retry completed 2026-07-26; no uninspected URL promoted.","Tesla service intervals are published through live owner-manual/app content; no stable, byte-valid model-year maintenance PDF was verified."
"1540","tesla-model-3-2022-standard-range","2022","Tesla","Model 3","Standard Range","","volume_ev","tesla","ev_simplified","D","","","","","no","","","","","","0.00","v3 OEM-first retry completed 2026-07-26; no uninspected URL promoted.","Tesla service intervals are published through live owner-manual/app content; no stable, byte-valid model-year maintenance PDF was verified."
"1541","tesla-model-3-2022-long-range","2022","Tesla","Model 3","Long Range","","volume_ev","tesla","ev_simplified","D","","","","","no","","","","","","0.00","v3 OEM-first retry completed 2026-07-26; no uninspected URL promoted.","Tesla service intervals are published through live owner-manual/app content; no stable, byte-valid model-year maintenance PDF was verified."
"1542","tesla-model-3-2022-performance","2022","Tesla","Model 3","Performance","","volume_ev","tesla","ev_simplified","D","","","","","no","","","","","","0.00","v3 OEM-first retry completed 2026-07-26; no uninspected URL promoted.","Tesla service intervals are published through live owner-manual/app content; no stable, byte-valid model-year maintenance PDF was verified."
"1543","tesla-model-3-2021-standard-range","2021","Tesla","Model 3","Standard Range","","volume_ev","tesla","ev_simplified","D","","","","","no","","","","","","0.00","v3 OEM-first retry completed 2026-07-26; no uninspected URL promoted.","Tesla service intervals are published through live owner-manual/app content; no stable, byte-valid model-year maintenance PDF was verified."
"1544","tesla-model-3-2021-long-range","2021","Tesla","Model 3","Long Range","","volume_ev","tesla","ev_simplified","D","","","","","no","","","","","","0.00","v3 OEM-first retry completed 2026-07-26; no uninspected URL promoted.","Tesla service intervals are published through live owner-manual/app content; no stable, byte-valid model-year maintenance PDF was verified."
"1545","tesla-model-3-2021-performance","2021","Tesla","Model 3","Performance","","volume_ev","tesla","ev_simplified","D","","","","","no","","","","","","0.00","v3 OEM-first retry completed 2026-07-26; no uninspected URL promoted.","Tesla service intervals are published through live owner-manual/app content; no stable, byte-valid model-year maintenance PDF was verified."
"1546","tesla-model-3-2020-standard-range","2020","Tesla","Model 3","Standard Range","","volume_ev","tesla","ev_simplified","D","","","","","no","","","","","","0.00","v3 OEM-first retry completed 2026-07-26; no uninspected URL promoted.","Tesla service intervals are published through live owner-manual/app content; no stable, byte-valid model-year maintenance PDF was verified."
"1547","tesla-model-3-2020-long-range","2020","Tesla","Model 3","Long Range","","volume_ev","tesla","ev_simplified","D","","","","","no","","","","","","0.00","v3 OEM-first retry completed 2026-07-26; no uninspected URL promoted.","Tesla service intervals are published through live owner-manual/app content; no stable, byte-valid model-year maintenance PDF was verified."
"1548","tesla-model-3-2020-performance","2020","Tesla","Model 3","Performance","","volume_ev","tesla","ev_simplified","D","","","","","no","","","","","","0.00","v3 OEM-first retry completed 2026-07-26; no uninspected URL promoted.","Tesla service intervals are published through live owner-manual/app content; no stable, byte-valid model-year maintenance PDF was verified."
"1549","hyundai-ioniq-5-2025-se","2025","Hyundai","IONIQ 5","SE","","volume_ev","ev-generic","ev_simplified","D","","","","","no","","","","","","0.00","v3 OEM-first retry completed 2026-07-26; no uninspected URL promoted.","No direct public US-market Hyundai PDF with both exact YMM identity and an extractable maintenance schedule was verified. Candidate checks: request-failed: fetch failed."
"1550","hyundai-ioniq-5-2025-sel","2025","Hyundai","IONIQ 5","SEL","","volume_ev","ev-generic","ev_simplified","D","","","","","no","","","","","","0.00","v3 OEM-first retry completed 2026-07-26; no uninspected URL promoted.","No direct public US-market Hyundai PDF with both exact YMM identity and an extractable maintenance schedule was verified. Candidate checks: request-failed: fetch failed."
"1551","hyundai-ioniq-5-2025-limited","2025","Hyundai","IONIQ 5","Limited","","volume_ev","ev-generic","ev_simplified","D","","","","","no","","","","","","0.00","v3 OEM-first retry completed 2026-07-26; no uninspected URL promoted.","No direct public US-market Hyundai PDF with both exact YMM identity and an extractable maintenance schedule was verified. Candidate checks: request-failed: fetch failed."
"1552","hyundai-ioniq-5-2024-se","2024","Hyundai","IONIQ 5","SE","","volume_ev","ev-generic","ev_simplified","D","","","","","no","","","","","","0.00","v3 OEM-first retry completed 2026-07-26; no uninspected URL promoted.","No direct public US-market Hyundai PDF with both exact YMM identity and an extractable maintenance schedule was verified. Candidate checks: request-failed: fetch failed."
"1553","hyundai-ioniq-5-2024-sel","2024","Hyundai","IONIQ 5","SEL","","volume_ev","ev-generic","ev_simplified","D","","","","","no","","","","","","0.00","v3 OEM-first retry completed 2026-07-26; no uninspected URL promoted.","No direct public US-market Hyundai PDF with both exact YMM identity and an extractable maintenance schedule was verified. Candidate checks: request-failed: fetch failed."
"1554","hyundai-ioniq-5-2024-limited","2024","Hyundai","IONIQ 5","Limited","","volume_ev","ev-generic","ev_simplified","D","","","","","no","","","","","","0.00","v3 OEM-first retry completed 2026-07-26; no uninspected URL promoted.","No direct public US-market Hyundai PDF with both exact YMM identity and an extractable maintenance schedule was verified. Candidate checks: request-failed: fetch failed."
"1555","hyundai-ioniq-5-2023-se","2023","Hyundai","IONIQ 5","SE","","volume_ev","ev-generic","ev_simplified","D","","","","","no","","","","","","0.00","v3 OEM-first retry completed 2026-07-26; no uninspected URL promoted.","No direct public US-market Hyundai PDF with both exact YMM identity and an extractable maintenance schedule was verified. Candidate checks: request-failed: fetch failed."
"1556","hyundai-ioniq-5-2023-sel","2023","Hyundai","IONIQ 5","SEL","","volume_ev","ev-generic","ev_simplified","D","","","","","no","","","","","","0.00","v3 OEM-first retry completed 2026-07-26; no uninspected URL promoted.","No direct public US-market Hyundai PDF with both exact YMM identity and an extractable maintenance schedule was verified. Candidate checks: request-failed: fetch failed."
"1557","hyundai-ioniq-5-2023-limited","2023","Hyundai","IONIQ 5","Limited","","volume_ev","ev-generic","ev_simplified","D","","","","","no","","","","","","0.00","v3 OEM-first retry completed 2026-07-26; no uninspected URL promoted.","No direct public US-market Hyundai PDF with both exact YMM identity and an extractable maintenance schedule was verified. Candidate checks: request-failed: fetch failed."
"1558","hyundai-ioniq-5-2022-se","2022","Hyundai","IONIQ 5","SE","","volume_ev","ev-generic","ev_simplified","D","","","","","no","","","","","","0.00","v3 OEM-first retry completed 2026-07-26; no uninspected URL promoted.","No direct public US-market Hyundai PDF with both exact YMM identity and an extractable maintenance schedule was verified. Candidate checks: request-failed: fetch failed."
"1559","hyundai-ioniq-5-2022-sel","2022","Hyundai","IONIQ 5","SEL","","volume_ev","ev-generic","ev_simplified","D","","","","","no","","","","","","0.00","v3 OEM-first retry completed 2026-07-26; no uninspected URL promoted.","No direct public US-market Hyundai PDF with both exact YMM identity and an extractable maintenance schedule was verified. Candidate checks: request-failed: fetch failed."
"1560","hyundai-ioniq-5-2022-limited","2022","Hyundai","IONIQ 5","Limited","","volume_ev","ev-generic","ev_simplified","D","","","","","no","","","","","","0.00","v3 OEM-first retry completed 2026-07-26; no uninspected URL promoted.","No direct public US-market Hyundai PDF with both exact YMM identity and an extractable maintenance schedule was verified. Candidate checks: request-failed: fetch failed."
"1561","kia-ev6-2025-light","2025","Kia","EV6","Light","","volume_ev","ev-generic","ev_simplified","D","","","","","no","","","","","","0.00","v3 OEM-first retry completed 2026-07-26; no uninspected URL promoted.","The Kia owner portal is session-gated and no attributable, byte-valid public mirror was verified for this exact model year/model."
"1562","kia-ev6-2025-wind","2025","Kia","EV6","Wind","","volume_ev","ev-generic","ev_simplified","D","","","","","no","","","","","","0.00","v3 OEM-first retry completed 2026-07-26; no uninspected URL promoted.","The Kia owner portal is session-gated and no attributable, byte-valid public mirror was verified for this exact model year/model."
"1563","kia-ev6-2025-gt-line","2025","Kia","EV6","GT-Line","","volume_ev","ev-generic","ev_simplified","D","","","","","no","","","","","","0.00","v3 OEM-first retry completed 2026-07-26; no uninspected URL promoted.","The Kia owner portal is session-gated and no attributable, byte-valid public mirror was verified for this exact model year/model."
"1565","kia-ev6-2024-wind","2024","Kia","EV6","Wind","","volume_ev","ev-generic","ev_simplified","D","","","","","no","","","","","","0.00","v3 OEM-first retry completed 2026-07-26; no uninspected URL promoted.","The Kia owner portal is session-gated and no attributable, byte-valid public mirror was verified for this exact model year/model. Candidate checks: request-failed: fetch failed."
"1566","kia-ev6-2024-gt-line","2024","Kia","EV6","GT-Line","","volume_ev","ev-generic","ev_simplified","D","","","","","no","","","","","","0.00","v3 OEM-first retry completed 2026-07-26; no uninspected URL promoted.","The Kia owner portal is session-gated and no attributable, byte-valid public mirror was verified for this exact model year/model. Candidate checks: request-failed: fetch failed."
"1567","kia-ev6-2023-light","2023","Kia","EV6","Light","","volume_ev","ev-generic","ev_simplified","D","","","","","no","","","","","","0.00","v3 OEM-first retry completed 2026-07-26; no uninspected URL promoted.","The Kia owner portal is session-gated and no attributable, byte-valid public mirror was verified for this exact model year/model."
"1568","kia-ev6-2023-wind","2023","Kia","EV6","Wind","","volume_ev","ev-generic","ev_simplified","D","","","","","no","","","","","","0.00","v3 OEM-first retry completed 2026-07-26; no uninspected URL promoted.","The Kia owner portal is session-gated and no attributable, byte-valid public mirror was verified for this exact model year/model."
"1569","kia-ev6-2023-gt-line","2023","Kia","EV6","GT-Line","","volume_ev","ev-generic","ev_simplified","D","","","","","no","","","","","","0.00","v3 OEM-first retry completed 2026-07-26; no uninspected URL promoted.","The Kia owner portal is session-gated and no attributable, byte-valid public mirror was verified for this exact model year/model."
"1570","kia-ev6-2022-light","2022","Kia","EV6","Light","","volume_ev","ev-generic","ev_simplified","D","","","","","no","","","","","","0.00","v3 OEM-first retry completed 2026-07-26; no uninspected URL promoted.","The Kia owner portal is session-gated and no attributable, byte-valid public mirror was verified for this exact model year/model."
"1571","kia-ev6-2022-wind","2022","Kia","EV6","Wind","","volume_ev","ev-generic","ev_simplified","D","","","","","no","","","","","","0.00","v3 OEM-first retry completed 2026-07-26; no uninspected URL promoted.","The Kia owner portal is session-gated and no attributable, byte-valid public mirror was verified for this exact model year/model."
"1572","kia-ev6-2022-gt-line","2022","Kia","EV6","GT-Line","","volume_ev","ev-generic","ev_simplified","D","","","","","no","","","","","","0.00","v3 OEM-first retry completed 2026-07-26; no uninspected URL promoted.","The Kia owner portal is session-gated and no attributable, byte-valid public mirror was verified for this exact model year/model."
"1573","ford-mustang-mach-e-2025-select","2025","Ford","Mustang Mach-E","Select","","volume_ev","ev-generic","ev_simplified","D","","","","","no","","","","","","0.00","v3 OEM-first retry completed 2026-07-26; no uninspected URL promoted.","No qualifying public US-market OEM or attributable mirror PDF passed byte, identity, and maintenance-section validation for this exact model year/model. Candidate checks: request-failed: fetch failed."
"1574","ford-mustang-mach-e-2025-premium","2025","Ford","Mustang Mach-E","Premium","","volume_ev","ev-generic","ev_simplified","D","","","","","no","","","","","","0.00","v3 OEM-first retry completed 2026-07-26; no uninspected URL promoted.","No qualifying public US-market OEM or attributable mirror PDF passed byte, identity, and maintenance-section validation for this exact model year/model. Candidate checks: request-failed: fetch failed."
"1575","ford-mustang-mach-e-2025-gt","2025","Ford","Mustang Mach-E","GT","","volume_ev","ev-generic","ev_simplified","D","","","","","no","","","","","","0.00","v3 OEM-first retry completed 2026-07-26; no uninspected URL promoted.","No qualifying public US-market OEM or attributable mirror PDF passed byte, identity, and maintenance-section validation for this exact model year/model. Candidate checks: request-failed: fetch failed."
"1576","ford-mustang-mach-e-2024-select","2024","Ford","Mustang Mach-E","Select","","volume_ev","ev-generic","ev_simplified","B","https://www.fordservicecontent.com/Ford_Content/Catalog/owner_information/2024_Ford_Mustang_Mach-E_Owners_Manual_version_1_om_EN-US.pdf","","Owner manual / maintenance booklet","Scheduled Maintenance","no","","517","200","application/pdf","2e3044f5516eb56fda0bb67864d76180e84fc3ad432b20754196663492f4453a","0.96","v3 retry validation passed 2026-07-26: HTTP 200, application/pdf, %PDF magic, 44425578 bytes, SHA-256 2e3044f5516eb56fda0bb67864d76180e84fc3ad432b20754196663492f4453a. OEM host www.fordservicecontent.com; extracted text confirms 2024 Mustang Mach-E applicability and a complete maintenance section. Primary validation row for this document.",""
"1577","ford-mustang-mach-e-2024-premium","2024","Ford","Mustang Mach-E","Premium","","volume_ev","ev-generic","ev_simplified","B","https://www.fordservicecontent.com/Ford_Content/Catalog/owner_information/2024_Ford_Mustang_Mach-E_Owners_Manual_version_1_om_EN-US.pdf","","Owner manual / maintenance booklet","Scheduled Maintenance","yes","ford-mustang-mach-e-2024-select","517","200","application/pdf","2e3044f5516eb56fda0bb67864d76180e84fc3ad432b20754196663492f4453a","0.88","v3 retry validation passed 2026-07-26: HTTP 200, application/pdf, %PDF magic, 44425578 bytes, SHA-256 2e3044f5516eb56fda0bb67864d76180e84fc3ad432b20754196663492f4453a. OEM host www.fordservicecontent.com; extracted text confirms 2024 Mustang Mach-E applicability and a complete maintenance section. Same validated document shared from ford-mustang-mach-e-2024-select.",""
"1578","ford-mustang-mach-e-2024-gt","2024","Ford","Mustang Mach-E","GT","","volume_ev","ev-generic","ev_simplified","B","https://www.fordservicecontent.com/Ford_Content/Catalog/owner_information/2024_Ford_Mustang_Mach-E_Owners_Manual_version_1_om_EN-US.pdf","","Owner manual / maintenance booklet","Scheduled Maintenance","yes","ford-mustang-mach-e-2024-select","517","200","application/pdf","2e3044f5516eb56fda0bb67864d76180e84fc3ad432b20754196663492f4453a","0.88","v3 retry validation passed 2026-07-26: HTTP 200, application/pdf, %PDF magic, 44425578 bytes, SHA-256 2e3044f5516eb56fda0bb67864d76180e84fc3ad432b20754196663492f4453a. OEM host www.fordservicecontent.com; extracted text confirms 2024 Mustang Mach-E applicability and a complete maintenance section. Same validated document shared from ford-mustang-mach-e-2024-select.",""
"1579","ford-mustang-mach-e-2023-select","2023","Ford","Mustang Mach-E","Select","","volume_ev","ev-generic","ev_simplified","B","https://www.fordservicecontent.com/Ford_Content/Catalog/owner_information/2023_Ford_Mustang_Mach-E_Owners_Manual_version_1_om_EN-US.pdf","","Owner manual / maintenance booklet","Scheduled Maintenance","no","","496","200","application/pdf","0532192440d7f1c894d31af7a4c08bd5d6a25711d50f8caded64e6e0d7a54a29","0.96","v3 retry validation passed 2026-07-26: HTTP 200, application/pdf, %PDF magic, 39952694 bytes, SHA-256 0532192440d7f1c894d31af7a4c08bd5d6a25711d50f8caded64e6e0d7a54a29. OEM host www.fordservicecontent.com; extracted text confirms 2023 Mustang Mach-E applicability and a complete maintenance section. Primary validation row for this document.",""
"1580","ford-mustang-mach-e-2023-premium","2023","Ford","Mustang Mach-E","Premium","","volume_ev","ev-generic","ev_simplified","B","https://www.fordservicecontent.com/Ford_Content/Catalog/owner_information/2023_Ford_Mustang_Mach-E_Owners_Manual_version_1_om_EN-US.pdf","","Owner manual / maintenance booklet","Scheduled Maintenance","yes","ford-mustang-mach-e-2023-select","496","200","application/pdf","0532192440d7f1c894d31af7a4c08bd5d6a25711d50f8caded64e6e0d7a54a29","0.88","v3 retry validation passed 2026-07-26: HTTP 200, application/pdf, %PDF magic, 39952694 bytes, SHA-256 0532192440d7f1c894d31af7a4c08bd5d6a25711d50f8caded64e6e0d7a54a29. OEM host www.fordservicecontent.com; extracted text confirms 2023 Mustang Mach-E applicability and a complete maintenance section. Same validated document shared from ford-mustang-mach-e-2023-select.",""
"1581","ford-mustang-mach-e-2023-gt","2023","Ford","Mustang Mach-E","GT","","volume_ev","ev-generic","ev_simplified","B","https://www.fordservicecontent.com/Ford_Content/Catalog/owner_information/2023_Ford_Mustang_Mach-E_Owners_Manual_version_1_om_EN-US.pdf","","Owner manual / maintenance booklet","Scheduled Maintenance","yes","ford-mustang-mach-e-2023-select","496","200","application/pdf","0532192440d7f1c894d31af7a4c08bd5d6a25711d50f8caded64e6e0d7a54a29","0.88","v3 retry validation passed 2026-07-26: HTTP 200, application/pdf, %PDF magic, 39952694 bytes, SHA-256 0532192440d7f1c894d31af7a4c08bd5d6a25711d50f8caded64e6e0d7a54a29. OEM host www.fordservicecontent.com; extracted text confirms 2023 Mustang Mach-E applicability and a complete maintenance section. Same validated document shared from ford-mustang-mach-e-2023-select.",""
"1582","ford-mustang-mach-e-2022-select","2022","Ford","Mustang Mach-E","Select","","volume_ev","ev-generic","ev_simplified","C","https://manuals.startmycar.com/published/Ford-Mustang-Mach-E_2022_EN-US_US_3504acec02.pdf","","Owner manual / maintenance booklet","Scheduled Maintenance","no","","476","200","application/pdf","608f2d3a034ce14601dbd52de0ab90d8363afc9fbdac221409262ceffbf29fdb","0.96","v3 retry validation passed 2026-07-26: HTTP 200, application/pdf, %PDF magic, 9134901 bytes, SHA-256 608f2d3a034ce14601dbd52de0ab90d8363afc9fbdac221409262ceffbf29fdb. Tier C mirror host manuals.startmycar.com; PDF text identifies Ford as publisher and confirms 2022 Mustang Mach-E applicability. Primary validation row for this document.",""
"1583","ford-mustang-mach-e-2022-premium","2022","Ford","Mustang Mach-E","Premium","","volume_ev","ev-generic","ev_simplified","C","https://manuals.startmycar.com/published/Ford-Mustang-Mach-E_2022_EN-US_US_3504acec02.pdf","","Owner manual / maintenance booklet","Scheduled Maintenance","yes","ford-mustang-mach-e-2022-select","476","200","application/pdf","608f2d3a034ce14601dbd52de0ab90d8363afc9fbdac221409262ceffbf29fdb","0.88","v3 retry validation passed 2026-07-26: HTTP 200, application/pdf, %PDF magic, 9134901 bytes, SHA-256 608f2d3a034ce14601dbd52de0ab90d8363afc9fbdac221409262ceffbf29fdb. Tier C mirror host manuals.startmycar.com; PDF text identifies Ford as publisher and confirms 2022 Mustang Mach-E applicability. Same validated document shared from ford-mustang-mach-e-2022-select.",""
"1584","ford-mustang-mach-e-2022-gt","2022","Ford","Mustang Mach-E","GT","","volume_ev","ev-generic","ev_simplified","C","https://manuals.startmycar.com/published/Ford-Mustang-Mach-E_2022_EN-US_US_3504acec02.pdf","","Owner manual / maintenance booklet","Scheduled Maintenance","yes","ford-mustang-mach-e-2022-select","476","200","application/pdf","608f2d3a034ce14601dbd52de0ab90d8363afc9fbdac221409262ceffbf29fdb","0.88","v3 retry validation passed 2026-07-26: HTTP 200, application/pdf, %PDF magic, 9134901 bytes, SHA-256 608f2d3a034ce14601dbd52de0ab90d8363afc9fbdac221409262ceffbf29fdb. Tier C mirror host manuals.startmycar.com; PDF text identifies Ford as publisher and confirms 2022 Mustang Mach-E applicability. Same validated document shared from ford-mustang-mach-e-2022-select.",""
"1585","ford-mustang-mach-e-2021-select","2021","Ford","Mustang Mach-E","Select","","volume_ev","ev-generic","ev_simplified","D","","","","","no","","","","","","0.00","v3 OEM-first retry completed 2026-07-26; no uninspected URL promoted.","No qualifying public US-market OEM or attributable mirror PDF passed byte, identity, and maintenance-section validation for this exact model year/model. Candidate checks: request-failed: fetch failed."
"1586","ford-mustang-mach-e-2021-premium","2021","Ford","Mustang Mach-E","Premium","","volume_ev","ev-generic","ev_simplified","D","","","","","no","","","","","","0.00","v3 OEM-first retry completed 2026-07-26; no uninspected URL promoted.","No qualifying public US-market OEM or attributable mirror PDF passed byte, identity, and maintenance-section validation for this exact model year/model. Candidate checks: request-failed: fetch failed."
"1587","ford-mustang-mach-e-2021-gt","2021","Ford","Mustang Mach-E","GT","","volume_ev","ev-generic","ev_simplified","D","","","","","no","","","","","","0.00","v3 OEM-first retry completed 2026-07-26; no uninspected URL promoted.","No qualifying public US-market OEM or attributable mirror PDF passed byte, identity, and maintenance-section validation for this exact model year/model. Candidate checks: request-failed: fetch failed."
"1588","volkswagen-id-4-2025-pro","2025","Volkswagen","ID.4","Pro","","volume_ev","ev-generic","ev_simplified","D","","","","","no","","","","","","0.00","v3 OEM-first retry completed 2026-07-26; no uninspected URL promoted.","No direct public Volkswagen owner-literature PDF document ID was verified for this exact model year; portal/HTML records are insufficient."
"1589","volkswagen-id-4-2025-pro-s","2025","Volkswagen","ID.4","Pro S","","volume_ev","ev-generic","ev_simplified","D","","","","","no","","","","","","0.00","v3 OEM-first retry completed 2026-07-26; no uninspected URL promoted.","No direct public Volkswagen owner-literature PDF document ID was verified for this exact model year; portal/HTML records are insufficient."
"1590","volkswagen-id-4-2025-awd-pro","2025","Volkswagen","ID.4","AWD Pro","","volume_ev","ev-generic","ev_simplified","D","","","","","no","","","","","","0.00","v3 OEM-first retry completed 2026-07-26; no uninspected URL promoted.","No direct public Volkswagen owner-literature PDF document ID was verified for this exact model year; portal/HTML records are insufficient."
"1591","volkswagen-id-4-2024-pro","2024","Volkswagen","ID.4","Pro","","volume_ev","ev-generic","ev_simplified","D","","","","","no","","","","","","0.00","v3 OEM-first retry completed 2026-07-26; no uninspected URL promoted.","No direct public Volkswagen owner-literature PDF document ID was verified for this exact model year; portal/HTML records are insufficient."
"1592","volkswagen-id-4-2024-pro-s","2024","Volkswagen","ID.4","Pro S","","volume_ev","ev-generic","ev_simplified","D","","","","","no","","","","","","0.00","v3 OEM-first retry completed 2026-07-26; no uninspected URL promoted.","No direct public Volkswagen owner-literature PDF document ID was verified for this exact model year; portal/HTML records are insufficient."
"1593","volkswagen-id-4-2024-awd-pro","2024","Volkswagen","ID.4","AWD Pro","","volume_ev","ev-generic","ev_simplified","D","","","","","no","","","","","","0.00","v3 OEM-first retry completed 2026-07-26; no uninspected URL promoted.","No direct public Volkswagen owner-literature PDF document ID was verified for this exact model year; portal/HTML records are insufficient."
"1594","volkswagen-id-4-2023-pro","2023","Volkswagen","ID.4","Pro","","volume_ev","ev-generic","ev_simplified","D","","","","","no","","","","","","0.00","v3 OEM-first retry completed 2026-07-26; no uninspected URL promoted.","No direct public Volkswagen owner-literature PDF document ID was verified for this exact model year; portal/HTML records are insufficient."
"1595","volkswagen-id-4-2023-pro-s","2023","Volkswagen","ID.4","Pro S","","volume_ev","ev-generic","ev_simplified","D","","","","","no","","","","","","0.00","v3 OEM-first retry completed 2026-07-26; no uninspected URL promoted.","No direct public Volkswagen owner-literature PDF document ID was verified for this exact model year; portal/HTML records are insufficient."
"1596","volkswagen-id-4-2023-awd-pro","2023","Volkswagen","ID.4","AWD Pro","","volume_ev","ev-generic","ev_simplified","D","","","","","no","","","","","","0.00","v3 OEM-first retry completed 2026-07-26; no uninspected URL promoted.","No direct public Volkswagen owner-literature PDF document ID was verified for this exact model year; portal/HTML records are insufficient."
"1597","volkswagen-id-4-2022-pro","2022","Volkswagen","ID.4","Pro","","volume_ev","ev-generic","ev_simplified","D","","","","","no","","","","","","0.00","v3 OEM-first retry completed 2026-07-26; no uninspected URL promoted.","No direct public Volkswagen owner-literature PDF document ID was verified for this exact model year; portal/HTML records are insufficient."
"1598","volkswagen-id-4-2022-pro-s","2022","Volkswagen","ID.4","Pro S","","volume_ev","ev-generic","ev_simplified","D","","","","","no","","","","","","0.00","v3 OEM-first retry completed 2026-07-26; no uninspected URL promoted.","No direct public Volkswagen owner-literature PDF document ID was verified for this exact model year; portal/HTML records are insufficient."
"1599","volkswagen-id-4-2022-awd-pro","2022","Volkswagen","ID.4","AWD Pro","","volume_ev","ev-generic","ev_simplified","D","","","","","no","","","","","","0.00","v3 OEM-first retry completed 2026-07-26; no uninspected URL promoted.","No direct public Volkswagen owner-literature PDF document ID was verified for this exact model year; portal/HTML records are insufficient."
"1600","volkswagen-id-4-2021-pro","2021","Volkswagen","ID.4","Pro","","volume_ev","ev-generic","ev_simplified","D","","","","","no","","","","","","0.00","v3 OEM-first retry completed 2026-07-26; no uninspected URL promoted.","No direct public Volkswagen owner-literature PDF document ID was verified for this exact model year; portal/HTML records are insufficient."
"1601","volkswagen-id-4-2021-pro-s","2021","Volkswagen","ID.4","Pro S","","volume_ev","ev-generic","ev_simplified","D","","","","","no","","","","","","0.00","v3 OEM-first retry completed 2026-07-26; no uninspected URL promoted.","No direct public Volkswagen owner-literature PDF document ID was verified for this exact model year; portal/HTML records are insufficient."
"1602","volkswagen-id-4-2021-awd-pro","2021","Volkswagen","ID.4","AWD Pro","","volume_ev","ev-generic","ev_simplified","D","","","","","no","","","","","","0.00","v3 OEM-first retry completed 2026-07-26; no uninspected URL promoted.","No direct public Volkswagen owner-literature PDF document ID was verified for this exact model year; portal/HTML records are insufficient."
"1603","chevrolet-bolt-ev-2023-1lt","2023","Chevrolet","Bolt EV","1LT","","volume_ev","ev-generic","ev_simplified","B","https://contentdelivery.ext.gm.com/content/dam/cope/en_us/public/pdf_assets/active/owners_manuals_browse/2023/23_CHEV_Bolt_EV_OM_en_US_U_84953304C_2023MAR10_3P.pdf","","Owner manual / maintenance booklet","Scheduled Maintenance","no","","310","200","application/pdf","2791a586ccad2634e1512de0e5d85080a0ee7397b9a6ffc0c472aeff5f6bbf95","0.96","v3 retry validation passed 2026-07-26: HTTP 200, application/pdf, %PDF magic, 7211347 bytes, SHA-256 2791a586ccad2634e1512de0e5d85080a0ee7397b9a6ffc0c472aeff5f6bbf95. OEM host contentdelivery.ext.gm.com; extracted text confirms 2023 Bolt EV applicability and a complete maintenance section. Primary validation row for this document.",""
"1604","chevrolet-bolt-ev-2023-2lt","2023","Chevrolet","Bolt EV","2LT","","volume_ev","ev-generic","ev_simplified","B","https://contentdelivery.ext.gm.com/content/dam/cope/en_us/public/pdf_assets/active/owners_manuals_browse/2023/23_CHEV_Bolt_EV_OM_en_US_U_84953304C_2023MAR10_3P.pdf","","Owner manual / maintenance booklet","Scheduled Maintenance","yes","chevrolet-bolt-ev-2023-1lt","310","200","application/pdf","2791a586ccad2634e1512de0e5d85080a0ee7397b9a6ffc0c472aeff5f6bbf95","0.88","v3 retry validation passed 2026-07-26: HTTP 200, application/pdf, %PDF magic, 7211347 bytes, SHA-256 2791a586ccad2634e1512de0e5d85080a0ee7397b9a6ffc0c472aeff5f6bbf95. OEM host contentdelivery.ext.gm.com; extracted text confirms 2023 Bolt EV applicability and a complete maintenance section. Same validated document shared from chevrolet-bolt-ev-2023-1lt.",""
"1609","chevrolet-bolt-ev-2020-1lt","2020","Chevrolet","Bolt EV","1LT","","volume_ev","ev-generic","ev_simplified","C","https://manuals.startmycar.com/published/Chevrolet-Bolt-EV_2020_EN-US_US_766f15128a.pdf","","Owner manual / maintenance booklet","Scheduled Maintenance","no","","347","200","application/pdf","d811495f0a95d491283b37921c3a10437e5f81b3ae19c45d9d0b18ddc5123d4c","0.96","v3 retry validation passed 2026-07-26: HTTP 200, application/pdf, %PDF magic, 5983105 bytes, SHA-256 d811495f0a95d491283b37921c3a10437e5f81b3ae19c45d9d0b18ddc5123d4c. Tier C mirror host manuals.startmycar.com; PDF text identifies Chevrolet as publisher and confirms 2020 Bolt EV applicability. Primary validation row for this document.",""
"1610","chevrolet-bolt-ev-2020-2lt","2020","Chevrolet","Bolt EV","2LT","","volume_ev","ev-generic","ev_simplified","C","https://manuals.startmycar.com/published/Chevrolet-Bolt-EV_2020_EN-US_US_766f15128a.pdf","","Owner manual / maintenance booklet","Scheduled Maintenance","yes","chevrolet-bolt-ev-2020-1lt","347","200","application/pdf","d811495f0a95d491283b37921c3a10437e5f81b3ae19c45d9d0b18ddc5123d4c","0.88","v3 retry validation passed 2026-07-26: HTTP 200, application/pdf, %PDF magic, 5983105 bytes, SHA-256 d811495f0a95d491283b37921c3a10437e5f81b3ae19c45d9d0b18ddc5123d4c. Tier C mirror host manuals.startmycar.com; PDF text identifies Chevrolet as publisher and confirms 2020 Bolt EV applicability. Same validated document shared from chevrolet-bolt-ev-2020-1lt.",""
"1641","nissan-pathfinder-2021-s","2021","Nissan","Pathfinder","S","","volume_suv","nissan","fixed_interval","D","","","","","no","","","","","","0.00","v3 OEM-first retry completed 2026-07-26; no uninspected URL promoted.","No qualifying public US-market OEM or attributable mirror PDF passed byte, identity, and maintenance-section validation for this exact model year/model. Candidate checks: request-failed: fetch failed."
"1642","nissan-pathfinder-2021-sv","2021","Nissan","Pathfinder","SV","","volume_suv","nissan","fixed_interval","D","","","","","no","","","","","","0.00","v3 OEM-first retry completed 2026-07-26; no uninspected URL promoted.","No qualifying public US-market OEM or attributable mirror PDF passed byte, identity, and maintenance-section validation for this exact model year/model. Candidate checks: request-failed: fetch failed."
"1643","nissan-pathfinder-2021-platinum","2021","Nissan","Pathfinder","Platinum","","volume_suv","nissan","fixed_interval","D","","","","","no","","","","","","0.00","v3 OEM-first retry completed 2026-07-26; no uninspected URL promoted.","No qualifying public US-market OEM or attributable mirror PDF passed byte, identity, and maintenance-section validation for this exact model year/model. Candidate checks: request-failed: fetch failed."
"1647","mazda-3-2025-select","2025","Mazda","3","Select","","volume_sedan","mazda","fixed_interval","B","https://www.mazdausa.com/siteassets/global-resources/vehicle-resources/owner-manuals/2025/m3s/2025-mazda3-hatchback-sedan-owners-manual.pdf","","Owner manual / maintenance booklet","Scheduled Maintenance","no","","635","200","application/pdf","a1d06c52b6885528758f48eb69d494c4653e1d96477282159dda8c3676b63d64","0.96","v3 retry validation passed 2026-07-26: HTTP 200, application/pdf, %PDF magic, 29161329 bytes, SHA-256 a1d06c52b6885528758f48eb69d494c4653e1d96477282159dda8c3676b63d64. OEM host www.mazdausa.com; extracted text confirms 2025 3 applicability and a complete maintenance section. Primary validation row for this document.",""
"1648","mazda-3-2025-preferred","2025","Mazda","3","Preferred","","volume_sedan","mazda","fixed_interval","B","https://www.mazdausa.com/siteassets/global-resources/vehicle-resources/owner-manuals/2025/m3s/2025-mazda3-hatchback-sedan-owners-manual.pdf","","Owner manual / maintenance booklet","Scheduled Maintenance","yes","mazda-3-2025-select","635","200","application/pdf","a1d06c52b6885528758f48eb69d494c4653e1d96477282159dda8c3676b63d64","0.88","v3 retry validation passed 2026-07-26: HTTP 200, application/pdf, %PDF magic, 29161329 bytes, SHA-256 a1d06c52b6885528758f48eb69d494c4653e1d96477282159dda8c3676b63d64. OEM host www.mazdausa.com; extracted text confirms 2025 3 applicability and a complete maintenance section. Same validated document shared from mazda-3-2025-select.",""
"1649","mazda-3-2025-premium","2025","Mazda","3","Premium","","volume_sedan","mazda","fixed_interval","B","https://www.mazdausa.com/siteassets/global-resources/vehicle-resources/owner-manuals/2025/m3s/2025-mazda3-hatchback-sedan-owners-manual.pdf","","Owner manual / maintenance booklet","Scheduled Maintenance","yes","mazda-3-2025-select","635","200","application/pdf","a1d06c52b6885528758f48eb69d494c4653e1d96477282159dda8c3676b63d64","0.88","v3 retry validation passed 2026-07-26: HTTP 200, application/pdf, %PDF magic, 29161329 bytes, SHA-256 a1d06c52b6885528758f48eb69d494c4653e1d96477282159dda8c3676b63d64. OEM host www.mazdausa.com; extracted text confirms 2025 3 applicability and a complete maintenance section. Same validated document shared from mazda-3-2025-select.",""
"1650","mazda-3-2024-select","2024","Mazda","3","Select","","volume_sedan","mazda","fixed_interval","B","https://www.mazdausa.com/siteassets/global-resources/vehicle-resources/owner-manuals/2024/m3s/2024-mazda3-hatchback-sedan-owners-manual.pdf","","Owner manual / maintenance booklet","Scheduled Maintenance","no","","619","200","application/pdf","d9cdccfd5d0be53575468c1bdb4a35106fec159c9a2f260ec2394a6367f84a24","0.96","v3 retry validation passed 2026-07-26: HTTP 200, application/pdf, %PDF magic, 28680586 bytes, SHA-256 d9cdccfd5d0be53575468c1bdb4a35106fec159c9a2f260ec2394a6367f84a24. OEM host www.mazdausa.com; extracted text confirms 2024 3 applicability and a complete maintenance section. Primary validation row for this document.",""
"1651","mazda-3-2024-preferred","2024","Mazda","3","Preferred","","volume_sedan","mazda","fixed_interval","B","https://www.mazdausa.com/siteassets/global-resources/vehicle-resources/owner-manuals/2024/m3s/2024-mazda3-hatchback-sedan-owners-manual.pdf","","Owner manual / maintenance booklet","Scheduled Maintenance","yes","mazda-3-2024-select","619","200","application/pdf","d9cdccfd5d0be53575468c1bdb4a35106fec159c9a2f260ec2394a6367f84a24","0.88","v3 retry validation passed 2026-07-26: HTTP 200, application/pdf, %PDF magic, 28680586 bytes, SHA-256 d9cdccfd5d0be53575468c1bdb4a35106fec159c9a2f260ec2394a6367f84a24. OEM host www.mazdausa.com; extracted text confirms 2024 3 applicability and a complete maintenance section. Same validated document shared from mazda-3-2024-select.",""
"1652","mazda-3-2024-premium","2024","Mazda","3","Premium","","volume_sedan","mazda","fixed_interval","B","https://www.mazdausa.com/siteassets/global-resources/vehicle-resources/owner-manuals/2024/m3s/2024-mazda3-hatchback-sedan-owners-manual.pdf","","Owner manual / maintenance booklet","Scheduled Maintenance","yes","mazda-3-2024-select","619","200","application/pdf","d9cdccfd5d0be53575468c1bdb4a35106fec159c9a2f260ec2394a6367f84a24","0.88","v3 retry validation passed 2026-07-26: HTTP 200, application/pdf, %PDF magic, 28680586 bytes, SHA-256 d9cdccfd5d0be53575468c1bdb4a35106fec159c9a2f260ec2394a6367f84a24. OEM host www.mazdausa.com; extracted text confirms 2024 3 applicability and a complete maintenance section. Same validated document shared from mazda-3-2024-select.",""
"1653","mazda-3-2023-select","2023","Mazda","3","Select","","volume_sedan","mazda","fixed_interval","B","https://www.mazdausa.com/siteassets/global-resources/vehicle-resources/owner-manuals/2023/m3s/2023-mazda3-hatchback-sedan-owners-manual.pdf","","Owner manual / maintenance booklet","Scheduled Maintenance","no","","623","200","application/pdf","f4210a6c3d6a740bc069d9fc05ae29e3d72634516fe99e6e730ac008797869f8","0.96","v3 retry validation passed 2026-07-26: HTTP 200, application/pdf, %PDF magic, 29079381 bytes, SHA-256 f4210a6c3d6a740bc069d9fc05ae29e3d72634516fe99e6e730ac008797869f8. OEM host www.mazdausa.com; extracted text confirms 2023 3 applicability and a complete maintenance section. Primary validation row for this document.",""
"1654","mazda-3-2023-preferred","2023","Mazda","3","Preferred","","volume_sedan","mazda","fixed_interval","B","https://www.mazdausa.com/siteassets/global-resources/vehicle-resources/owner-manuals/2023/m3s/2023-mazda3-hatchback-sedan-owners-manual.pdf","","Owner manual / maintenance booklet","Scheduled Maintenance","yes","mazda-3-2023-select","623","200","application/pdf","f4210a6c3d6a740bc069d9fc05ae29e3d72634516fe99e6e730ac008797869f8","0.88","v3 retry validation passed 2026-07-26: HTTP 200, application/pdf, %PDF magic, 29079381 bytes, SHA-256 f4210a6c3d6a740bc069d9fc05ae29e3d72634516fe99e6e730ac008797869f8. OEM host www.mazdausa.com; extracted text confirms 2023 3 applicability and a complete maintenance section. Same validated document shared from mazda-3-2023-select.",""
"1655","mazda-3-2023-premium","2023","Mazda","3","Premium","","volume_sedan","mazda","fixed_interval","B","https://www.mazdausa.com/siteassets/global-resources/vehicle-resources/owner-manuals/2023/m3s/2023-mazda3-hatchback-sedan-owners-manual.pdf","","Owner manual / maintenance booklet","Scheduled Maintenance","yes","mazda-3-2023-select","623","200","application/pdf","f4210a6c3d6a740bc069d9fc05ae29e3d72634516fe99e6e730ac008797869f8","0.88","v3 retry validation passed 2026-07-26: HTTP 200, application/pdf, %PDF magic, 29079381 bytes, SHA-256 f4210a6c3d6a740bc069d9fc05ae29e3d72634516fe99e6e730ac008797869f8. OEM host www.mazdausa.com; extracted text confirms 2023 3 applicability and a complete maintenance section. Same validated document shared from mazda-3-2023-select.",""
"1656","mazda-3-2022-select","2022","Mazda","3","Select","","volume_sedan","mazda","fixed_interval","B","https://www.mazdausa.com/siteassets/global-resources/vehicle-resources/owner-manuals/2022/m3s/2022-mazda3-hatchback-sedan-owners-manual.pdf","","Owner manual / maintenance booklet","Scheduled Maintenance","no","","627","200","application/pdf","88c317726f71e086ae306f956a087f6caef27b68a9ad59e4b47b103c80a47805","0.96","v3 retry validation passed 2026-07-26: HTTP 200, application/pdf, %PDF magic, 95938006 bytes, SHA-256 88c317726f71e086ae306f956a087f6caef27b68a9ad59e4b47b103c80a47805. OEM host www.mazdausa.com; extracted text confirms 2022 3 applicability and a complete maintenance section. Primary validation row for this document.",""
"1657","mazda-3-2022-preferred","2022","Mazda","3","Preferred","","volume_sedan","mazda","fixed_interval","B","https://www.mazdausa.com/siteassets/global-resources/vehicle-resources/owner-manuals/2022/m3s/2022-mazda3-hatchback-sedan-owners-manual.pdf","","Owner manual / maintenance booklet","Scheduled Maintenance","yes","mazda-3-2022-select","627","200","application/pdf","88c317726f71e086ae306f956a087f6caef27b68a9ad59e4b47b103c80a47805","0.88","v3 retry validation passed 2026-07-26: HTTP 200, application/pdf, %PDF magic, 95938006 bytes, SHA-256 88c317726f71e086ae306f956a087f6caef27b68a9ad59e4b47b103c80a47805. OEM host www.mazdausa.com; extracted text confirms 2022 3 applicability and a complete maintenance section. Same validated document shared from mazda-3-2022-select.",""
"1658","mazda-3-2022-premium","2022","Mazda","3","Premium","","volume_sedan","mazda","fixed_interval","B","https://www.mazdausa.com/siteassets/global-resources/vehicle-resources/owner-manuals/2022/m3s/2022-mazda3-hatchback-sedan-owners-manual.pdf","","Owner manual / maintenance booklet","Scheduled Maintenance","yes","mazda-3-2022-select","627","200","application/pdf","88c317726f71e086ae306f956a087f6caef27b68a9ad59e4b47b103c80a47805","0.88","v3 retry validation passed 2026-07-26: HTTP 200, application/pdf, %PDF magic, 95938006 bytes, SHA-256 88c317726f71e086ae306f956a087f6caef27b68a9ad59e4b47b103c80a47805. OEM host www.mazdausa.com; extracted text confirms 2022 3 applicability and a complete maintenance section. Same validated document shared from mazda-3-2022-select.",""
"1659","mazda-3-2021-select","2021","Mazda","3","Select","","volume_sedan","mazda","fixed_interval","D","","","","","no","","","","","","0.00","v3 OEM-first retry completed 2026-07-26; no uninspected URL promoted.","No qualifying public US-market OEM or attributable mirror PDF passed byte, identity, and maintenance-section validation for this exact model year/model. Candidate checks: request-failed: fetch failed."
"1660","mazda-3-2021-preferred","2021","Mazda","3","Preferred","","volume_sedan","mazda","fixed_interval","D","","","","","no","","","","","","0.00","v3 OEM-first retry completed 2026-07-26; no uninspected URL promoted.","No qualifying public US-market OEM or attributable mirror PDF passed byte, identity, and maintenance-section validation for this exact model year/model. Candidate checks: request-failed: fetch failed."
"1661","mazda-3-2021-premium","2021","Mazda","3","Premium","","volume_sedan","mazda","fixed_interval","D","","","","","no","","","","","","0.00","v3 OEM-first retry completed 2026-07-26; no uninspected URL promoted.","No qualifying public US-market OEM or attributable mirror PDF passed byte, identity, and maintenance-section validation for this exact model year/model. Candidate checks: request-failed: fetch failed."
"1662","mazda-3-2020-select","2020","Mazda","3","Select","","volume_sedan","mazda","fixed_interval","B","https://www.mazdausa.com/siteassets/global-resources/vehicle-resources/owner-manuals/2020/m3s/2020-mazda3-hatchback-sedan-owners-manual.pdf","","Owner manual / maintenance booklet","Scheduled Maintenance","no","","599","200","application/pdf","845161b7a5fbe9321e35f59cf5c87f6c772ee73fba952f4bcdcd923aa161c39f","0.96","v3 retry validation passed 2026-07-26: HTTP 200, application/pdf, %PDF magic, 94177796 bytes, SHA-256 845161b7a5fbe9321e35f59cf5c87f6c772ee73fba952f4bcdcd923aa161c39f. OEM host www.mazdausa.com; extracted text confirms 2020 3 applicability and a complete maintenance section. Primary validation row for this document.",""
"1663","mazda-3-2020-preferred","2020","Mazda","3","Preferred","","volume_sedan","mazda","fixed_interval","B","https://www.mazdausa.com/siteassets/global-resources/vehicle-resources/owner-manuals/2020/m3s/2020-mazda3-hatchback-sedan-owners-manual.pdf","","Owner manual / maintenance booklet","Scheduled Maintenance","yes","mazda-3-2020-select","599","200","application/pdf","845161b7a5fbe9321e35f59cf5c87f6c772ee73fba952f4bcdcd923aa161c39f","0.88","v3 retry validation passed 2026-07-26: HTTP 200, application/pdf, %PDF magic, 94177796 bytes, SHA-256 845161b7a5fbe9321e35f59cf5c87f6c772ee73fba952f4bcdcd923aa161c39f. OEM host www.mazdausa.com; extracted text confirms 2020 3 applicability and a complete maintenance section. Same validated document shared from mazda-3-2020-select.",""
"1664","mazda-3-2020-premium","2020","Mazda","3","Premium","","volume_sedan","mazda","fixed_interval","B","https://www.mazdausa.com/siteassets/global-resources/vehicle-resources/owner-manuals/2020/m3s/2020-mazda3-hatchback-sedan-owners-manual.pdf","","Owner manual / maintenance booklet","Scheduled Maintenance","yes","mazda-3-2020-select","599","200","application/pdf","845161b7a5fbe9321e35f59cf5c87f6c772ee73fba952f4bcdcd923aa161c39f","0.88","v3 retry validation passed 2026-07-26: HTTP 200, application/pdf, %PDF magic, 94177796 bytes, SHA-256 845161b7a5fbe9321e35f59cf5c87f6c772ee73fba952f4bcdcd923aa161c39f. OEM host www.mazdausa.com; extracted text confirms 2020 3 applicability and a complete maintenance section. Same validated document shared from mazda-3-2020-select.",""
"1668","mazda-cx-50-2024-select","2024","Mazda","CX-50","Select","","volume_suv","mazda","fixed_interval","B","https://www.mazdausa.com/siteassets/global-resources/vehicle-resources/owner-manuals/2024/cx-50/2024-cx-50-vehicle-owners-manual.pdf","","Owner manual / maintenance booklet","Scheduled Maintenance","no","","583","200","application/pdf","8306d5f257e46a528f7578fe749a30885696c667fcc55d57d4440a439be22d0f","0.96","v3 retry validation passed 2026-07-26: HTTP 200, application/pdf, %PDF magic, 90921289 bytes, SHA-256 8306d5f257e46a528f7578fe749a30885696c667fcc55d57d4440a439be22d0f. OEM host www.mazdausa.com; extracted text confirms 2024 CX-50 applicability and a complete maintenance section. Primary validation row for this document.",""
"1669","mazda-cx-50-2024-preferred","2024","Mazda","CX-50","Preferred","","volume_suv","mazda","fixed_interval","B","https://www.mazdausa.com/siteassets/global-resources/vehicle-resources/owner-manuals/2024/cx-50/2024-cx-50-vehicle-owners-manual.pdf","","Owner manual / maintenance booklet","Scheduled Maintenance","yes","mazda-cx-50-2024-select","583","200","application/pdf","8306d5f257e46a528f7578fe749a30885696c667fcc55d57d4440a439be22d0f","0.88","v3 retry validation passed 2026-07-26: HTTP 200, application/pdf, %PDF magic, 90921289 bytes, SHA-256 8306d5f257e46a528f7578fe749a30885696c667fcc55d57d4440a439be22d0f. OEM host www.mazdausa.com; extracted text confirms 2024 CX-50 applicability and a complete maintenance section. Same validated document shared from mazda-cx-50-2024-select.",""
"1670","mazda-cx-50-2024-premium","2024","Mazda","CX-50","Premium","","volume_suv","mazda","fixed_interval","B","https://www.mazdausa.com/siteassets/global-resources/vehicle-resources/owner-manuals/2024/cx-50/2024-cx-50-vehicle-owners-manual.pdf","","Owner manual / maintenance booklet","Scheduled Maintenance","yes","mazda-cx-50-2024-select","583","200","application/pdf","8306d5f257e46a528f7578fe749a30885696c667fcc55d57d4440a439be22d0f","0.88","v3 retry validation passed 2026-07-26: HTTP 200, application/pdf, %PDF magic, 90921289 bytes, SHA-256 8306d5f257e46a528f7578fe749a30885696c667fcc55d57d4440a439be22d0f. OEM host www.mazdausa.com; extracted text confirms 2024 CX-50 applicability and a complete maintenance section. Same validated document shared from mazda-cx-50-2024-select.",""
"1674","jeep-grand-cherokee-2025-laredo","2025","Jeep","Grand Cherokee","Laredo","","volume_suv","jeep","fixed_interval","D","","","","","no","","","","","","0.00","v3 OEM-first retry completed 2026-07-26; no uninspected URL promoted.","No direct public US-market Stellantis owner manual PDF with an extractable maintenance schedule was verified for this model year."
"1675","jeep-grand-cherokee-2025-limited","2025","Jeep","Grand Cherokee","Limited","","volume_suv","jeep","fixed_interval","D","","","","","no","","","","","","0.00","v3 OEM-first retry completed 2026-07-26; no uninspected URL promoted.","No direct public US-market Stellantis owner manual PDF with an extractable maintenance schedule was verified for this model year."
"1676","jeep-grand-cherokee-2025-overland","2025","Jeep","Grand Cherokee","Overland","","volume_suv","jeep","fixed_interval","D","","","","","no","","","","","","0.00","v3 OEM-first retry completed 2026-07-26; no uninspected URL promoted.","No direct public US-market Stellantis owner manual PDF with an extractable maintenance schedule was verified for this model year."
"1677","jeep-grand-cherokee-2024-laredo","2024","Jeep","Grand Cherokee","Laredo","","volume_suv","jeep","fixed_interval","D","","","","","no","","","","","","0.00","v3 OEM-first retry completed 2026-07-26; no uninspected URL promoted.","No direct public US-market Stellantis owner manual PDF with an extractable maintenance schedule was verified for this model year."
"1678","jeep-grand-cherokee-2024-limited","2024","Jeep","Grand Cherokee","Limited","","volume_suv","jeep","fixed_interval","D","","","","","no","","","","","","0.00","v3 OEM-first retry completed 2026-07-26; no uninspected URL promoted.","No direct public US-market Stellantis owner manual PDF with an extractable maintenance schedule was verified for this model year."
"1679","jeep-grand-cherokee-2024-overland","2024","Jeep","Grand Cherokee","Overland","","volume_suv","jeep","fixed_interval","D","","","","","no","","","","","","0.00","v3 OEM-first retry completed 2026-07-26; no uninspected URL promoted.","No direct public US-market Stellantis owner manual PDF with an extractable maintenance schedule was verified for this model year."
"1680","jeep-grand-cherokee-2023-laredo","2023","Jeep","Grand Cherokee","Laredo","","volume_suv","jeep","fixed_interval","C","https://manuals.startmycar.com/published/Jeep-Grand-Cherokee_2023_EN_US_d7726128d6.pdf","","Owner manual / maintenance booklet","Scheduled Maintenance","no","","424","200","application/pdf","10ea38df4f38983175119b942b31a735ec2305b4bd4f1289527530ab97d71eaa","0.96","v3 retry validation passed 2026-07-26: HTTP 200, application/pdf, %PDF magic, 22667034 bytes, SHA-256 10ea38df4f38983175119b942b31a735ec2305b4bd4f1289527530ab97d71eaa. Tier C mirror host manuals.startmycar.com; PDF text identifies Jeep as publisher and confirms 2023 Grand Cherokee applicability. Primary validation row for this document.",""
"1681","jeep-grand-cherokee-2023-limited","2023","Jeep","Grand Cherokee","Limited","","volume_suv","jeep","fixed_interval","C","https://manuals.startmycar.com/published/Jeep-Grand-Cherokee_2023_EN_US_d7726128d6.pdf","","Owner manual / maintenance booklet","Scheduled Maintenance","yes","jeep-grand-cherokee-2023-laredo","424","200","application/pdf","10ea38df4f38983175119b942b31a735ec2305b4bd4f1289527530ab97d71eaa","0.88","v3 retry validation passed 2026-07-26: HTTP 200, application/pdf, %PDF magic, 22667034 bytes, SHA-256 10ea38df4f38983175119b942b31a735ec2305b4bd4f1289527530ab97d71eaa. Tier C mirror host manuals.startmycar.com; PDF text identifies Jeep as publisher and confirms 2023 Grand Cherokee applicability. Same validated document shared from jeep-grand-cherokee-2023-laredo.",""
"1682","jeep-grand-cherokee-2023-overland","2023","Jeep","Grand Cherokee","Overland","","volume_suv","jeep","fixed_interval","C","https://manuals.startmycar.com/published/Jeep-Grand-Cherokee_2023_EN_US_d7726128d6.pdf","","Owner manual / maintenance booklet","Scheduled Maintenance","yes","jeep-grand-cherokee-2023-laredo","424","200","application/pdf","10ea38df4f38983175119b942b31a735ec2305b4bd4f1289527530ab97d71eaa","0.88","v3 retry validation passed 2026-07-26: HTTP 200, application/pdf, %PDF magic, 22667034 bytes, SHA-256 10ea38df4f38983175119b942b31a735ec2305b4bd4f1289527530ab97d71eaa. Tier C mirror host manuals.startmycar.com; PDF text identifies Jeep as publisher and confirms 2023 Grand Cherokee applicability. Same validated document shared from jeep-grand-cherokee-2023-laredo.",""
"1683","jeep-grand-cherokee-2022-laredo","2022","Jeep","Grand Cherokee","Laredo","","volume_suv","jeep","fixed_interval","D","","","","","no","","","","","","0.00","v3 OEM-first retry completed 2026-07-26; no uninspected URL promoted.","No direct public US-market Stellantis owner manual PDF with an extractable maintenance schedule was verified for this model year."
"1684","jeep-grand-cherokee-2022-limited","2022","Jeep","Grand Cherokee","Limited","","volume_suv","jeep","fixed_interval","D","","","","","no","","","","","","0.00","v3 OEM-first retry completed 2026-07-26; no uninspected URL promoted.","No direct public US-market Stellantis owner manual PDF with an extractable maintenance schedule was verified for this model year."
"1685","jeep-grand-cherokee-2022-overland","2022","Jeep","Grand Cherokee","Overland","","volume_suv","jeep","fixed_interval","D","","","","","no","","","","","","0.00","v3 OEM-first retry completed 2026-07-26; no uninspected URL promoted.","No direct public US-market Stellantis owner manual PDF with an extractable maintenance schedule was verified for this model year."
"1686","jeep-grand-cherokee-2021-laredo","2021","Jeep","Grand Cherokee","Laredo","","volume_suv","jeep","fixed_interval","C","https://manuals.startmycar.com/published/Jeep-Grand-Cherokee_2021_EN-US_US_d2b42f4998.pdf","","Owner manual / maintenance booklet","Scheduled Maintenance","no","","400","200","application/pdf","9ad259f5702bcde22e2a867eef24d08fc2226a413eafc17c17a8ef7d3e3d6b72","0.96","v3 retry validation passed 2026-07-26: HTTP 200, application/pdf, %PDF magic, 28669987 bytes, SHA-256 9ad259f5702bcde22e2a867eef24d08fc2226a413eafc17c17a8ef7d3e3d6b72. Tier C mirror host manuals.startmycar.com; PDF text identifies Jeep as publisher and confirms 2021 Grand Cherokee applicability. Primary validation row for this document.",""
"1687","jeep-grand-cherokee-2021-limited","2021","Jeep","Grand Cherokee","Limited","","volume_suv","jeep","fixed_interval","C","https://manuals.startmycar.com/published/Jeep-Grand-Cherokee_2021_EN-US_US_d2b42f4998.pdf","","Owner manual / maintenance booklet","Scheduled Maintenance","yes","jeep-grand-cherokee-2021-laredo","400","200","application/pdf","9ad259f5702bcde22e2a867eef24d08fc2226a413eafc17c17a8ef7d3e3d6b72","0.88","v3 retry validation passed 2026-07-26: HTTP 200, application/pdf, %PDF magic, 28669987 bytes, SHA-256 9ad259f5702bcde22e2a867eef24d08fc2226a413eafc17c17a8ef7d3e3d6b72. Tier C mirror host manuals.startmycar.com; PDF text identifies Jeep as publisher and confirms 2021 Grand Cherokee applicability. Same validated document shared from jeep-grand-cherokee-2021-laredo.",""
"1688","jeep-grand-cherokee-2021-overland","2021","Jeep","Grand Cherokee","Overland","","volume_suv","jeep","fixed_interval","C","https://manuals.startmycar.com/published/Jeep-Grand-Cherokee_2021_EN-US_US_d2b42f4998.pdf","","Owner manual / maintenance booklet","Scheduled Maintenance","yes","jeep-grand-cherokee-2021-laredo","400","200","application/pdf","9ad259f5702bcde22e2a867eef24d08fc2226a413eafc17c17a8ef7d3e3d6b72","0.88","v3 retry validation passed 2026-07-26: HTTP 200, application/pdf, %PDF magic, 28669987 bytes, SHA-256 9ad259f5702bcde22e2a867eef24d08fc2226a413eafc17c17a8ef7d3e3d6b72. Tier C mirror host manuals.startmycar.com; PDF text identifies Jeep as publisher and confirms 2021 Grand Cherokee applicability. Same validated document shared from jeep-grand-cherokee-2021-laredo.",""
"1689","jeep-grand-cherokee-2020-laredo","2020","Jeep","Grand Cherokee","Laredo","","volume_suv","jeep","fixed_interval","D","","","","","no","","","","","","0.00","v3 OEM-first retry completed 2026-07-26; no uninspected URL promoted.","No direct public US-market Stellantis owner manual PDF with an extractable maintenance schedule was verified for this model year."
"1690","jeep-grand-cherokee-2020-limited","2020","Jeep","Grand Cherokee","Limited","","volume_suv","jeep","fixed_interval","D","","","","","no","","","","","","0.00","v3 OEM-first retry completed 2026-07-26; no uninspected URL promoted.","No direct public US-market Stellantis owner manual PDF with an extractable maintenance schedule was verified for this model year."
"1691","jeep-grand-cherokee-2020-overland","2020","Jeep","Grand Cherokee","Overland","","volume_suv","jeep","fixed_interval","D","","","","","no","","","","","","0.00","v3 OEM-first retry completed 2026-07-26; no uninspected URL promoted.","No direct public US-market Stellantis owner manual PDF with an extractable maintenance schedule was verified for this model year."
"1695","ford-bronco-sport-2024-base","2024","Ford","Bronco Sport","Base","","volume_suv","ford","fixed_interval","B","https://www.fordservicecontent.com/Ford_Content/Catalog/owner_information/2024_Ford_Bronco_Sport_Owners_Manual_version_1_om_EN-US.pdf","","Owner manual / maintenance booklet","Scheduled Maintenance","no","","518","200","application/pdf","def9633e9d9490643e41f1475707316bdfe3ff8bdc64baa6b629ec2aab2ff077","0.96","v3 retry validation passed 2026-07-26: HTTP 200, application/pdf, %PDF magic, 45245267 bytes, SHA-256 def9633e9d9490643e41f1475707316bdfe3ff8bdc64baa6b629ec2aab2ff077. OEM host www.fordservicecontent.com; extracted text confirms 2024 Bronco Sport applicability and a complete maintenance section. Primary validation row for this document.",""
"1696","ford-bronco-sport-2024-big-bend","2024","Ford","Bronco Sport","Big Bend","","volume_suv","ford","fixed_interval","B","https://www.fordservicecontent.com/Ford_Content/Catalog/owner_information/2024_Ford_Bronco_Sport_Owners_Manual_version_1_om_EN-US.pdf","","Owner manual / maintenance booklet","Scheduled Maintenance","yes","ford-bronco-sport-2024-base","518","200","application/pdf","def9633e9d9490643e41f1475707316bdfe3ff8bdc64baa6b629ec2aab2ff077","0.88","v3 retry validation passed 2026-07-26: HTTP 200, application/pdf, %PDF magic, 45245267 bytes, SHA-256 def9633e9d9490643e41f1475707316bdfe3ff8bdc64baa6b629ec2aab2ff077. OEM host www.fordservicecontent.com; extracted text confirms 2024 Bronco Sport applicability and a complete maintenance section. Same validated document shared from ford-bronco-sport-2024-base.",""
"1697","ford-bronco-sport-2024-outer-banks","2024","Ford","Bronco Sport","Outer Banks","","volume_suv","ford","fixed_interval","B","https://www.fordservicecontent.com/Ford_Content/Catalog/owner_information/2024_Ford_Bronco_Sport_Owners_Manual_version_1_om_EN-US.pdf","","Owner manual / maintenance booklet","Scheduled Maintenance","yes","ford-bronco-sport-2024-base","518","200","application/pdf","def9633e9d9490643e41f1475707316bdfe3ff8bdc64baa6b629ec2aab2ff077","0.88","v3 retry validation passed 2026-07-26: HTTP 200, application/pdf, %PDF magic, 45245267 bytes, SHA-256 def9633e9d9490643e41f1475707316bdfe3ff8bdc64baa6b629ec2aab2ff077. OEM host www.fordservicecontent.com; extracted text confirms 2024 Bronco Sport applicability and a complete maintenance section. Same validated document shared from ford-bronco-sport-2024-base.",""
"1698","ford-bronco-sport-2023-base","2023","Ford","Bronco Sport","Base","","volume_suv","ford","fixed_interval","D","","","","","no","","","","","","0.00","v3 OEM-first retry completed 2026-07-26; no uninspected URL promoted.","No qualifying public US-market OEM or attributable mirror PDF passed byte, identity, and maintenance-section validation for this exact model year/model. Candidate checks: request-failed: fetch failed."
"1699","ford-bronco-sport-2023-big-bend","2023","Ford","Bronco Sport","Big Bend","","volume_suv","ford","fixed_interval","D","","","","","no","","","","","","0.00","v3 OEM-first retry completed 2026-07-26; no uninspected URL promoted.","No qualifying public US-market OEM or attributable mirror PDF passed byte, identity, and maintenance-section validation for this exact model year/model. Candidate checks: request-failed: fetch failed."
"1700","ford-bronco-sport-2023-outer-banks","2023","Ford","Bronco Sport","Outer Banks","","volume_suv","ford","fixed_interval","D","","","","","no","","","","","","0.00","v3 OEM-first retry completed 2026-07-26; no uninspected URL promoted.","No qualifying public US-market OEM or attributable mirror PDF passed byte, identity, and maintenance-section validation for this exact model year/model. Candidate checks: request-failed: fetch failed."
"1701","ford-bronco-sport-2022-base","2022","Ford","Bronco Sport","Base","","volume_suv","ford","fixed_interval","D","","","","","no","","","","","","0.00","v3 OEM-first retry completed 2026-07-26; no uninspected URL promoted.","No qualifying public US-market OEM or attributable mirror PDF passed byte, identity, and maintenance-section validation for this exact model year/model. Candidate checks: request-failed: fetch failed."
"1702","ford-bronco-sport-2022-big-bend","2022","Ford","Bronco Sport","Big Bend","","volume_suv","ford","fixed_interval","D","","","","","no","","","","","","0.00","v3 OEM-first retry completed 2026-07-26; no uninspected URL promoted.","No qualifying public US-market OEM or attributable mirror PDF passed byte, identity, and maintenance-section validation for this exact model year/model. Candidate checks: request-failed: fetch failed."
"1703","ford-bronco-sport-2022-outer-banks","2022","Ford","Bronco Sport","Outer Banks","","volume_suv","ford","fixed_interval","D","","","","","no","","","","","","0.00","v3 OEM-first retry completed 2026-07-26; no uninspected URL promoted.","No qualifying public US-market OEM or attributable mirror PDF passed byte, identity, and maintenance-section validation for this exact model year/model. Candidate checks: request-failed: fetch failed."
"1704","ford-bronco-sport-2021-base","2021","Ford","Bronco Sport","Base","","volume_suv","ford","fixed_interval","D","","","","","no","","","","","","0.00","v3 OEM-first retry completed 2026-07-26; no uninspected URL promoted.","No qualifying public US-market OEM or attributable mirror PDF passed byte, identity, and maintenance-section validation for this exact model year/model. Candidate checks: request-failed: fetch failed."
"1705","ford-bronco-sport-2021-big-bend","2021","Ford","Bronco Sport","Big Bend","","volume_suv","ford","fixed_interval","D","","","","","no","","","","","","0.00","v3 OEM-first retry completed 2026-07-26; no uninspected URL promoted.","No qualifying public US-market OEM or attributable mirror PDF passed byte, identity, and maintenance-section validation for this exact model year/model. Candidate checks: request-failed: fetch failed."
"1706","ford-bronco-sport-2021-outer-banks","2021","Ford","Bronco Sport","Outer Banks","","volume_suv","ford","fixed_interval","D","","","","","no","","","","","","0.00","v3 OEM-first retry completed 2026-07-26; no uninspected URL promoted.","No qualifying public US-market OEM or attributable mirror PDF passed byte, identity, and maintenance-section validation for this exact model year/model. Candidate checks: request-failed: fetch failed."
"1707","volkswagen-tiguan-2025-s","2025","Volkswagen","Tiguan","S","","volume_suv","vw","fixed_interval","D","","","","","no","","","","","","0.00","v3 OEM-first retry completed 2026-07-26; no uninspected URL promoted.","No direct public Volkswagen owner-literature PDF document ID was verified for this exact model year; portal/HTML records are insufficient."
"1708","volkswagen-tiguan-2025-se","2025","Volkswagen","Tiguan","SE","","volume_suv","vw","fixed_interval","D","","","","","no","","","","","","0.00","v3 OEM-first retry completed 2026-07-26; no uninspected URL promoted.","No direct public Volkswagen owner-literature PDF document ID was verified for this exact model year; portal/HTML records are insufficient."
"1709","volkswagen-tiguan-2025-sel-r-line","2025","Volkswagen","Tiguan","SEL R-Line","","volume_suv","vw","fixed_interval","D","","","","","no","","","","","","0.00","v3 OEM-first retry completed 2026-07-26; no uninspected URL promoted.","No direct public Volkswagen owner-literature PDF document ID was verified for this exact model year; portal/HTML records are insufficient."
"1710","volkswagen-tiguan-2024-s","2024","Volkswagen","Tiguan","S","","volume_suv","vw","fixed_interval","D","","","","","no","","","","","","0.00","v3 OEM-first retry completed 2026-07-26; no uninspected URL promoted.","No direct public Volkswagen owner-literature PDF document ID was verified for this exact model year; portal/HTML records are insufficient."
"1711","volkswagen-tiguan-2024-se","2024","Volkswagen","Tiguan","SE","","volume_suv","vw","fixed_interval","D","","","","","no","","","","","","0.00","v3 OEM-first retry completed 2026-07-26; no uninspected URL promoted.","No direct public Volkswagen owner-literature PDF document ID was verified for this exact model year; portal/HTML records are insufficient."
"1712","volkswagen-tiguan-2024-sel-r-line","2024","Volkswagen","Tiguan","SEL R-Line","","volume_suv","vw","fixed_interval","D","","","","","no","","","","","","0.00","v3 OEM-first retry completed 2026-07-26; no uninspected URL promoted.","No direct public Volkswagen owner-literature PDF document ID was verified for this exact model year; portal/HTML records are insufficient."
"1713","volkswagen-tiguan-2023-s","2023","Volkswagen","Tiguan","S","","volume_suv","vw","fixed_interval","C","https://manuals.startmycar.com/published/Volkswagen-Tiguan_2023_EN_US_16ca8b27e5.pdf","","Owner manual / maintenance booklet","Scheduled Maintenance","no","","403","200","application/pdf","e497c5adcae1f6adb2f5a0aa8b79808a803b2df40d410b8800824b3a276dd8ef","0.96","v3 retry validation passed 2026-07-26: HTTP 200, application/pdf, %PDF magic, 26854506 bytes, SHA-256 e497c5adcae1f6adb2f5a0aa8b79808a803b2df40d410b8800824b3a276dd8ef. Tier C mirror host manuals.startmycar.com; PDF text identifies Volkswagen as publisher and confirms 2023 Tiguan applicability. Primary validation row for this document.",""
"1714","volkswagen-tiguan-2023-se","2023","Volkswagen","Tiguan","SE","","volume_suv","vw","fixed_interval","C","https://manuals.startmycar.com/published/Volkswagen-Tiguan_2023_EN_US_16ca8b27e5.pdf","","Owner manual / maintenance booklet","Scheduled Maintenance","yes","volkswagen-tiguan-2023-s","403","200","application/pdf","e497c5adcae1f6adb2f5a0aa8b79808a803b2df40d410b8800824b3a276dd8ef","0.88","v3 retry validation passed 2026-07-26: HTTP 200, application/pdf, %PDF magic, 26854506 bytes, SHA-256 e497c5adcae1f6adb2f5a0aa8b79808a803b2df40d410b8800824b3a276dd8ef. Tier C mirror host manuals.startmycar.com; PDF text identifies Volkswagen as publisher and confirms 2023 Tiguan applicability. Same validated document shared from volkswagen-tiguan-2023-s.",""
"1715","volkswagen-tiguan-2023-sel-r-line","2023","Volkswagen","Tiguan","SEL R-Line","","volume_suv","vw","fixed_interval","C","https://manuals.startmycar.com/published/Volkswagen-Tiguan_2023_EN_US_16ca8b27e5.pdf","","Owner manual / maintenance booklet","Scheduled Maintenance","yes","volkswagen-tiguan-2023-s","403","200","application/pdf","e497c5adcae1f6adb2f5a0aa8b79808a803b2df40d410b8800824b3a276dd8ef","0.88","v3 retry validation passed 2026-07-26: HTTP 200, application/pdf, %PDF magic, 26854506 bytes, SHA-256 e497c5adcae1f6adb2f5a0aa8b79808a803b2df40d410b8800824b3a276dd8ef. Tier C mirror host manuals.startmycar.com; PDF text identifies Volkswagen as publisher and confirms 2023 Tiguan applicability. Same validated document shared from volkswagen-tiguan-2023-s.",""
"1716","volkswagen-tiguan-2022-s","2022","Volkswagen","Tiguan","S","","volume_suv","vw","fixed_interval","D","","","","","no","","","","","","0.00","v3 OEM-first retry completed 2026-07-26; no uninspected URL promoted.","No direct public Volkswagen owner-literature PDF document ID was verified for this exact model year; portal/HTML records are insufficient."
"1717","volkswagen-tiguan-2022-se","2022","Volkswagen","Tiguan","SE","","volume_suv","vw","fixed_interval","D","","","","","no","","","","","","0.00","v3 OEM-first retry completed 2026-07-26; no uninspected URL promoted.","No direct public Volkswagen owner-literature PDF document ID was verified for this exact model year; portal/HTML records are insufficient."
"1718","volkswagen-tiguan-2022-sel-r-line","2022","Volkswagen","Tiguan","SEL R-Line","","volume_suv","vw","fixed_interval","D","","","","","no","","","","","","0.00","v3 OEM-first retry completed 2026-07-26; no uninspected URL promoted.","No direct public Volkswagen owner-literature PDF document ID was verified for this exact model year; portal/HTML records are insufficient."
"1719","volkswagen-tiguan-2021-s","2021","Volkswagen","Tiguan","S","","volume_suv","vw","fixed_interval","D","","","","","no","","","","","","0.00","v3 OEM-first retry completed 2026-07-26; no uninspected URL promoted.","No direct public Volkswagen owner-literature PDF document ID was verified for this exact model year; portal/HTML records are insufficient."
"1720","volkswagen-tiguan-2021-se","2021","Volkswagen","Tiguan","SE","","volume_suv","vw","fixed_interval","D","","","","","no","","","","","","0.00","v3 OEM-first retry completed 2026-07-26; no uninspected URL promoted.","No direct public Volkswagen owner-literature PDF document ID was verified for this exact model year; portal/HTML records are insufficient."
"1721","volkswagen-tiguan-2021-sel-r-line","2021","Volkswagen","Tiguan","SEL R-Line","","volume_suv","vw","fixed_interval","D","","","","","no","","","","","","0.00","v3 OEM-first retry completed 2026-07-26; no uninspected URL promoted.","No direct public Volkswagen owner-literature PDF document ID was verified for this exact model year; portal/HTML records are insufficient."
"1722","volkswagen-tiguan-2020-s","2020","Volkswagen","Tiguan","S","","volume_suv","vw","fixed_interval","D","","","","","no","","","","","","0.00","v3 OEM-first retry completed 2026-07-26; no uninspected URL promoted.","No direct public Volkswagen owner-literature PDF document ID was verified for this exact model year; portal/HTML records are insufficient."
"1723","volkswagen-tiguan-2020-se","2020","Volkswagen","Tiguan","SE","","volume_suv","vw","fixed_interval","D","","","","","no","","","","","","0.00","v3 OEM-first retry completed 2026-07-26; no uninspected URL promoted.","No direct public Volkswagen owner-literature PDF document ID was verified for this exact model year; portal/HTML records are insufficient."
"1724","volkswagen-tiguan-2020-sel-r-line","2020","Volkswagen","Tiguan","SEL R-Line","","volume_suv","vw","fixed_interval","D","","","","","no","","","","","","0.00","v3 OEM-first retry completed 2026-07-26; no uninspected URL promoted.","No direct public Volkswagen owner-literature PDF document ID was verified for this exact model year; portal/HTML records are insufficient."
"1725","hyundai-palisade-2025-se","2025","Hyundai","Palisade","SE","","volume_suv","hyundai","fixed_interval","C","https://manuals.startmycar.com/published/Hyundai-Palisade_2025_EN_US_b4142e9172.pdf","","Owner manual / maintenance booklet","Scheduled Maintenance","no","","636","200","application/pdf","4ea01e4df22a6cfc489ce34d464961922164eb8ce626b54f238d10470ec898f6","0.96","v3 retry validation passed 2026-07-26: HTTP 200, application/pdf, %PDF magic, 24456366 bytes, SHA-256 4ea01e4df22a6cfc489ce34d464961922164eb8ce626b54f238d10470ec898f6. Tier C mirror host manuals.startmycar.com; PDF text identifies Hyundai as publisher and confirms 2025 Palisade applicability. Primary validation row for this document.",""
"1726","hyundai-palisade-2025-sel","2025","Hyundai","Palisade","SEL","","volume_suv","hyundai","fixed_interval","C","https://manuals.startmycar.com/published/Hyundai-Palisade_2025_EN_US_b4142e9172.pdf","","Owner manual / maintenance booklet","Scheduled Maintenance","yes","hyundai-palisade-2025-se","636","200","application/pdf","4ea01e4df22a6cfc489ce34d464961922164eb8ce626b54f238d10470ec898f6","0.88","v3 retry validation passed 2026-07-26: HTTP 200, application/pdf, %PDF magic, 24456366 bytes, SHA-256 4ea01e4df22a6cfc489ce34d464961922164eb8ce626b54f238d10470ec898f6. Tier C mirror host manuals.startmycar.com; PDF text identifies Hyundai as publisher and confirms 2025 Palisade applicability. Same validated document shared from hyundai-palisade-2025-se.",""
"1727","hyundai-palisade-2025-limited","2025","Hyundai","Palisade","Limited","","volume_suv","hyundai","fixed_interval","C","https://manuals.startmycar.com/published/Hyundai-Palisade_2025_EN_US_b4142e9172.pdf","","Owner manual / maintenance booklet","Scheduled Maintenance","yes","hyundai-palisade-2025-se","636","200","application/pdf","4ea01e4df22a6cfc489ce34d464961922164eb8ce626b54f238d10470ec898f6","0.88","v3 retry validation passed 2026-07-26: HTTP 200, application/pdf, %PDF magic, 24456366 bytes, SHA-256 4ea01e4df22a6cfc489ce34d464961922164eb8ce626b54f238d10470ec898f6. Tier C mirror host manuals.startmycar.com; PDF text identifies Hyundai as publisher and confirms 2025 Palisade applicability. Same validated document shared from hyundai-palisade-2025-se.",""
"1728","hyundai-palisade-2024-se","2024","Hyundai","Palisade","SE","","volume_suv","hyundai","fixed_interval","C","https://manuals.startmycar.com/published/Hyundai-Palisade_2024_EN_US_e671929815.pdf","","Owner manual / maintenance booklet","Scheduled Maintenance","no","","632","200","application/pdf","9421f7d6fa724e1bb72be81a79c3e857c8a2d420705b5fdb798d593542e388f6","0.96","v3 retry validation passed 2026-07-26: HTTP 200, application/pdf, %PDF magic, 9862415 bytes, SHA-256 9421f7d6fa724e1bb72be81a79c3e857c8a2d420705b5fdb798d593542e388f6. Tier C mirror host manuals.startmycar.com; PDF text identifies Hyundai as publisher and confirms 2024 Palisade applicability. Primary validation row for this document.",""
"1729","hyundai-palisade-2024-sel","2024","Hyundai","Palisade","SEL","","volume_suv","hyundai","fixed_interval","C","https://manuals.startmycar.com/published/Hyundai-Palisade_2024_EN_US_e671929815.pdf","","Owner manual / maintenance booklet","Scheduled Maintenance","yes","hyundai-palisade-2024-se","632","200","application/pdf","9421f7d6fa724e1bb72be81a79c3e857c8a2d420705b5fdb798d593542e388f6","0.88","v3 retry validation passed 2026-07-26: HTTP 200, application/pdf, %PDF magic, 9862415 bytes, SHA-256 9421f7d6fa724e1bb72be81a79c3e857c8a2d420705b5fdb798d593542e388f6. Tier C mirror host manuals.startmycar.com; PDF text identifies Hyundai as publisher and confirms 2024 Palisade applicability. Same validated document shared from hyundai-palisade-2024-se.",""
"1730","hyundai-palisade-2024-limited","2024","Hyundai","Palisade","Limited","","volume_suv","hyundai","fixed_interval","C","https://manuals.startmycar.com/published/Hyundai-Palisade_2024_EN_US_e671929815.pdf","","Owner manual / maintenance booklet","Scheduled Maintenance","yes","hyundai-palisade-2024-se","632","200","application/pdf","9421f7d6fa724e1bb72be81a79c3e857c8a2d420705b5fdb798d593542e388f6","0.88","v3 retry validation passed 2026-07-26: HTTP 200, application/pdf, %PDF magic, 9862415 bytes, SHA-256 9421f7d6fa724e1bb72be81a79c3e857c8a2d420705b5fdb798d593542e388f6. Tier C mirror host manuals.startmycar.com; PDF text identifies Hyundai as publisher and confirms 2024 Palisade applicability. Same validated document shared from hyundai-palisade-2024-se.",""
"1731","hyundai-palisade-2023-se","2023","Hyundai","Palisade","SE","","volume_suv","hyundai","fixed_interval","B","https://owners.hyundaiusa.com/content/dam/hyundai/us/myhyundai/manuals/glovebox-manual/2023/palisade/2023-Palisade-Owners-Manual.pdf","","Owner manual / maintenance booklet","Scheduled Maintenance","no","","661","200","application/pdf","7fba85b8ad20d2b9ed6d5842eb76357c931e9e3899f7a2049f3ebbbfa04b10f1","0.96","v3 retry validation passed 2026-07-26: HTTP 200, application/pdf, %PDF magic, 16792181 bytes, SHA-256 7fba85b8ad20d2b9ed6d5842eb76357c931e9e3899f7a2049f3ebbbfa04b10f1. OEM host owners.hyundaiusa.com; extracted text confirms 2023 Palisade applicability and a complete maintenance section. Primary validation row for this document.",""
"1732","hyundai-palisade-2023-sel","2023","Hyundai","Palisade","SEL","","volume_suv","hyundai","fixed_interval","B","https://owners.hyundaiusa.com/content/dam/hyundai/us/myhyundai/manuals/glovebox-manual/2023/palisade/2023-Palisade-Owners-Manual.pdf","","Owner manual / maintenance booklet","Scheduled Maintenance","yes","hyundai-palisade-2023-se","661","200","application/pdf","7fba85b8ad20d2b9ed6d5842eb76357c931e9e3899f7a2049f3ebbbfa04b10f1","0.88","v3 retry validation passed 2026-07-26: HTTP 200, application/pdf, %PDF magic, 16792181 bytes, SHA-256 7fba85b8ad20d2b9ed6d5842eb76357c931e9e3899f7a2049f3ebbbfa04b10f1. OEM host owners.hyundaiusa.com; extracted text confirms 2023 Palisade applicability and a complete maintenance section. Same validated document shared from hyundai-palisade-2023-se.",""
"1733","hyundai-palisade-2023-limited","2023","Hyundai","Palisade","Limited","","volume_suv","hyundai","fixed_interval","B","https://owners.hyundaiusa.com/content/dam/hyundai/us/myhyundai/manuals/glovebox-manual/2023/palisade/2023-Palisade-Owners-Manual.pdf","","Owner manual / maintenance booklet","Scheduled Maintenance","yes","hyundai-palisade-2023-se","661","200","application/pdf","7fba85b8ad20d2b9ed6d5842eb76357c931e9e3899f7a2049f3ebbbfa04b10f1","0.88","v3 retry validation passed 2026-07-26: HTTP 200, application/pdf, %PDF magic, 16792181 bytes, SHA-256 7fba85b8ad20d2b9ed6d5842eb76357c931e9e3899f7a2049f3ebbbfa04b10f1. OEM host owners.hyundaiusa.com; extracted text confirms 2023 Palisade applicability and a complete maintenance section. Same validated document shared from hyundai-palisade-2023-se.",""
"1734","hyundai-palisade-2022-se","2022","Hyundai","Palisade","SE","","volume_suv","hyundai","fixed_interval","B","https://owners.hyundaiusa.com/content/dam/hyundai/us/myhyundai/manuals/glovebox-manual/2022/palisade/2022-Palisade-Owners-Manual.pdf","","Owner manual / maintenance booklet","Scheduled Maintenance","no","","663","200","application/pdf","96560e673f60705dfdba1049da8c26ec9f71e288001557403599c3aa5bceb959","0.96","v3 retry validation passed 2026-07-26: HTTP 200, application/pdf, %PDF magic, 16503157 bytes, SHA-256 96560e673f60705dfdba1049da8c26ec9f71e288001557403599c3aa5bceb959. OEM host owners.hyundaiusa.com; extracted text confirms 2022 Palisade applicability and a complete maintenance section. Primary validation row for this document.",""
"1735","hyundai-palisade-2022-sel","2022","Hyundai","Palisade","SEL","","volume_suv","hyundai","fixed_interval","B","https://owners.hyundaiusa.com/content/dam/hyundai/us/myhyundai/manuals/glovebox-manual/2022/palisade/2022-Palisade-Owners-Manual.pdf","","Owner manual / maintenance booklet","Scheduled Maintenance","yes","hyundai-palisade-2022-se","663","200","application/pdf","96560e673f60705dfdba1049da8c26ec9f71e288001557403599c3aa5bceb959","0.88","v3 retry validation passed 2026-07-26: HTTP 200, application/pdf, %PDF magic, 16503157 bytes, SHA-256 96560e673f60705dfdba1049da8c26ec9f71e288001557403599c3aa5bceb959. OEM host owners.hyundaiusa.com; extracted text confirms 2022 Palisade applicability and a complete maintenance section. Same validated document shared from hyundai-palisade-2022-se.",""
"1736","hyundai-palisade-2022-limited","2022","Hyundai","Palisade","Limited","","volume_suv","hyundai","fixed_interval","B","https://owners.hyundaiusa.com/content/dam/hyundai/us/myhyundai/manuals/glovebox-manual/2022/palisade/2022-Palisade-Owners-Manual.pdf","","Owner manual / maintenance booklet","Scheduled Maintenance","yes","hyundai-palisade-2022-se","663","200","application/pdf","96560e673f60705dfdba1049da8c26ec9f71e288001557403599c3aa5bceb959","0.88","v3 retry validation passed 2026-07-26: HTTP 200, application/pdf, %PDF magic, 16503157 bytes, SHA-256 96560e673f60705dfdba1049da8c26ec9f71e288001557403599c3aa5bceb959. OEM host owners.hyundaiusa.com; extracted text confirms 2022 Palisade applicability and a complete maintenance section. Same validated document shared from hyundai-palisade-2022-se.",""
"1737","hyundai-palisade-2021-se","2021","Hyundai","Palisade","SE","","volume_suv","hyundai","fixed_interval","B","https://owners.hyundaiusa.com/content/dam/hyundai/us/myhyundai/manuals/glovebox-manual/2021/palisade/2021-Palisade-Owners-Manual.pdf","","Owner manual / maintenance booklet","Scheduled Maintenance","no","","612","200","application/pdf","6f0764a8d56b8790d0115c85bae387ba03c59c88ba2fdaa364f21b5b915b0d7e","0.96","v3 retry validation passed 2026-07-26: HTTP 200, application/pdf, %PDF magic, 34978953 bytes, SHA-256 6f0764a8d56b8790d0115c85bae387ba03c59c88ba2fdaa364f21b5b915b0d7e. OEM host owners.hyundaiusa.com; extracted text confirms 2021 Palisade applicability and a complete maintenance section. Primary validation row for this document.",""
"1738","hyundai-palisade-2021-sel","2021","Hyundai","Palisade","SEL","","volume_suv","hyundai","fixed_interval","B","https://owners.hyundaiusa.com/content/dam/hyundai/us/myhyundai/manuals/glovebox-manual/2021/palisade/2021-Palisade-Owners-Manual.pdf","","Owner manual / maintenance booklet","Scheduled Maintenance","yes","hyundai-palisade-2021-se","612","200","application/pdf","6f0764a8d56b8790d0115c85bae387ba03c59c88ba2fdaa364f21b5b915b0d7e","0.88","v3 retry validation passed 2026-07-26: HTTP 200, application/pdf, %PDF magic, 34978953 bytes, SHA-256 6f0764a8d56b8790d0115c85bae387ba03c59c88ba2fdaa364f21b5b915b0d7e. OEM host owners.hyundaiusa.com; extracted text confirms 2021 Palisade applicability and a complete maintenance section. Same validated document shared from hyundai-palisade-2021-se.",""
"1739","hyundai-palisade-2021-limited","2021","Hyundai","Palisade","Limited","","volume_suv","hyundai","fixed_interval","B","https://owners.hyundaiusa.com/content/dam/hyundai/us/myhyundai/manuals/glovebox-manual/2021/palisade/2021-Palisade-Owners-Manual.pdf","","Owner manual / maintenance booklet","Scheduled Maintenance","yes","hyundai-palisade-2021-se","612","200","application/pdf","6f0764a8d56b8790d0115c85bae387ba03c59c88ba2fdaa364f21b5b915b0d7e","0.88","v3 retry validation passed 2026-07-26: HTTP 200, application/pdf, %PDF magic, 34978953 bytes, SHA-256 6f0764a8d56b8790d0115c85bae387ba03c59c88ba2fdaa364f21b5b915b0d7e. OEM host owners.hyundaiusa.com; extracted text confirms 2021 Palisade applicability and a complete maintenance section. Same validated document shared from hyundai-palisade-2021-se.",""
"1740","hyundai-palisade-2020-se","2020","Hyundai","Palisade","SE","","volume_suv","hyundai","fixed_interval","D","","","","","no","","","","","","0.00","v3 OEM-first retry completed 2026-07-26; no uninspected URL promoted.","No direct public US-market Hyundai PDF with both exact YMM identity and an extractable maintenance schedule was verified. Candidate checks: request-failed: fetch failed."
"1741","hyundai-palisade-2020-sel","2020","Hyundai","Palisade","SEL","","volume_suv","hyundai","fixed_interval","D","","","","","no","","","","","","0.00","v3 OEM-first retry completed 2026-07-26; no uninspected URL promoted.","No direct public US-market Hyundai PDF with both exact YMM identity and an extractable maintenance schedule was verified. Candidate checks: request-failed: fetch failed."
"1742","hyundai-palisade-2020-limited","2020","Hyundai","Palisade","Limited","","volume_suv","hyundai","fixed_interval","D","","","","","no","","","","","","0.00","v3 OEM-first retry completed 2026-07-26; no uninspected URL promoted.","No direct public US-market Hyundai PDF with both exact YMM identity and an extractable maintenance schedule was verified. Candidate checks: request-failed: fetch failed."
"1743","kia-sorento-2025-lx","2025","Kia","Sorento","LX","","volume_suv","kia","fixed_interval","D","","","","","no","","","","","","0.00","v3 OEM-first retry completed 2026-07-26; no uninspected URL promoted.","The Kia owner portal is session-gated and no attributable, byte-valid public mirror was verified for this exact model year/model."
"1744","kia-sorento-2025-ex","2025","Kia","Sorento","EX","","volume_suv","kia","fixed_interval","D","","","","","no","","","","","","0.00","v3 OEM-first retry completed 2026-07-26; no uninspected URL promoted.","The Kia owner portal is session-gated and no attributable, byte-valid public mirror was verified for this exact model year/model."
"1745","kia-sorento-2025-sx","2025","Kia","Sorento","SX","","volume_suv","kia","fixed_interval","D","","","","","no","","","","","","0.00","v3 OEM-first retry completed 2026-07-26; no uninspected URL promoted.","The Kia owner portal is session-gated and no attributable, byte-valid public mirror was verified for this exact model year/model."
"1746","kia-sorento-2024-lx","2024","Kia","Sorento","LX","","volume_suv","kia","fixed_interval","D","","","","","no","","","","","","0.00","v3 OEM-first retry completed 2026-07-26; no uninspected URL promoted.","The Kia owner portal is session-gated and no attributable, byte-valid public mirror was verified for this exact model year/model."
"1747","kia-sorento-2024-ex","2024","Kia","Sorento","EX","","volume_suv","kia","fixed_interval","D","","","","","no","","","","","","0.00","v3 OEM-first retry completed 2026-07-26; no uninspected URL promoted.","The Kia owner portal is session-gated and no attributable, byte-valid public mirror was verified for this exact model year/model."
"1748","kia-sorento-2024-sx","2024","Kia","Sorento","SX","","volume_suv","kia","fixed_interval","D","","","","","no","","","","","","0.00","v3 OEM-first retry completed 2026-07-26; no uninspected URL promoted.","The Kia owner portal is session-gated and no attributable, byte-valid public mirror was verified for this exact model year/model."
"1749","kia-sorento-2023-lx","2023","Kia","Sorento","LX","","volume_suv","kia","fixed_interval","D","","","","","no","","","","","","0.00","v3 OEM-first retry completed 2026-07-26; no uninspected URL promoted.","The Kia owner portal is session-gated and no attributable, byte-valid public mirror was verified for this exact model year/model."
"1750","kia-sorento-2023-ex","2023","Kia","Sorento","EX","","volume_suv","kia","fixed_interval","D","","","","","no","","","","","","0.00","v3 OEM-first retry completed 2026-07-26; no uninspected URL promoted.","The Kia owner portal is session-gated and no attributable, byte-valid public mirror was verified for this exact model year/model."
"1751","kia-sorento-2023-sx","2023","Kia","Sorento","SX","","volume_suv","kia","fixed_interval","D","","","","","no","","","","","","0.00","v3 OEM-first retry completed 2026-07-26; no uninspected URL promoted.","The Kia owner portal is session-gated and no attributable, byte-valid public mirror was verified for this exact model year/model."
"1752","kia-sorento-2022-lx","2022","Kia","Sorento","LX","","volume_suv","kia","fixed_interval","D","","","","","no","","","","","","0.00","v3 OEM-first retry completed 2026-07-26; no uninspected URL promoted.","The Kia owner portal is session-gated and no attributable, byte-valid public mirror was verified for this exact model year/model."
"1753","kia-sorento-2022-ex","2022","Kia","Sorento","EX","","volume_suv","kia","fixed_interval","D","","","","","no","","","","","","0.00","v3 OEM-first retry completed 2026-07-26; no uninspected URL promoted.","The Kia owner portal is session-gated and no attributable, byte-valid public mirror was verified for this exact model year/model."
"1754","kia-sorento-2022-sx","2022","Kia","Sorento","SX","","volume_suv","kia","fixed_interval","D","","","","","no","","","","","","0.00","v3 OEM-first retry completed 2026-07-26; no uninspected URL promoted.","The Kia owner portal is session-gated and no attributable, byte-valid public mirror was verified for this exact model year/model."
"1755","kia-sorento-2021-lx","2021","Kia","Sorento","LX","","volume_suv","kia","fixed_interval","D","","","","","no","","","","","","0.00","v3 OEM-first retry completed 2026-07-26; no uninspected URL promoted.","The Kia owner portal is session-gated and no attributable, byte-valid public mirror was verified for this exact model year/model."
"1756","kia-sorento-2021-ex","2021","Kia","Sorento","EX","","volume_suv","kia","fixed_interval","D","","","","","no","","","","","","0.00","v3 OEM-first retry completed 2026-07-26; no uninspected URL promoted.","The Kia owner portal is session-gated and no attributable, byte-valid public mirror was verified for this exact model year/model."
"1757","kia-sorento-2021-sx","2021","Kia","Sorento","SX","","volume_suv","kia","fixed_interval","D","","","","","no","","","","","","0.00","v3 OEM-first retry completed 2026-07-26; no uninspected URL promoted.","The Kia owner portal is session-gated and no attributable, byte-valid public mirror was verified for this exact model year/model."
"1758","kia-sorento-2020-lx","2020","Kia","Sorento","LX","","volume_suv","kia","fixed_interval","C","https://manuals.startmycar.com/published/Kia-Sorento_2020_EN-US_US_c92a3470f4.pdf","","Owner manual / maintenance booklet","Scheduled Maintenance","no","","616","200","application/pdf","523bc9f2be405050097a33fe48750482762ef38089be6d9ffdca6fd6b9565005","0.96","v3 retry validation passed 2026-07-26: HTTP 200, application/pdf, %PDF magic, 15333046 bytes, SHA-256 523bc9f2be405050097a33fe48750482762ef38089be6d9ffdca6fd6b9565005. Tier C mirror host manuals.startmycar.com; PDF text identifies Kia as publisher and confirms 2020 Sorento applicability. Primary validation row for this document.",""
"1759","kia-sorento-2020-ex","2020","Kia","Sorento","EX","","volume_suv","kia","fixed_interval","C","https://manuals.startmycar.com/published/Kia-Sorento_2020_EN-US_US_c92a3470f4.pdf","","Owner manual / maintenance booklet","Scheduled Maintenance","yes","kia-sorento-2020-lx","616","200","application/pdf","523bc9f2be405050097a33fe48750482762ef38089be6d9ffdca6fd6b9565005","0.88","v3 retry validation passed 2026-07-26: HTTP 200, application/pdf, %PDF magic, 15333046 bytes, SHA-256 523bc9f2be405050097a33fe48750482762ef38089be6d9ffdca6fd6b9565005. Tier C mirror host manuals.startmycar.com; PDF text identifies Kia as publisher and confirms 2020 Sorento applicability. Same validated document shared from kia-sorento-2020-lx.",""
"1760","kia-sorento-2020-sx","2020","Kia","Sorento","SX","","volume_suv","kia","fixed_interval","C","https://manuals.startmycar.com/published/Kia-Sorento_2020_EN-US_US_c92a3470f4.pdf","","Owner manual / maintenance booklet","Scheduled Maintenance","yes","kia-sorento-2020-lx","616","200","application/pdf","523bc9f2be405050097a33fe48750482762ef38089be6d9ffdca6fd6b9565005","0.88","v3 retry validation passed 2026-07-26: HTTP 200, application/pdf, %PDF magic, 15333046 bytes, SHA-256 523bc9f2be405050097a33fe48750482762ef38089be6d9ffdca6fd6b9565005. Tier C mirror host manuals.startmycar.com; PDF text identifies Kia as publisher and confirms 2020 Sorento applicability. Same validated document shared from kia-sorento-2020-lx.",""
"1761","kia-forte-2025-fe","2025","Kia","Forte","FE","","volume_sedan","kia","fixed_interval","D","","","","","no","","","","","","0.00","v3 OEM-first retry completed 2026-07-26; no uninspected URL promoted.","The Kia owner portal is session-gated and no attributable, byte-valid public mirror was verified for this exact model year/model."
"1762","kia-forte-2025-lxs","2025","Kia","Forte","LXS","","volume_sedan","kia","fixed_interval","D","","","","","no","","","","","","0.00","v3 OEM-first retry completed 2026-07-26; no uninspected URL promoted.","The Kia owner portal is session-gated and no attributable, byte-valid public mirror was verified for this exact model year/model."
"1763","kia-forte-2025-gt-line","2025","Kia","Forte","GT-Line","","volume_sedan","kia","fixed_interval","D","","","","","no","","","","","","0.00","v3 OEM-first retry completed 2026-07-26; no uninspected URL promoted.","The Kia owner portal is session-gated and no attributable, byte-valid public mirror was verified for this exact model year/model."
"1764","kia-forte-2024-fe","2024","Kia","Forte","FE","","volume_sedan","kia","fixed_interval","D","","","","","no","","","","","","0.00","v3 OEM-first retry completed 2026-07-26; no uninspected URL promoted.","The Kia owner portal is session-gated and no attributable, byte-valid public mirror was verified for this exact model year/model."
"1765","kia-forte-2024-lxs","2024","Kia","Forte","LXS","","volume_sedan","kia","fixed_interval","D","","","","","no","","","","","","0.00","v3 OEM-first retry completed 2026-07-26; no uninspected URL promoted.","The Kia owner portal is session-gated and no attributable, byte-valid public mirror was verified for this exact model year/model."
"1766","kia-forte-2024-gt-line","2024","Kia","Forte","GT-Line","","volume_sedan","kia","fixed_interval","D","","","","","no","","","","","","0.00","v3 OEM-first retry completed 2026-07-26; no uninspected URL promoted.","The Kia owner portal is session-gated and no attributable, byte-valid public mirror was verified for this exact model year/model."
"1767","kia-forte-2023-fe","2023","Kia","Forte","FE","","volume_sedan","kia","fixed_interval","D","","","","","no","","","","","","0.00","v3 OEM-first retry completed 2026-07-26; no uninspected URL promoted.","The Kia owner portal is session-gated and no attributable, byte-valid public mirror was verified for this exact model year/model."
"1768","kia-forte-2023-lxs","2023","Kia","Forte","LXS","","volume_sedan","kia","fixed_interval","D","","","","","no","","","","","","0.00","v3 OEM-first retry completed 2026-07-26; no uninspected URL promoted.","The Kia owner portal is session-gated and no attributable, byte-valid public mirror was verified for this exact model year/model."
"1769","kia-forte-2023-gt-line","2023","Kia","Forte","GT-Line","","volume_sedan","kia","fixed_interval","D","","","","","no","","","","","","0.00","v3 OEM-first retry completed 2026-07-26; no uninspected URL promoted.","The Kia owner portal is session-gated and no attributable, byte-valid public mirror was verified for this exact model year/model."
"1770","kia-forte-2022-fe","2022","Kia","Forte","FE","","volume_sedan","kia","fixed_interval","D","","","","","no","","","","","","0.00","v3 OEM-first retry completed 2026-07-26; no uninspected URL promoted.","The Kia owner portal is session-gated and no attributable, byte-valid public mirror was verified for this exact model year/model."
"1771","kia-forte-2022-lxs","2022","Kia","Forte","LXS","","volume_sedan","kia","fixed_interval","D","","","","","no","","","","","","0.00","v3 OEM-first retry completed 2026-07-26; no uninspected URL promoted.","The Kia owner portal is session-gated and no attributable, byte-valid public mirror was verified for this exact model year/model."
"1772","kia-forte-2022-gt-line","2022","Kia","Forte","GT-Line","","volume_sedan","kia","fixed_interval","D","","","","","no","","","","","","0.00","v3 OEM-first retry completed 2026-07-26; no uninspected URL promoted.","The Kia owner portal is session-gated and no attributable, byte-valid public mirror was verified for this exact model year/model."
"1773","kia-forte-2021-fe","2021","Kia","Forte","FE","","volume_sedan","kia","fixed_interval","D","","","","","no","","","","","","0.00","v3 OEM-first retry completed 2026-07-26; no uninspected URL promoted.","The Kia owner portal is session-gated and no attributable, byte-valid public mirror was verified for this exact model year/model."
"1774","kia-forte-2021-lxs","2021","Kia","Forte","LXS","","volume_sedan","kia","fixed_interval","D","","","","","no","","","","","","0.00","v3 OEM-first retry completed 2026-07-26; no uninspected URL promoted.","The Kia owner portal is session-gated and no attributable, byte-valid public mirror was verified for this exact model year/model."
"1775","kia-forte-2021-gt-line","2021","Kia","Forte","GT-Line","","volume_sedan","kia","fixed_interval","D","","","","","no","","","","","","0.00","v3 OEM-first retry completed 2026-07-26; no uninspected URL promoted.","The Kia owner portal is session-gated and no attributable, byte-valid public mirror was verified for this exact model year/model."
"1776","kia-forte-2020-fe","2020","Kia","Forte","FE","","volume_sedan","kia","fixed_interval","D","","","","","no","","","","","","0.00","v3 OEM-first retry completed 2026-07-26; no uninspected URL promoted.","The Kia owner portal is session-gated and no attributable, byte-valid public mirror was verified for this exact model year/model."
"1777","kia-forte-2020-lxs","2020","Kia","Forte","LXS","","volume_sedan","kia","fixed_interval","D","","","","","no","","","","","","0.00","v3 OEM-first retry completed 2026-07-26; no uninspected URL promoted.","The Kia owner portal is session-gated and no attributable, byte-valid public mirror was verified for this exact model year/model."
"1778","kia-forte-2020-gt-line","2020","Kia","Forte","GT-Line","","volume_sedan","kia","fixed_interval","D","","","","","no","","","","","","0.00","v3 OEM-first retry completed 2026-07-26; no uninspected URL promoted.","The Kia owner portal is session-gated and no attributable, byte-valid public mirror was verified for this exact model year/model."
"1797","toyota-venza-2025-le-hybrid","2025","Toyota","Venza","LE","Hybrid","volume_suv","toyota","fixed_interval","D","","","","","no","","","","","","0.00","v3 OEM-first retry completed 2026-07-26; no uninspected URL promoted.","No qualifying public US-market OEM or attributable mirror PDF passed byte, identity, and maintenance-section validation for this exact model year/model. Candidate checks: request-failed: fetch failed."
"1798","toyota-venza-2025-xle-hybrid","2025","Toyota","Venza","XLE","Hybrid","volume_suv","toyota","fixed_interval","D","","","","","no","","","","","","0.00","v3 OEM-first retry completed 2026-07-26; no uninspected URL promoted.","No qualifying public US-market OEM or attributable mirror PDF passed byte, identity, and maintenance-section validation for this exact model year/model. Candidate checks: request-failed: fetch failed."
"1799","toyota-venza-2025-limited-hybrid","2025","Toyota","Venza","Limited","Hybrid","volume_suv","toyota","fixed_interval","D","","","","","no","","","","","","0.00","v3 OEM-first retry completed 2026-07-26; no uninspected URL promoted.","No qualifying public US-market OEM or attributable mirror PDF passed byte, identity, and maintenance-section validation for this exact model year/model. Candidate checks: request-failed: fetch failed."
"1800","toyota-venza-2024-le-hybrid","2024","Toyota","Venza","LE","Hybrid","volume_suv","toyota","fixed_interval","D","","","","","no","","","","","","0.00","v3 OEM-first retry completed 2026-07-26; no uninspected URL promoted.","No qualifying public US-market OEM or attributable mirror PDF passed byte, identity, and maintenance-section validation for this exact model year/model. Candidate checks: request-failed: fetch failed."
"1801","toyota-venza-2024-xle-hybrid","2024","Toyota","Venza","XLE","Hybrid","volume_suv","toyota","fixed_interval","D","","","","","no","","","","","","0.00","v3 OEM-first retry completed 2026-07-26; no uninspected URL promoted.","No qualifying public US-market OEM or attributable mirror PDF passed byte, identity, and maintenance-section validation for this exact model year/model. Candidate checks: request-failed: fetch failed."
"1802","toyota-venza-2024-limited-hybrid","2024","Toyota","Venza","Limited","Hybrid","volume_suv","toyota","fixed_interval","D","","","","","no","","","","","","0.00","v3 OEM-first retry completed 2026-07-26; no uninspected URL promoted.","No qualifying public US-market OEM or attributable mirror PDF passed byte, identity, and maintenance-section validation for this exact model year/model. Candidate checks: request-failed: fetch failed."
"1803","toyota-venza-2023-le-hybrid","2023","Toyota","Venza","LE","Hybrid","volume_suv","toyota","fixed_interval","D","","","","","no","","","","","","0.00","v3 OEM-first retry completed 2026-07-26; no uninspected URL promoted.","No qualifying public US-market OEM or attributable mirror PDF passed byte, identity, and maintenance-section validation for this exact model year/model. Candidate checks: request-failed: fetch failed."
"1804","toyota-venza-2023-xle-hybrid","2023","Toyota","Venza","XLE","Hybrid","volume_suv","toyota","fixed_interval","D","","","","","no","","","","","","0.00","v3 OEM-first retry completed 2026-07-26; no uninspected URL promoted.","No qualifying public US-market OEM or attributable mirror PDF passed byte, identity, and maintenance-section validation for this exact model year/model. Candidate checks: request-failed: fetch failed."
"1805","toyota-venza-2023-limited-hybrid","2023","Toyota","Venza","Limited","Hybrid","volume_suv","toyota","fixed_interval","D","","","","","no","","","","","","0.00","v3 OEM-first retry completed 2026-07-26; no uninspected URL promoted.","No qualifying public US-market OEM or attributable mirror PDF passed byte, identity, and maintenance-section validation for this exact model year/model. Candidate checks: request-failed: fetch failed."
"1816","toyota-bz4x-2023-xle","2023","Toyota","bZ4X","XLE","","volume_ev","ev-generic","ev_simplified","D","","","","","no","","","","","","0.00","v3 OEM-first retry completed 2026-07-26; no uninspected URL promoted.","No qualifying public US-market OEM or attributable mirror PDF passed byte, identity, and maintenance-section validation for this exact model year/model. Candidate checks: request-failed: fetch failed."
"1817","toyota-bz4x-2023-limited","2023","Toyota","bZ4X","Limited","","volume_ev","ev-generic","ev_simplified","D","","","","","no","","","","","","0.00","v3 OEM-first retry completed 2026-07-26; no uninspected URL promoted.","No qualifying public US-market OEM or attributable mirror PDF passed byte, identity, and maintenance-section validation for this exact model year/model. Candidate checks: request-failed: fetch failed."
"1818","hyundai-sonata-2025-se","2025","Hyundai","Sonata","SE","","volume_sedan","hyundai","fixed_interval","D","","","","","no","","","","","","0.00","v3 OEM-first retry completed 2026-07-26; no uninspected URL promoted.","No direct public US-market Hyundai PDF with both exact YMM identity and an extractable maintenance schedule was verified. Candidate checks: request-failed: fetch failed."
"1819","hyundai-sonata-2025-sel","2025","Hyundai","Sonata","SEL","","volume_sedan","hyundai","fixed_interval","D","","","","","no","","","","","","0.00","v3 OEM-first retry completed 2026-07-26; no uninspected URL promoted.","No direct public US-market Hyundai PDF with both exact YMM identity and an extractable maintenance schedule was verified. Candidate checks: request-failed: fetch failed."
"1820","hyundai-sonata-2025-limited","2025","Hyundai","Sonata","Limited","","volume_sedan","hyundai","fixed_interval","D","","","","","no","","","","","","0.00","v3 OEM-first retry completed 2026-07-26; no uninspected URL promoted.","No direct public US-market Hyundai PDF with both exact YMM identity and an extractable maintenance schedule was verified. Candidate checks: request-failed: fetch failed."
"1821","hyundai-sonata-2024-se","2024","Hyundai","Sonata","SE","","volume_sedan","hyundai","fixed_interval","D","","","","","no","","","","","","0.00","v3 OEM-first retry completed 2026-07-26; no uninspected URL promoted.","No direct public US-market Hyundai PDF with both exact YMM identity and an extractable maintenance schedule was verified. Candidate checks: request-failed: fetch failed."
"1822","hyundai-sonata-2024-sel","2024","Hyundai","Sonata","SEL","","volume_sedan","hyundai","fixed_interval","D","","","","","no","","","","","","0.00","v3 OEM-first retry completed 2026-07-26; no uninspected URL promoted.","No direct public US-market Hyundai PDF with both exact YMM identity and an extractable maintenance schedule was verified. Candidate checks: request-failed: fetch failed."
"1823","hyundai-sonata-2024-limited","2024","Hyundai","Sonata","Limited","","volume_sedan","hyundai","fixed_interval","D","","","","","no","","","","","","0.00","v3 OEM-first retry completed 2026-07-26; no uninspected URL promoted.","No direct public US-market Hyundai PDF with both exact YMM identity and an extractable maintenance schedule was verified. Candidate checks: request-failed: fetch failed."
"1824","hyundai-sonata-2023-se","2023","Hyundai","Sonata","SE","","volume_sedan","hyundai","fixed_interval","C","https://manuals.startmycar.com/published/Hyundai-Sonata_2023_EN-US_US_0ffe1bddc4.pdf","","Owner manual / maintenance booklet","Scheduled Maintenance","no","","579","200","application/pdf","614a9bf992b52d5bebe42dcb8bae91088e263d15ac69c8396840b36d7d221b92","0.96","v3 retry validation passed 2026-07-26: HTTP 200, application/pdf, %PDF magic, 10924186 bytes, SHA-256 614a9bf992b52d5bebe42dcb8bae91088e263d15ac69c8396840b36d7d221b92. Tier C mirror host manuals.startmycar.com; PDF text identifies Hyundai as publisher and confirms 2023 Sonata applicability. Primary validation row for this document.",""
"1825","hyundai-sonata-2023-sel","2023","Hyundai","Sonata","SEL","","volume_sedan","hyundai","fixed_interval","C","https://manuals.startmycar.com/published/Hyundai-Sonata_2023_EN-US_US_0ffe1bddc4.pdf","","Owner manual / maintenance booklet","Scheduled Maintenance","yes","hyundai-sonata-2023-se","579","200","application/pdf","614a9bf992b52d5bebe42dcb8bae91088e263d15ac69c8396840b36d7d221b92","0.88","v3 retry validation passed 2026-07-26: HTTP 200, application/pdf, %PDF magic, 10924186 bytes, SHA-256 614a9bf992b52d5bebe42dcb8bae91088e263d15ac69c8396840b36d7d221b92. Tier C mirror host manuals.startmycar.com; PDF text identifies Hyundai as publisher and confirms 2023 Sonata applicability. Same validated document shared from hyundai-sonata-2023-se.",""
"1826","hyundai-sonata-2023-limited","2023","Hyundai","Sonata","Limited","","volume_sedan","hyundai","fixed_interval","C","https://manuals.startmycar.com/published/Hyundai-Sonata_2023_EN-US_US_0ffe1bddc4.pdf","","Owner manual / maintenance booklet","Scheduled Maintenance","yes","hyundai-sonata-2023-se","579","200","application/pdf","614a9bf992b52d5bebe42dcb8bae91088e263d15ac69c8396840b36d7d221b92","0.88","v3 retry validation passed 2026-07-26: HTTP 200, application/pdf, %PDF magic, 10924186 bytes, SHA-256 614a9bf992b52d5bebe42dcb8bae91088e263d15ac69c8396840b36d7d221b92. Tier C mirror host manuals.startmycar.com; PDF text identifies Hyundai as publisher and confirms 2023 Sonata applicability. Same validated document shared from hyundai-sonata-2023-se.",""
"1827","hyundai-sonata-2022-se","2022","Hyundai","Sonata","SE","","volume_sedan","hyundai","fixed_interval","C","https://manuals.startmycar.com/published/Hyundai-Sonata_2022_EN_US_2d1853cb94.pdf","","Owner manual / maintenance booklet","Scheduled Maintenance","no","","598","200","application/pdf","735c286cb0838cfe91c8b3787d0cfe5ac8bd7d50a342b782f5f5dc3b32790f4c","0.96","v3 retry validation passed 2026-07-26: HTTP 200, application/pdf, %PDF magic, 9666026 bytes, SHA-256 735c286cb0838cfe91c8b3787d0cfe5ac8bd7d50a342b782f5f5dc3b32790f4c. Tier C mirror host manuals.startmycar.com; PDF text identifies Hyundai as publisher and confirms 2022 Sonata applicability. Primary validation row for this document.",""
"1828","hyundai-sonata-2022-sel","2022","Hyundai","Sonata","SEL","","volume_sedan","hyundai","fixed_interval","C","https://manuals.startmycar.com/published/Hyundai-Sonata_2022_EN_US_2d1853cb94.pdf","","Owner manual / maintenance booklet","Scheduled Maintenance","yes","hyundai-sonata-2022-se","598","200","application/pdf","735c286cb0838cfe91c8b3787d0cfe5ac8bd7d50a342b782f5f5dc3b32790f4c","0.88","v3 retry validation passed 2026-07-26: HTTP 200, application/pdf, %PDF magic, 9666026 bytes, SHA-256 735c286cb0838cfe91c8b3787d0cfe5ac8bd7d50a342b782f5f5dc3b32790f4c. Tier C mirror host manuals.startmycar.com; PDF text identifies Hyundai as publisher and confirms 2022 Sonata applicability. Same validated document shared from hyundai-sonata-2022-se.",""
"1829","hyundai-sonata-2022-limited","2022","Hyundai","Sonata","Limited","","volume_sedan","hyundai","fixed_interval","C","https://manuals.startmycar.com/published/Hyundai-Sonata_2022_EN_US_2d1853cb94.pdf","","Owner manual / maintenance booklet","Scheduled Maintenance","yes","hyundai-sonata-2022-se","598","200","application/pdf","735c286cb0838cfe91c8b3787d0cfe5ac8bd7d50a342b782f5f5dc3b32790f4c","0.88","v3 retry validation passed 2026-07-26: HTTP 200, application/pdf, %PDF magic, 9666026 bytes, SHA-256 735c286cb0838cfe91c8b3787d0cfe5ac8bd7d50a342b782f5f5dc3b32790f4c. Tier C mirror host manuals.startmycar.com; PDF text identifies Hyundai as publisher and confirms 2022 Sonata applicability. Same validated document shared from hyundai-sonata-2022-se.",""
"1830","hyundai-sonata-2021-se","2021","Hyundai","Sonata","SE","","volume_sedan","hyundai","fixed_interval","B","https://owners.hyundaiusa.com/content/dam/hyundai/us/myhyundai/manuals/glovebox-manual/2021/sonata/2021-Sonata-Owners-Manual.pdf","","Owner manual / maintenance booklet","Scheduled Maintenance","no","","546","200","application/pdf","4bf70b5d5013c22b864dc907581f83416de362a02a7623d0ade1dfc1d17f3bc0","0.96","v3 retry validation passed 2026-07-26: HTTP 200, application/pdf, %PDF magic, 53701084 bytes, SHA-256 4bf70b5d5013c22b864dc907581f83416de362a02a7623d0ade1dfc1d17f3bc0. OEM host owners.hyundaiusa.com; extracted text confirms 2021 Sonata applicability and a complete maintenance section. Primary validation row for this document.",""
"1831","hyundai-sonata-2021-sel","2021","Hyundai","Sonata","SEL","","volume_sedan","hyundai","fixed_interval","B","https://owners.hyundaiusa.com/content/dam/hyundai/us/myhyundai/manuals/glovebox-manual/2021/sonata/2021-Sonata-Owners-Manual.pdf","","Owner manual / maintenance booklet","Scheduled Maintenance","yes","hyundai-sonata-2021-se","546","200","application/pdf","4bf70b5d5013c22b864dc907581f83416de362a02a7623d0ade1dfc1d17f3bc0","0.88","v3 retry validation passed 2026-07-26: HTTP 200, application/pdf, %PDF magic, 53701084 bytes, SHA-256 4bf70b5d5013c22b864dc907581f83416de362a02a7623d0ade1dfc1d17f3bc0. OEM host owners.hyundaiusa.com; extracted text confirms 2021 Sonata applicability and a complete maintenance section. Same validated document shared from hyundai-sonata-2021-se.",""
"1832","hyundai-sonata-2021-limited","2021","Hyundai","Sonata","Limited","","volume_sedan","hyundai","fixed_interval","B","https://owners.hyundaiusa.com/content/dam/hyundai/us/myhyundai/manuals/glovebox-manual/2021/sonata/2021-Sonata-Owners-Manual.pdf","","Owner manual / maintenance booklet","Scheduled Maintenance","yes","hyundai-sonata-2021-se","546","200","application/pdf","4bf70b5d5013c22b864dc907581f83416de362a02a7623d0ade1dfc1d17f3bc0","0.88","v3 retry validation passed 2026-07-26: HTTP 200, application/pdf, %PDF magic, 53701084 bytes, SHA-256 4bf70b5d5013c22b864dc907581f83416de362a02a7623d0ade1dfc1d17f3bc0. OEM host owners.hyundaiusa.com; extracted text confirms 2021 Sonata applicability and a complete maintenance section. Same validated document shared from hyundai-sonata-2021-se.",""
"1833","hyundai-sonata-2020-se","2020","Hyundai","Sonata","SE","","volume_sedan","hyundai","fixed_interval","C","https://manuals.startmycar.com/published/Hyundai-Sonata_2020_EN-US_US_f65523d9fc.pdf","","Owner manual / maintenance booklet","Scheduled Maintenance","no","","537","200","application/pdf","bde943437d0c570574a5e6fa433307913da39916af37a952346379b76d8aef37","0.96","v3 retry validation passed 2026-07-26: HTTP 200, application/pdf, %PDF magic, 13534797 bytes, SHA-256 bde943437d0c570574a5e6fa433307913da39916af37a952346379b76d8aef37. Tier C mirror host manuals.startmycar.com; PDF text identifies Hyundai as publisher and confirms 2020 Sonata applicability. Primary validation row for this document.",""
"1834","hyundai-sonata-2020-sel","2020","Hyundai","Sonata","SEL","","volume_sedan","hyundai","fixed_interval","C","https://manuals.startmycar.com/published/Hyundai-Sonata_2020_EN-US_US_f65523d9fc.pdf","","Owner manual / maintenance booklet","Scheduled Maintenance","yes","hyundai-sonata-2020-se","537","200","application/pdf","bde943437d0c570574a5e6fa433307913da39916af37a952346379b76d8aef37","0.88","v3 retry validation passed 2026-07-26: HTTP 200, application/pdf, %PDF magic, 13534797 bytes, SHA-256 bde943437d0c570574a5e6fa433307913da39916af37a952346379b76d8aef37. Tier C mirror host manuals.startmycar.com; PDF text identifies Hyundai as publisher and confirms 2020 Sonata applicability. Same validated document shared from hyundai-sonata-2020-se.",""
"1835","hyundai-sonata-2020-limited","2020","Hyundai","Sonata","Limited","","volume_sedan","hyundai","fixed_interval","C","https://manuals.startmycar.com/published/Hyundai-Sonata_2020_EN-US_US_f65523d9fc.pdf","","Owner manual / maintenance booklet","Scheduled Maintenance","yes","hyundai-sonata-2020-se","537","200","application/pdf","bde943437d0c570574a5e6fa433307913da39916af37a952346379b76d8aef37","0.88","v3 retry validation passed 2026-07-26: HTTP 200, application/pdf, %PDF magic, 13534797 bytes, SHA-256 bde943437d0c570574a5e6fa433307913da39916af37a952346379b76d8aef37. Tier C mirror host manuals.startmycar.com; PDF text identifies Hyundai as publisher and confirms 2020 Sonata applicability. Same validated document shared from hyundai-sonata-2020-se.",""
"1836","hyundai-kona-2025-se","2025","Hyundai","Kona","SE","","volume_suv","hyundai","fixed_interval","D","","","","","no","","","","","","0.00","v3 OEM-first retry completed 2026-07-26; no uninspected URL promoted.","No direct public US-market Hyundai PDF with both exact YMM identity and an extractable maintenance schedule was verified. Candidate checks: request-failed: fetch failed."
"1837","hyundai-kona-2025-sel","2025","Hyundai","Kona","SEL","","volume_suv","hyundai","fixed_interval","D","","","","","no","","","","","","0.00","v3 OEM-first retry completed 2026-07-26; no uninspected URL promoted.","No direct public US-market Hyundai PDF with both exact YMM identity and an extractable maintenance schedule was verified. Candidate checks: request-failed: fetch failed."
"1838","hyundai-kona-2025-limited","2025","Hyundai","Kona","Limited","","volume_suv","hyundai","fixed_interval","D","","","","","no","","","","","","0.00","v3 OEM-first retry completed 2026-07-26; no uninspected URL promoted.","No direct public US-market Hyundai PDF with both exact YMM identity and an extractable maintenance schedule was verified. Candidate checks: request-failed: fetch failed."
"1839","hyundai-kona-2024-se","2024","Hyundai","Kona","SE","","volume_suv","hyundai","fixed_interval","D","","","","","no","","","","","","0.00","v3 OEM-first retry completed 2026-07-26; no uninspected URL promoted.","No direct public US-market Hyundai PDF with both exact YMM identity and an extractable maintenance schedule was verified. Candidate checks: request-failed: fetch failed."
"1840","hyundai-kona-2024-sel","2024","Hyundai","Kona","SEL","","volume_suv","hyundai","fixed_interval","D","","","","","no","","","","","","0.00","v3 OEM-first retry completed 2026-07-26; no uninspected URL promoted.","No direct public US-market Hyundai PDF with both exact YMM identity and an extractable maintenance schedule was verified. Candidate checks: request-failed: fetch failed."
"1841","hyundai-kona-2024-limited","2024","Hyundai","Kona","Limited","","volume_suv","hyundai","fixed_interval","D","","","","","no","","","","","","0.00","v3 OEM-first retry completed 2026-07-26; no uninspected URL promoted.","No direct public US-market Hyundai PDF with both exact YMM identity and an extractable maintenance schedule was verified. Candidate checks: request-failed: fetch failed."
"1842","hyundai-kona-2023-se","2023","Hyundai","Kona","SE","","volume_suv","hyundai","fixed_interval","C","https://manuals.startmycar.com/published/Hyundai-Kona_2023_EN_US_1294147445.pdf","","Owner manual / maintenance booklet","Scheduled Maintenance","no","","602","200","application/pdf","7f00a649804dd49e26ac876c44a88ddf486fbd78ea700206f623e9d10f654ddc","0.96","v3 retry validation passed 2026-07-26: HTTP 200, application/pdf, %PDF magic, 8220554 bytes, SHA-256 7f00a649804dd49e26ac876c44a88ddf486fbd78ea700206f623e9d10f654ddc. Tier C mirror host manuals.startmycar.com; PDF text identifies Hyundai as publisher and confirms 2023 Kona applicability. Primary validation row for this document.",""
"1843","hyundai-kona-2023-sel","2023","Hyundai","Kona","SEL","","volume_suv","hyundai","fixed_interval","C","https://manuals.startmycar.com/published/Hyundai-Kona_2023_EN_US_1294147445.pdf","","Owner manual / maintenance booklet","Scheduled Maintenance","yes","hyundai-kona-2023-se","602","200","application/pdf","7f00a649804dd49e26ac876c44a88ddf486fbd78ea700206f623e9d10f654ddc","0.88","v3 retry validation passed 2026-07-26: HTTP 200, application/pdf, %PDF magic, 8220554 bytes, SHA-256 7f00a649804dd49e26ac876c44a88ddf486fbd78ea700206f623e9d10f654ddc. Tier C mirror host manuals.startmycar.com; PDF text identifies Hyundai as publisher and confirms 2023 Kona applicability. Same validated document shared from hyundai-kona-2023-se.",""
"1844","hyundai-kona-2023-limited","2023","Hyundai","Kona","Limited","","volume_suv","hyundai","fixed_interval","C","https://manuals.startmycar.com/published/Hyundai-Kona_2023_EN_US_1294147445.pdf","","Owner manual / maintenance booklet","Scheduled Maintenance","yes","hyundai-kona-2023-se","602","200","application/pdf","7f00a649804dd49e26ac876c44a88ddf486fbd78ea700206f623e9d10f654ddc","0.88","v3 retry validation passed 2026-07-26: HTTP 200, application/pdf, %PDF magic, 8220554 bytes, SHA-256 7f00a649804dd49e26ac876c44a88ddf486fbd78ea700206f623e9d10f654ddc. Tier C mirror host manuals.startmycar.com; PDF text identifies Hyundai as publisher and confirms 2023 Kona applicability. Same validated document shared from hyundai-kona-2023-se.",""
"1845","hyundai-kona-2022-se","2022","Hyundai","Kona","SE","","volume_suv","hyundai","fixed_interval","B","https://owners.hyundaiusa.com/content/dam/hyundai/us/myhyundai/manuals/glovebox-manual/2022/kona/2022-Kona-Owners-Manual.pdf","","Owner manual / maintenance booklet","Scheduled Maintenance","no","","579","200","application/pdf","9a1e459a4ac3e37f3a77a3e82b185e9e66108d92938590a8ba71d739902128dd","0.96","v3 retry validation passed 2026-07-26: HTTP 200, application/pdf, %PDF magic, 37024169 bytes, SHA-256 9a1e459a4ac3e37f3a77a3e82b185e9e66108d92938590a8ba71d739902128dd. OEM host owners.hyundaiusa.com; extracted text confirms 2022 Kona applicability and a complete maintenance section. Primary validation row for this document.",""
"1846","hyundai-kona-2022-sel","2022","Hyundai","Kona","SEL","","volume_suv","hyundai","fixed_interval","B","https://owners.hyundaiusa.com/content/dam/hyundai/us/myhyundai/manuals/glovebox-manual/2022/kona/2022-Kona-Owners-Manual.pdf","","Owner manual / maintenance booklet","Scheduled Maintenance","yes","hyundai-kona-2022-se","579","200","application/pdf","9a1e459a4ac3e37f3a77a3e82b185e9e66108d92938590a8ba71d739902128dd","0.88","v3 retry validation passed 2026-07-26: HTTP 200, application/pdf, %PDF magic, 37024169 bytes, SHA-256 9a1e459a4ac3e37f3a77a3e82b185e9e66108d92938590a8ba71d739902128dd. OEM host owners.hyundaiusa.com; extracted text confirms 2022 Kona applicability and a complete maintenance section. Same validated document shared from hyundai-kona-2022-se.",""
"1847","hyundai-kona-2022-limited","2022","Hyundai","Kona","Limited","","volume_suv","hyundai","fixed_interval","B","https://owners.hyundaiusa.com/content/dam/hyundai/us/myhyundai/manuals/glovebox-manual/2022/kona/2022-Kona-Owners-Manual.pdf","","Owner manual / maintenance booklet","Scheduled Maintenance","yes","hyundai-kona-2022-se","579","200","application/pdf","9a1e459a4ac3e37f3a77a3e82b185e9e66108d92938590a8ba71d739902128dd","0.88","v3 retry validation passed 2026-07-26: HTTP 200, application/pdf, %PDF magic, 37024169 bytes, SHA-256 9a1e459a4ac3e37f3a77a3e82b185e9e66108d92938590a8ba71d739902128dd. OEM host owners.hyundaiusa.com; extracted text confirms 2022 Kona applicability and a complete maintenance section. Same validated document shared from hyundai-kona-2022-se.",""
"1848","hyundai-kona-2021-se","2021","Hyundai","Kona","SE","","volume_suv","hyundai","fixed_interval","B","https://owners.hyundaiusa.com/content/dam/hyundai/us/myhyundai/manuals/glovebox-manual/2021/kona/2021_Kona_Owners_Manual.pdf","","Owner manual / maintenance booklet","Scheduled Maintenance","no","","506","200","application/pdf","a8b9bf66f4188cc1a8ce35d35b770191099778508cb0f548e3ca7a1e109a4f5a","0.96","v3 retry validation passed 2026-07-26: HTTP 200, application/pdf, %PDF magic, 36593182 bytes, SHA-256 a8b9bf66f4188cc1a8ce35d35b770191099778508cb0f548e3ca7a1e109a4f5a. OEM host owners.hyundaiusa.com; extracted text confirms 2021 Kona applicability and a complete maintenance section. Primary validation row for this document.",""
"1849","hyundai-kona-2021-sel","2021","Hyundai","Kona","SEL","","volume_suv","hyundai","fixed_interval","B","https://owners.hyundaiusa.com/content/dam/hyundai/us/myhyundai/manuals/glovebox-manual/2021/kona/2021_Kona_Owners_Manual.pdf","","Owner manual / maintenance booklet","Scheduled Maintenance","yes","hyundai-kona-2021-se","506","200","application/pdf","a8b9bf66f4188cc1a8ce35d35b770191099778508cb0f548e3ca7a1e109a4f5a","0.88","v3 retry validation passed 2026-07-26: HTTP 200, application/pdf, %PDF magic, 36593182 bytes, SHA-256 a8b9bf66f4188cc1a8ce35d35b770191099778508cb0f548e3ca7a1e109a4f5a. OEM host owners.hyundaiusa.com; extracted text confirms 2021 Kona applicability and a complete maintenance section. Same validated document shared from hyundai-kona-2021-se.",""
"1850","hyundai-kona-2021-limited","2021","Hyundai","Kona","Limited","","volume_suv","hyundai","fixed_interval","B","https://owners.hyundaiusa.com/content/dam/hyundai/us/myhyundai/manuals/glovebox-manual/2021/kona/2021_Kona_Owners_Manual.pdf","","Owner manual / maintenance booklet","Scheduled Maintenance","yes","hyundai-kona-2021-se","506","200","application/pdf","a8b9bf66f4188cc1a8ce35d35b770191099778508cb0f548e3ca7a1e109a4f5a","0.88","v3 retry validation passed 2026-07-26: HTTP 200, application/pdf, %PDF magic, 36593182 bytes, SHA-256 a8b9bf66f4188cc1a8ce35d35b770191099778508cb0f548e3ca7a1e109a4f5a. OEM host owners.hyundaiusa.com; extracted text confirms 2021 Kona applicability and a complete maintenance section. Same validated document shared from hyundai-kona-2021-se.",""
"1851","hyundai-kona-2020-se","2020","Hyundai","Kona","SE","","volume_suv","hyundai","fixed_interval","C","https://manuals.startmycar.com/published/Hyundai-Kona_2020_EN-US_US_0679514311.pdf","","Owner manual / maintenance booklet","Scheduled Maintenance","no","","505","200","application/pdf","9c29f3ea89c6eebd22ebf7cfc43f062a4865459e7c6294bf94f941e9867e59bf","0.96","v3 retry validation passed 2026-07-26: HTTP 200, application/pdf, %PDF magic, 14103277 bytes, SHA-256 9c29f3ea89c6eebd22ebf7cfc43f062a4865459e7c6294bf94f941e9867e59bf. Tier C mirror host manuals.startmycar.com; PDF text identifies Hyundai as publisher and confirms 2020 Kona applicability. Primary validation row for this document.",""
"1852","hyundai-kona-2020-sel","2020","Hyundai","Kona","SEL","","volume_suv","hyundai","fixed_interval","C","https://manuals.startmycar.com/published/Hyundai-Kona_2020_EN-US_US_0679514311.pdf","","Owner manual / maintenance booklet","Scheduled Maintenance","yes","hyundai-kona-2020-se","505","200","application/pdf","9c29f3ea89c6eebd22ebf7cfc43f062a4865459e7c6294bf94f941e9867e59bf","0.88","v3 retry validation passed 2026-07-26: HTTP 200, application/pdf, %PDF magic, 14103277 bytes, SHA-256 9c29f3ea89c6eebd22ebf7cfc43f062a4865459e7c6294bf94f941e9867e59bf. Tier C mirror host manuals.startmycar.com; PDF text identifies Hyundai as publisher and confirms 2020 Kona applicability. Same validated document shared from hyundai-kona-2020-se.",""
"1853","hyundai-kona-2020-limited","2020","Hyundai","Kona","Limited","","volume_suv","hyundai","fixed_interval","C","https://manuals.startmycar.com/published/Hyundai-Kona_2020_EN-US_US_0679514311.pdf","","Owner manual / maintenance booklet","Scheduled Maintenance","yes","hyundai-kona-2020-se","505","200","application/pdf","9c29f3ea89c6eebd22ebf7cfc43f062a4865459e7c6294bf94f941e9867e59bf","0.88","v3 retry validation passed 2026-07-26: HTTP 200, application/pdf, %PDF magic, 14103277 bytes, SHA-256 9c29f3ea89c6eebd22ebf7cfc43f062a4865459e7c6294bf94f941e9867e59bf. Tier C mirror host manuals.startmycar.com; PDF text identifies Hyundai as publisher and confirms 2020 Kona applicability. Same validated document shared from hyundai-kona-2020-se.",""
"1854","chevrolet-malibu-2024-ls","2024","Chevrolet","Malibu","LS","","volume_sedan","chevy","fixed_interval","C","https://manuals.startmycar.com/published/Chevrolet-Malibu_2024_EN-US_US_e874c76e30.pdf","","Owner manual / maintenance booklet","Scheduled Maintenance","no","","334","200","application/pdf","3567ab2bb7dd45ced578b6b44fac4460a1cabb53fa2d43e837ecd48e11c34849","0.96","v3 retry validation passed 2026-07-26: HTTP 200, application/pdf, %PDF magic, 15916987 bytes, SHA-256 3567ab2bb7dd45ced578b6b44fac4460a1cabb53fa2d43e837ecd48e11c34849. Tier C mirror host manuals.startmycar.com; PDF text identifies Chevrolet as publisher and confirms 2024 Malibu applicability. Primary validation row for this document.",""
"1855","chevrolet-malibu-2024-rs","2024","Chevrolet","Malibu","RS","","volume_sedan","chevy","fixed_interval","C","https://manuals.startmycar.com/published/Chevrolet-Malibu_2024_EN-US_US_e874c76e30.pdf","","Owner manual / maintenance booklet","Scheduled Maintenance","yes","chevrolet-malibu-2024-ls","334","200","application/pdf","3567ab2bb7dd45ced578b6b44fac4460a1cabb53fa2d43e837ecd48e11c34849","0.88","v3 retry validation passed 2026-07-26: HTTP 200, application/pdf, %PDF magic, 15916987 bytes, SHA-256 3567ab2bb7dd45ced578b6b44fac4460a1cabb53fa2d43e837ecd48e11c34849. Tier C mirror host manuals.startmycar.com; PDF text identifies Chevrolet as publisher and confirms 2024 Malibu applicability. Same validated document shared from chevrolet-malibu-2024-ls.",""
"1856","chevrolet-malibu-2024-premier","2024","Chevrolet","Malibu","Premier","","volume_sedan","chevy","fixed_interval","C","https://manuals.startmycar.com/published/Chevrolet-Malibu_2024_EN-US_US_e874c76e30.pdf","","Owner manual / maintenance booklet","Scheduled Maintenance","yes","chevrolet-malibu-2024-ls","334","200","application/pdf","3567ab2bb7dd45ced578b6b44fac4460a1cabb53fa2d43e837ecd48e11c34849","0.88","v3 retry validation passed 2026-07-26: HTTP 200, application/pdf, %PDF magic, 15916987 bytes, SHA-256 3567ab2bb7dd45ced578b6b44fac4460a1cabb53fa2d43e837ecd48e11c34849. Tier C mirror host manuals.startmycar.com; PDF text identifies Chevrolet as publisher and confirms 2024 Malibu applicability. Same validated document shared from chevrolet-malibu-2024-ls.",""
"1857","chevrolet-malibu-2023-ls","2023","Chevrolet","Malibu","LS","","volume_sedan","chevy","fixed_interval","C","https://manuals.startmycar.com/published/Chevrolet-Malibu_2023_EN-US_US_1a2fa52966.pdf","","Owner manual / maintenance booklet","Scheduled Maintenance","no","","332","200","application/pdf","ca13d51a8844f4467424255104f22e1d73e5eb23bfdcd307a979ff2dda024f15","0.96","v3 retry validation passed 2026-07-26: HTTP 200, application/pdf, %PDF magic, 6610697 bytes, SHA-256 ca13d51a8844f4467424255104f22e1d73e5eb23bfdcd307a979ff2dda024f15. Tier C mirror host manuals.startmycar.com; PDF text identifies Chevrolet as publisher and confirms 2023 Malibu applicability. Primary validation row for this document.",""
"1858","chevrolet-malibu-2023-rs","2023","Chevrolet","Malibu","RS","","volume_sedan","chevy","fixed_interval","C","https://manuals.startmycar.com/published/Chevrolet-Malibu_2023_EN-US_US_1a2fa52966.pdf","","Owner manual / maintenance booklet","Scheduled Maintenance","yes","chevrolet-malibu-2023-ls","332","200","application/pdf","ca13d51a8844f4467424255104f22e1d73e5eb23bfdcd307a979ff2dda024f15","0.88","v3 retry validation passed 2026-07-26: HTTP 200, application/pdf, %PDF magic, 6610697 bytes, SHA-256 ca13d51a8844f4467424255104f22e1d73e5eb23bfdcd307a979ff2dda024f15. Tier C mirror host manuals.startmycar.com; PDF text identifies Chevrolet as publisher and confirms 2023 Malibu applicability. Same validated document shared from chevrolet-malibu-2023-ls.",""
"1859","chevrolet-malibu-2023-premier","2023","Chevrolet","Malibu","Premier","","volume_sedan","chevy","fixed_interval","C","https://manuals.startmycar.com/published/Chevrolet-Malibu_2023_EN-US_US_1a2fa52966.pdf","","Owner manual / maintenance booklet","Scheduled Maintenance","yes","chevrolet-malibu-2023-ls","332","200","application/pdf","ca13d51a8844f4467424255104f22e1d73e5eb23bfdcd307a979ff2dda024f15","0.88","v3 retry validation passed 2026-07-26: HTTP 200, application/pdf, %PDF magic, 6610697 bytes, SHA-256 ca13d51a8844f4467424255104f22e1d73e5eb23bfdcd307a979ff2dda024f15. Tier C mirror host manuals.startmycar.com; PDF text identifies Chevrolet as publisher and confirms 2023 Malibu applicability. Same validated document shared from chevrolet-malibu-2023-ls.",""
"1869","chevrolet-blazer-2025-lt","2025","Chevrolet","Blazer","LT","","volume_suv","chevy","fixed_interval","D","","","","","no","","","","","","0.00","v3 OEM-first retry completed 2026-07-26; no uninspected URL promoted.","No qualifying public US-market OEM or attributable mirror PDF passed byte, identity, and maintenance-section validation for this exact model year/model. Candidate checks: request-failed: fetch failed."
"1870","chevrolet-blazer-2025-rs","2025","Chevrolet","Blazer","RS","","volume_suv","chevy","fixed_interval","D","","","","","no","","","","","","0.00","v3 OEM-first retry completed 2026-07-26; no uninspected URL promoted.","No qualifying public US-market OEM or attributable mirror PDF passed byte, identity, and maintenance-section validation for this exact model year/model. Candidate checks: request-failed: fetch failed."
"1871","chevrolet-blazer-2025-premier","2025","Chevrolet","Blazer","Premier","","volume_suv","chevy","fixed_interval","D","","","","","no","","","","","","0.00","v3 OEM-first retry completed 2026-07-26; no uninspected URL promoted.","No qualifying public US-market OEM or attributable mirror PDF passed byte, identity, and maintenance-section validation for this exact model year/model. Candidate checks: request-failed: fetch failed."
"1872","chevrolet-blazer-2024-lt","2024","Chevrolet","Blazer","LT","","volume_suv","chevy","fixed_interval","C","https://manuals.startmycar.com/published/Chevrolet-Blazer_2024_EN-US_US_7e64ac5c3b.pdf","","Owner manual / maintenance booklet","Scheduled Maintenance","no","","357","200","application/pdf","f5c472ae134431d966bfc0693a148b30300cb9fc94373f35046130a06a30af5b","0.96","v3 retry validation passed 2026-07-26: HTTP 200, application/pdf, %PDF magic, 47356501 bytes, SHA-256 f5c472ae134431d966bfc0693a148b30300cb9fc94373f35046130a06a30af5b. Tier C mirror host manuals.startmycar.com; PDF text identifies Chevrolet as publisher and confirms 2024 Blazer applicability. Primary validation row for this document.",""
"1873","chevrolet-blazer-2024-rs","2024","Chevrolet","Blazer","RS","","volume_suv","chevy","fixed_interval","C","https://manuals.startmycar.com/published/Chevrolet-Blazer_2024_EN-US_US_7e64ac5c3b.pdf","","Owner manual / maintenance booklet","Scheduled Maintenance","yes","chevrolet-blazer-2024-lt","357","200","application/pdf","f5c472ae134431d966bfc0693a148b30300cb9fc94373f35046130a06a30af5b","0.88","v3 retry validation passed 2026-07-26: HTTP 200, application/pdf, %PDF magic, 47356501 bytes, SHA-256 f5c472ae134431d966bfc0693a148b30300cb9fc94373f35046130a06a30af5b. Tier C mirror host manuals.startmycar.com; PDF text identifies Chevrolet as publisher and confirms 2024 Blazer applicability. Same validated document shared from chevrolet-blazer-2024-lt.",""
"1874","chevrolet-blazer-2024-premier","2024","Chevrolet","Blazer","Premier","","volume_suv","chevy","fixed_interval","C","https://manuals.startmycar.com/published/Chevrolet-Blazer_2024_EN-US_US_7e64ac5c3b.pdf","","Owner manual / maintenance booklet","Scheduled Maintenance","yes","chevrolet-blazer-2024-lt","357","200","application/pdf","f5c472ae134431d966bfc0693a148b30300cb9fc94373f35046130a06a30af5b","0.88","v3 retry validation passed 2026-07-26: HTTP 200, application/pdf, %PDF magic, 47356501 bytes, SHA-256 f5c472ae134431d966bfc0693a148b30300cb9fc94373f35046130a06a30af5b. Tier C mirror host manuals.startmycar.com; PDF text identifies Chevrolet as publisher and confirms 2024 Blazer applicability. Same validated document shared from chevrolet-blazer-2024-lt.",""
"1875","chevrolet-blazer-2023-lt","2023","Chevrolet","Blazer","LT","","volume_suv","chevy","fixed_interval","D","","","","","no","","","","","","0.00","v3 OEM-first retry completed 2026-07-26; no uninspected URL promoted.","No qualifying public US-market OEM or attributable mirror PDF passed byte, identity, and maintenance-section validation for this exact model year/model. Candidate checks: request-failed: fetch failed."
"1876","chevrolet-blazer-2023-rs","2023","Chevrolet","Blazer","RS","","volume_suv","chevy","fixed_interval","D","","","","","no","","","","","","0.00","v3 OEM-first retry completed 2026-07-26; no uninspected URL promoted.","No qualifying public US-market OEM or attributable mirror PDF passed byte, identity, and maintenance-section validation for this exact model year/model. Candidate checks: request-failed: fetch failed."
"1877","chevrolet-blazer-2023-premier","2023","Chevrolet","Blazer","Premier","","volume_suv","chevy","fixed_interval","D","","","","","no","","","","","","0.00","v3 OEM-first retry completed 2026-07-26; no uninspected URL promoted.","No qualifying public US-market OEM or attributable mirror PDF passed byte, identity, and maintenance-section validation for this exact model year/model. Candidate checks: request-failed: fetch failed."
"1923","buick-enclave-2025-preferred","2025","Buick","Enclave","Preferred","","volume_suv","buick","fixed_interval","D","","","","","no","","","","","","0.00","v3 OEM-first retry completed 2026-07-26; no uninspected URL promoted.","No qualifying public US-market OEM or attributable mirror PDF passed byte, identity, and maintenance-section validation for this exact model year/model. Candidate checks: request-failed: fetch failed."
"1924","buick-enclave-2025-essence","2025","Buick","Enclave","Essence","","volume_suv","buick","fixed_interval","D","","","","","no","","","","","","0.00","v3 OEM-first retry completed 2026-07-26; no uninspected URL promoted.","No qualifying public US-market OEM or attributable mirror PDF passed byte, identity, and maintenance-section validation for this exact model year/model. Candidate checks: request-failed: fetch failed."
"1925","buick-enclave-2025-avenir","2025","Buick","Enclave","Avenir","","volume_suv","buick","fixed_interval","D","","","","","no","","","","","","0.00","v3 OEM-first retry completed 2026-07-26; no uninspected URL promoted.","No qualifying public US-market OEM or attributable mirror PDF passed byte, identity, and maintenance-section validation for this exact model year/model. Candidate checks: request-failed: fetch failed."
"1926","buick-enclave-2024-preferred","2024","Buick","Enclave","Preferred","","volume_suv","buick","fixed_interval","C","https://manuals.startmycar.com/published/Buick-Enclave_2024_EN_US_25ede6a155.pdf","","Owner manual / maintenance booklet","Scheduled Maintenance","no","","370","200","application/pdf","e4cc3e54bc5c184a0efc64957502b5297e054adc97830884c4abfb180d151707","0.96","v3 retry validation passed 2026-07-26: HTTP 200, application/pdf, %PDF magic, 14889949 bytes, SHA-256 e4cc3e54bc5c184a0efc64957502b5297e054adc97830884c4abfb180d151707. Tier C mirror host manuals.startmycar.com; PDF text identifies Buick as publisher and confirms 2024 Enclave applicability. Primary validation row for this document.",""
"1927","buick-enclave-2024-essence","2024","Buick","Enclave","Essence","","volume_suv","buick","fixed_interval","C","https://manuals.startmycar.com/published/Buick-Enclave_2024_EN_US_25ede6a155.pdf","","Owner manual / maintenance booklet","Scheduled Maintenance","yes","buick-enclave-2024-preferred","370","200","application/pdf","e4cc3e54bc5c184a0efc64957502b5297e054adc97830884c4abfb180d151707","0.88","v3 retry validation passed 2026-07-26: HTTP 200, application/pdf, %PDF magic, 14889949 bytes, SHA-256 e4cc3e54bc5c184a0efc64957502b5297e054adc97830884c4abfb180d151707. Tier C mirror host manuals.startmycar.com; PDF text identifies Buick as publisher and confirms 2024 Enclave applicability. Same validated document shared from buick-enclave-2024-preferred.",""
"1928","buick-enclave-2024-avenir","2024","Buick","Enclave","Avenir","","volume_suv","buick","fixed_interval","C","https://manuals.startmycar.com/published/Buick-Enclave_2024_EN_US_25ede6a155.pdf","","Owner manual / maintenance booklet","Scheduled Maintenance","yes","buick-enclave-2024-preferred","370","200","application/pdf","e4cc3e54bc5c184a0efc64957502b5297e054adc97830884c4abfb180d151707","0.88","v3 retry validation passed 2026-07-26: HTTP 200, application/pdf, %PDF magic, 14889949 bytes, SHA-256 e4cc3e54bc5c184a0efc64957502b5297e054adc97830884c4abfb180d151707. Tier C mirror host manuals.startmycar.com; PDF text identifies Buick as publisher and confirms 2024 Enclave applicability. Same validated document shared from buick-enclave-2024-preferred.",""
"1929","buick-enclave-2023-preferred","2023","Buick","Enclave","Preferred","","volume_suv","buick","fixed_interval","C","https://manuals.startmycar.com/published/Buick-Enclave_20023_EN_US_d6a78f0bdd.pdf","","Owner manual / maintenance booklet","Scheduled Maintenance","no","","368","200","application/pdf","a30acc5f8c4d3909248854a93b6efdda4626c0c3b582a9c87a5faf71df9eb473","0.96","v3 retry validation passed 2026-07-26: HTTP 200, application/pdf, %PDF magic, 7147532 bytes, SHA-256 a30acc5f8c4d3909248854a93b6efdda4626c0c3b582a9c87a5faf71df9eb473. Tier C mirror host manuals.startmycar.com; PDF text identifies Buick as publisher and confirms 2023 Enclave applicability. Primary validation row for this document.",""
"1930","buick-enclave-2023-essence","2023","Buick","Enclave","Essence","","volume_suv","buick","fixed_interval","C","https://manuals.startmycar.com/published/Buick-Enclave_20023_EN_US_d6a78f0bdd.pdf","","Owner manual / maintenance booklet","Scheduled Maintenance","yes","buick-enclave-2023-preferred","368","200","application/pdf","a30acc5f8c4d3909248854a93b6efdda4626c0c3b582a9c87a5faf71df9eb473","0.88","v3 retry validation passed 2026-07-26: HTTP 200, application/pdf, %PDF magic, 7147532 bytes, SHA-256 a30acc5f8c4d3909248854a93b6efdda4626c0c3b582a9c87a5faf71df9eb473. Tier C mirror host manuals.startmycar.com; PDF text identifies Buick as publisher and confirms 2023 Enclave applicability. Same validated document shared from buick-enclave-2023-preferred.",""
"1931","buick-enclave-2023-avenir","2023","Buick","Enclave","Avenir","","volume_suv","buick","fixed_interval","C","https://manuals.startmycar.com/published/Buick-Enclave_20023_EN_US_d6a78f0bdd.pdf","","Owner manual / maintenance booklet","Scheduled Maintenance","yes","buick-enclave-2023-preferred","368","200","application/pdf","a30acc5f8c4d3909248854a93b6efdda4626c0c3b582a9c87a5faf71df9eb473","0.88","v3 retry validation passed 2026-07-26: HTTP 200, application/pdf, %PDF magic, 7147532 bytes, SHA-256 a30acc5f8c4d3909248854a93b6efdda4626c0c3b582a9c87a5faf71df9eb473. Tier C mirror host manuals.startmycar.com; PDF text identifies Buick as publisher and confirms 2023 Enclave applicability. Same validated document shared from buick-enclave-2023-preferred.",""
"1932","buick-enclave-2022-preferred","2022","Buick","Enclave","Preferred","","volume_suv","buick","fixed_interval","C","https://manuals.startmycar.com/published/Buick-Enclave_2022_EN_US_c1d1997ce5.pdf","","Owner manual / maintenance booklet","Scheduled Maintenance","no","","382","200","application/pdf","88d361fa47978ee6b85a8e5d470e0057b61b6438a701ea7ae87fa679a756a0ea","0.96","v3 retry validation passed 2026-07-26: HTTP 200, application/pdf, %PDF magic, 9467126 bytes, SHA-256 88d361fa47978ee6b85a8e5d470e0057b61b6438a701ea7ae87fa679a756a0ea. Tier C mirror host manuals.startmycar.com; PDF text identifies Buick as publisher and confirms 2022 Enclave applicability. Primary validation row for this document.",""
"1933","buick-enclave-2022-essence","2022","Buick","Enclave","Essence","","volume_suv","buick","fixed_interval","C","https://manuals.startmycar.com/published/Buick-Enclave_2022_EN_US_c1d1997ce5.pdf","","Owner manual / maintenance booklet","Scheduled Maintenance","yes","buick-enclave-2022-preferred","382","200","application/pdf","88d361fa47978ee6b85a8e5d470e0057b61b6438a701ea7ae87fa679a756a0ea","0.88","v3 retry validation passed 2026-07-26: HTTP 200, application/pdf, %PDF magic, 9467126 bytes, SHA-256 88d361fa47978ee6b85a8e5d470e0057b61b6438a701ea7ae87fa679a756a0ea. Tier C mirror host manuals.startmycar.com; PDF text identifies Buick as publisher and confirms 2022 Enclave applicability. Same validated document shared from buick-enclave-2022-preferred.",""
"1934","buick-enclave-2022-avenir","2022","Buick","Enclave","Avenir","","volume_suv","buick","fixed_interval","C","https://manuals.startmycar.com/published/Buick-Enclave_2022_EN_US_c1d1997ce5.pdf","","Owner manual / maintenance booklet","Scheduled Maintenance","yes","buick-enclave-2022-preferred","382","200","application/pdf","88d361fa47978ee6b85a8e5d470e0057b61b6438a701ea7ae87fa679a756a0ea","0.88","v3 retry validation passed 2026-07-26: HTTP 200, application/pdf, %PDF magic, 9467126 bytes, SHA-256 88d361fa47978ee6b85a8e5d470e0057b61b6438a701ea7ae87fa679a756a0ea. Tier C mirror host manuals.startmycar.com; PDF text identifies Buick as publisher and confirms 2022 Enclave applicability. Same validated document shared from buick-enclave-2022-preferred.",""
"1941","buick-encore-gx-2025-preferred","2025","Buick","Encore GX","Preferred","","volume_suv","buick","fixed_interval","D","","","","","no","","","","","","0.00","v3 OEM-first retry completed 2026-07-26; no uninspected URL promoted.","No qualifying public US-market OEM or attributable mirror PDF passed byte, identity, and maintenance-section validation for this exact model year/model. Candidate checks: request-failed: fetch failed."
"1942","buick-encore-gx-2025-essence","2025","Buick","Encore GX","Essence","","volume_suv","buick","fixed_interval","D","","","","","no","","","","","","0.00","v3 OEM-first retry completed 2026-07-26; no uninspected URL promoted.","No qualifying public US-market OEM or attributable mirror PDF passed byte, identity, and maintenance-section validation for this exact model year/model. Candidate checks: request-failed: fetch failed."
"1943","buick-encore-gx-2025-avenir","2025","Buick","Encore GX","Avenir","","volume_suv","buick","fixed_interval","D","","","","","no","","","","","","0.00","v3 OEM-first retry completed 2026-07-26; no uninspected URL promoted.","No qualifying public US-market OEM or attributable mirror PDF passed byte, identity, and maintenance-section validation for this exact model year/model. Candidate checks: request-failed: fetch failed."
"1944","buick-encore-gx-2024-preferred","2024","Buick","Encore GX","Preferred","","volume_suv","buick","fixed_interval","C","https://manuals.startmycar.com/published/Buick-Encore-GX_2024_EN_US_7423f05636.pdf","","Owner manual / maintenance booklet","Scheduled Maintenance","no","","328","200","application/pdf","565bb64cefa101075169c0148b1b0bd630a637ab22754281ab4ebdc7ac152a50","0.96","v3 retry validation passed 2026-07-26: HTTP 200, application/pdf, %PDF magic, 14564172 bytes, SHA-256 565bb64cefa101075169c0148b1b0bd630a637ab22754281ab4ebdc7ac152a50. Tier C mirror host manuals.startmycar.com; PDF text identifies Buick as publisher and confirms 2024 Encore GX applicability. Primary validation row for this document.",""
"1945","buick-encore-gx-2024-essence","2024","Buick","Encore GX","Essence","","volume_suv","buick","fixed_interval","C","https://manuals.startmycar.com/published/Buick-Encore-GX_2024_EN_US_7423f05636.pdf","","Owner manual / maintenance booklet","Scheduled Maintenance","yes","buick-encore-gx-2024-preferred","328","200","application/pdf","565bb64cefa101075169c0148b1b0bd630a637ab22754281ab4ebdc7ac152a50","0.88","v3 retry validation passed 2026-07-26: HTTP 200, application/pdf, %PDF magic, 14564172 bytes, SHA-256 565bb64cefa101075169c0148b1b0bd630a637ab22754281ab4ebdc7ac152a50. Tier C mirror host manuals.startmycar.com; PDF text identifies Buick as publisher and confirms 2024 Encore GX applicability. Same validated document shared from buick-encore-gx-2024-preferred.",""
"1946","buick-encore-gx-2024-avenir","2024","Buick","Encore GX","Avenir","","volume_suv","buick","fixed_interval","C","https://manuals.startmycar.com/published/Buick-Encore-GX_2024_EN_US_7423f05636.pdf","","Owner manual / maintenance booklet","Scheduled Maintenance","yes","buick-encore-gx-2024-preferred","328","200","application/pdf","565bb64cefa101075169c0148b1b0bd630a637ab22754281ab4ebdc7ac152a50","0.88","v3 retry validation passed 2026-07-26: HTTP 200, application/pdf, %PDF magic, 14564172 bytes, SHA-256 565bb64cefa101075169c0148b1b0bd630a637ab22754281ab4ebdc7ac152a50. Tier C mirror host manuals.startmycar.com; PDF text identifies Buick as publisher and confirms 2024 Encore GX applicability. Same validated document shared from buick-encore-gx-2024-preferred.",""
"1947","buick-encore-gx-2023-preferred","2023","Buick","Encore GX","Preferred","","volume_suv","buick","fixed_interval","C","https://manuals.startmycar.com/published/Buick-Encore-GX_2023_EN_US_d4f51db50c.pdf","","Owner manual / maintenance booklet","Scheduled Maintenance","no","","367","200","application/pdf","0e43ccae2fdaf10988756ce38a76173e5cc07fe37e883ab8a3cb13489ca2a4ff","0.96","v3 retry validation passed 2026-07-26: HTTP 200, application/pdf, %PDF magic, 6434728 bytes, SHA-256 0e43ccae2fdaf10988756ce38a76173e5cc07fe37e883ab8a3cb13489ca2a4ff. Tier C mirror host manuals.startmycar.com; PDF text identifies Buick as publisher and confirms 2023 Encore GX applicability. Primary validation row for this document.",""
"1948","buick-encore-gx-2023-essence","2023","Buick","Encore GX","Essence","","volume_suv","buick","fixed_interval","C","https://manuals.startmycar.com/published/Buick-Encore-GX_2023_EN_US_d4f51db50c.pdf","","Owner manual / maintenance booklet","Scheduled Maintenance","yes","buick-encore-gx-2023-preferred","367","200","application/pdf","0e43ccae2fdaf10988756ce38a76173e5cc07fe37e883ab8a3cb13489ca2a4ff","0.88","v3 retry validation passed 2026-07-26: HTTP 200, application/pdf, %PDF magic, 6434728 bytes, SHA-256 0e43ccae2fdaf10988756ce38a76173e5cc07fe37e883ab8a3cb13489ca2a4ff. Tier C mirror host manuals.startmycar.com; PDF text identifies Buick as publisher and confirms 2023 Encore GX applicability. Same validated document shared from buick-encore-gx-2023-preferred.",""
"1949","buick-encore-gx-2023-avenir","2023","Buick","Encore GX","Avenir","","volume_suv","buick","fixed_interval","C","https://manuals.startmycar.com/published/Buick-Encore-GX_2023_EN_US_d4f51db50c.pdf","","Owner manual / maintenance booklet","Scheduled Maintenance","yes","buick-encore-gx-2023-preferred","367","200","application/pdf","0e43ccae2fdaf10988756ce38a76173e5cc07fe37e883ab8a3cb13489ca2a4ff","0.88","v3 retry validation passed 2026-07-26: HTTP 200, application/pdf, %PDF magic, 6434728 bytes, SHA-256 0e43ccae2fdaf10988756ce38a76173e5cc07fe37e883ab8a3cb13489ca2a4ff. Tier C mirror host manuals.startmycar.com; PDF text identifies Buick as publisher and confirms 2023 Encore GX applicability. Same validated document shared from buick-encore-gx-2023-preferred.",""
"1950","buick-encore-gx-2022-preferred","2022","Buick","Encore GX","Preferred","","volume_suv","buick","fixed_interval","D","","","","","no","","","","","","0.00","v3 OEM-first retry completed 2026-07-26; no uninspected URL promoted.","No qualifying public US-market OEM or attributable mirror PDF passed byte, identity, and maintenance-section validation for this exact model year/model. Candidate checks: request-failed: fetch failed."
"1951","buick-encore-gx-2022-essence","2022","Buick","Encore GX","Essence","","volume_suv","buick","fixed_interval","D","","","","","no","","","","","","0.00","v3 OEM-first retry completed 2026-07-26; no uninspected URL promoted.","No qualifying public US-market OEM or attributable mirror PDF passed byte, identity, and maintenance-section validation for this exact model year/model. Candidate checks: request-failed: fetch failed."
"1952","buick-encore-gx-2022-avenir","2022","Buick","Encore GX","Avenir","","volume_suv","buick","fixed_interval","D","","","","","no","","","","","","0.00","v3 OEM-first retry completed 2026-07-26; no uninspected URL promoted.","No qualifying public US-market OEM or attributable mirror PDF passed byte, identity, and maintenance-section validation for this exact model year/model. Candidate checks: request-failed: fetch failed."
"1953","buick-encore-gx-2021-preferred","2021","Buick","Encore GX","Preferred","","volume_suv","buick","fixed_interval","C","https://manuals.startmycar.com/published/Buick-Encore-GX_2021_EN_US-CA_9f4dffff03.pdf","","Owner manual / maintenance booklet","Scheduled Maintenance","no","","370","200","application/pdf","1c1925467ac9ef38559caf872b547eebce55faf573e876e719cf8dfcce66b6a6","0.96","v3 retry validation passed 2026-07-26: HTTP 200, application/pdf, %PDF magic, 10464101 bytes, SHA-256 1c1925467ac9ef38559caf872b547eebce55faf573e876e719cf8dfcce66b6a6. Tier C mirror host manuals.startmycar.com; PDF text identifies Buick as publisher and confirms 2021 Encore GX applicability. Primary validation row for this document.",""
"1954","buick-encore-gx-2021-essence","2021","Buick","Encore GX","Essence","","volume_suv","buick","fixed_interval","C","https://manuals.startmycar.com/published/Buick-Encore-GX_2021_EN_US-CA_9f4dffff03.pdf","","Owner manual / maintenance booklet","Scheduled Maintenance","yes","buick-encore-gx-2021-preferred","370","200","application/pdf","1c1925467ac9ef38559caf872b547eebce55faf573e876e719cf8dfcce66b6a6","0.88","v3 retry validation passed 2026-07-26: HTTP 200, application/pdf, %PDF magic, 10464101 bytes, SHA-256 1c1925467ac9ef38559caf872b547eebce55faf573e876e719cf8dfcce66b6a6. Tier C mirror host manuals.startmycar.com; PDF text identifies Buick as publisher and confirms 2021 Encore GX applicability. Same validated document shared from buick-encore-gx-2021-preferred.",""
"1955","buick-encore-gx-2021-avenir","2021","Buick","Encore GX","Avenir","","volume_suv","buick","fixed_interval","C","https://manuals.startmycar.com/published/Buick-Encore-GX_2021_EN_US-CA_9f4dffff03.pdf","","Owner manual / maintenance booklet","Scheduled Maintenance","yes","buick-encore-gx-2021-preferred","370","200","application/pdf","1c1925467ac9ef38559caf872b547eebce55faf573e876e719cf8dfcce66b6a6","0.88","v3 retry validation passed 2026-07-26: HTTP 200, application/pdf, %PDF magic, 10464101 bytes, SHA-256 1c1925467ac9ef38559caf872b547eebce55faf573e876e719cf8dfcce66b6a6. Tier C mirror host manuals.startmycar.com; PDF text identifies Buick as publisher and confirms 2021 Encore GX applicability. Same validated document shared from buick-encore-gx-2021-preferred.",""
"1956","buick-encore-gx-2020-preferred","2020","Buick","Encore GX","Preferred","","volume_suv","buick","fixed_interval","D","","","","","no","","","","","","0.00","v3 OEM-first retry completed 2026-07-26; no uninspected URL promoted.","No qualifying public US-market OEM or attributable mirror PDF passed byte, identity, and maintenance-section validation for this exact model year/model. Candidate checks: request-failed: fetch failed."
"1957","buick-encore-gx-2020-essence","2020","Buick","Encore GX","Essence","","volume_suv","buick","fixed_interval","D","","","","","no","","","","","","0.00","v3 OEM-first retry completed 2026-07-26; no uninspected URL promoted.","No qualifying public US-market OEM or attributable mirror PDF passed byte, identity, and maintenance-section validation for this exact model year/model. Candidate checks: request-failed: fetch failed."
"1958","buick-encore-gx-2020-avenir","2020","Buick","Encore GX","Avenir","","volume_suv","buick","fixed_interval","D","","","","","no","","","","","","0.00","v3 OEM-first retry completed 2026-07-26; no uninspected URL promoted.","No qualifying public US-market OEM or attributable mirror PDF passed byte, identity, and maintenance-section validation for this exact model year/model. Candidate checks: request-failed: fetch failed."
"1959","chrysler-pacifica-2025-touring","2025","Chrysler","Pacifica","Touring","","volume_minivan","chrysler","fixed_interval","D","","","","","no","","","","","","0.00","v3 OEM-first retry completed 2026-07-26; no uninspected URL promoted.","No direct public US-market Stellantis owner manual PDF with an extractable maintenance schedule was verified for this model year."
"1960","chrysler-pacifica-2025-touring-l","2025","Chrysler","Pacifica","Touring L","","volume_minivan","chrysler","fixed_interval","D","","","","","no","","","","","","0.00","v3 OEM-first retry completed 2026-07-26; no uninspected URL promoted.","No direct public US-market Stellantis owner manual PDF with an extractable maintenance schedule was verified for this model year."
"1961","chrysler-pacifica-2025-limited","2025","Chrysler","Pacifica","Limited","","volume_minivan","chrysler","fixed_interval","D","","","","","no","","","","","","0.00","v3 OEM-first retry completed 2026-07-26; no uninspected URL promoted.","No direct public US-market Stellantis owner manual PDF with an extractable maintenance schedule was verified for this model year."
"1962","chrysler-pacifica-2024-touring","2024","Chrysler","Pacifica","Touring","","volume_minivan","chrysler","fixed_interval","D","","","","","no","","","","","","0.00","v3 OEM-first retry completed 2026-07-26; no uninspected URL promoted.","No direct public US-market Stellantis owner manual PDF with an extractable maintenance schedule was verified for this model year."
"1963","chrysler-pacifica-2024-touring-l","2024","Chrysler","Pacifica","Touring L","","volume_minivan","chrysler","fixed_interval","D","","","","","no","","","","","","0.00","v3 OEM-first retry completed 2026-07-26; no uninspected URL promoted.","No direct public US-market Stellantis owner manual PDF with an extractable maintenance schedule was verified for this model year."
"1964","chrysler-pacifica-2024-limited","2024","Chrysler","Pacifica","Limited","","volume_minivan","chrysler","fixed_interval","D","","","","","no","","","","","","0.00","v3 OEM-first retry completed 2026-07-26; no uninspected URL promoted.","No direct public US-market Stellantis owner manual PDF with an extractable maintenance schedule was verified for this model year."
"1965","chrysler-pacifica-2023-touring","2023","Chrysler","Pacifica","Touring","","volume_minivan","chrysler","fixed_interval","C","https://manuals.startmycar.com/published/Chrysler-Pacifica_2023_EN_US_79ef11357d.pdf","","Owner manual / maintenance booklet","Scheduled Maintenance","no","","328","200","application/pdf","d2d163a032486720e830985e5c47aeaa497e8166317a28aa4ea7fda870aab417","0.96","v3 retry validation passed 2026-07-26: HTTP 200, application/pdf, %PDF magic, 24836512 bytes, SHA-256 d2d163a032486720e830985e5c47aeaa497e8166317a28aa4ea7fda870aab417. Tier C mirror host manuals.startmycar.com; PDF text identifies Chrysler as publisher and confirms 2023 Pacifica applicability. Primary validation row for this document.",""
"1966","chrysler-pacifica-2023-touring-l","2023","Chrysler","Pacifica","Touring L","","volume_minivan","chrysler","fixed_interval","C","https://manuals.startmycar.com/published/Chrysler-Pacifica_2023_EN_US_79ef11357d.pdf","","Owner manual / maintenance booklet","Scheduled Maintenance","yes","chrysler-pacifica-2023-touring","328","200","application/pdf","d2d163a032486720e830985e5c47aeaa497e8166317a28aa4ea7fda870aab417","0.88","v3 retry validation passed 2026-07-26: HTTP 200, application/pdf, %PDF magic, 24836512 bytes, SHA-256 d2d163a032486720e830985e5c47aeaa497e8166317a28aa4ea7fda870aab417. Tier C mirror host manuals.startmycar.com; PDF text identifies Chrysler as publisher and confirms 2023 Pacifica applicability. Same validated document shared from chrysler-pacifica-2023-touring.",""
"1967","chrysler-pacifica-2023-limited","2023","Chrysler","Pacifica","Limited","","volume_minivan","chrysler","fixed_interval","C","https://manuals.startmycar.com/published/Chrysler-Pacifica_2023_EN_US_79ef11357d.pdf","","Owner manual / maintenance booklet","Scheduled Maintenance","yes","chrysler-pacifica-2023-touring","328","200","application/pdf","d2d163a032486720e830985e5c47aeaa497e8166317a28aa4ea7fda870aab417","0.88","v3 retry validation passed 2026-07-26: HTTP 200, application/pdf, %PDF magic, 24836512 bytes, SHA-256 d2d163a032486720e830985e5c47aeaa497e8166317a28aa4ea7fda870aab417. Tier C mirror host manuals.startmycar.com; PDF text identifies Chrysler as publisher and confirms 2023 Pacifica applicability. Same validated document shared from chrysler-pacifica-2023-touring.",""
"1968","chrysler-pacifica-2022-touring","2022","Chrysler","Pacifica","Touring","","volume_minivan","chrysler","fixed_interval","C","https://manuals.startmycar.com/published/Chrysler-Pacifica_2022_EN__8c61fef35e.pdf","","Owner manual / maintenance booklet","Scheduled Maintenance","no","","368","200","application/pdf","3934396a4c2813763a0dd0132c5f7fb123a5b3a108919733e7a60b4cd7cc23b3","0.96","v3 retry validation passed 2026-07-26: HTTP 200, application/pdf, %PDF magic, 25157819 bytes, SHA-256 3934396a4c2813763a0dd0132c5f7fb123a5b3a108919733e7a60b4cd7cc23b3. Tier C mirror host manuals.startmycar.com; PDF text identifies Chrysler as publisher and confirms 2022 Pacifica applicability. Primary validation row for this document.",""
"1969","chrysler-pacifica-2022-touring-l","2022","Chrysler","Pacifica","Touring L","","volume_minivan","chrysler","fixed_interval","C","https://manuals.startmycar.com/published/Chrysler-Pacifica_2022_EN__8c61fef35e.pdf","","Owner manual / maintenance booklet","Scheduled Maintenance","yes","chrysler-pacifica-2022-touring","368","200","application/pdf","3934396a4c2813763a0dd0132c5f7fb123a5b3a108919733e7a60b4cd7cc23b3","0.88","v3 retry validation passed 2026-07-26: HTTP 200, application/pdf, %PDF magic, 25157819 bytes, SHA-256 3934396a4c2813763a0dd0132c5f7fb123a5b3a108919733e7a60b4cd7cc23b3. Tier C mirror host manuals.startmycar.com; PDF text identifies Chrysler as publisher and confirms 2022 Pacifica applicability. Same validated document shared from chrysler-pacifica-2022-touring.",""
"1970","chrysler-pacifica-2022-limited","2022","Chrysler","Pacifica","Limited","","volume_minivan","chrysler","fixed_interval","C","https://manuals.startmycar.com/published/Chrysler-Pacifica_2022_EN__8c61fef35e.pdf","","Owner manual / maintenance booklet","Scheduled Maintenance","yes","chrysler-pacifica-2022-touring","368","200","application/pdf","3934396a4c2813763a0dd0132c5f7fb123a5b3a108919733e7a60b4cd7cc23b3","0.88","v3 retry validation passed 2026-07-26: HTTP 200, application/pdf, %PDF magic, 25157819 bytes, SHA-256 3934396a4c2813763a0dd0132c5f7fb123a5b3a108919733e7a60b4cd7cc23b3. Tier C mirror host manuals.startmycar.com; PDF text identifies Chrysler as publisher and confirms 2022 Pacifica applicability. Same validated document shared from chrysler-pacifica-2022-touring.",""
"1971","chrysler-pacifica-2021-touring","2021","Chrysler","Pacifica","Touring","","volume_minivan","chrysler","fixed_interval","D","","","","","no","","","","","","0.00","v3 OEM-first retry completed 2026-07-26; no uninspected URL promoted.","No direct public US-market Stellantis owner manual PDF with an extractable maintenance schedule was verified for this model year."
"1972","chrysler-pacifica-2021-touring-l","2021","Chrysler","Pacifica","Touring L","","volume_minivan","chrysler","fixed_interval","D","","","","","no","","","","","","0.00","v3 OEM-first retry completed 2026-07-26; no uninspected URL promoted.","No direct public US-market Stellantis owner manual PDF with an extractable maintenance schedule was verified for this model year."
"1973","chrysler-pacifica-2021-limited","2021","Chrysler","Pacifica","Limited","","volume_minivan","chrysler","fixed_interval","D","","","","","no","","","","","","0.00","v3 OEM-first retry completed 2026-07-26; no uninspected URL promoted.","No direct public US-market Stellantis owner manual PDF with an extractable maintenance schedule was verified for this model year."
"1974","chrysler-pacifica-2020-touring","2020","Chrysler","Pacifica","Touring","","volume_minivan","chrysler","fixed_interval","D","","","","","no","","","","","","0.00","v3 OEM-first retry completed 2026-07-26; no uninspected URL promoted.","No direct public US-market Stellantis owner manual PDF with an extractable maintenance schedule was verified for this model year."
"1975","chrysler-pacifica-2020-touring-l","2020","Chrysler","Pacifica","Touring L","","volume_minivan","chrysler","fixed_interval","D","","","","","no","","","","","","0.00","v3 OEM-first retry completed 2026-07-26; no uninspected URL promoted.","No direct public US-market Stellantis owner manual PDF with an extractable maintenance schedule was verified for this model year."
"1976","chrysler-pacifica-2020-limited","2020","Chrysler","Pacifica","Limited","","volume_minivan","chrysler","fixed_interval","D","","","","","no","","","","","","0.00","v3 OEM-first retry completed 2026-07-26; no uninspected URL promoted.","No direct public US-market Stellantis owner manual PDF with an extractable maintenance schedule was verified for this model year."
"1977","mitsubishi-outlander-2025-es","2025","Mitsubishi","Outlander","ES","","volume_suv","mitsubishi","fixed_interval","D","","","","","no","","","","","","0.00","v3 OEM-first retry completed 2026-07-26; no uninspected URL promoted.","No qualifying public US-market OEM or attributable mirror PDF passed byte, identity, and maintenance-section validation for this exact model year/model. Candidate checks: request-failed: fetch failed."
"1978","mitsubishi-outlander-2025-se","2025","Mitsubishi","Outlander","SE","","volume_suv","mitsubishi","fixed_interval","D","","","","","no","","","","","","0.00","v3 OEM-first retry completed 2026-07-26; no uninspected URL promoted.","No qualifying public US-market OEM or attributable mirror PDF passed byte, identity, and maintenance-section validation for this exact model year/model. Candidate checks: request-failed: fetch failed."
"1979","mitsubishi-outlander-2025-sel","2025","Mitsubishi","Outlander","SEL","","volume_suv","mitsubishi","fixed_interval","D","","","","","no","","","","","","0.00","v3 OEM-first retry completed 2026-07-26; no uninspected URL promoted.","No qualifying public US-market OEM or attributable mirror PDF passed byte, identity, and maintenance-section validation for this exact model year/model. Candidate checks: request-failed: fetch failed."
"1980","mitsubishi-outlander-2024-es","2024","Mitsubishi","Outlander","ES","","volume_suv","mitsubishi","fixed_interval","D","","","","","no","","","","","","0.00","v3 OEM-first retry completed 2026-07-26; no uninspected URL promoted.","No qualifying public US-market OEM or attributable mirror PDF passed byte, identity, and maintenance-section validation for this exact model year/model. Candidate checks: request-failed: fetch failed."
"1981","mitsubishi-outlander-2024-se","2024","Mitsubishi","Outlander","SE","","volume_suv","mitsubishi","fixed_interval","D","","","","","no","","","","","","0.00","v3 OEM-first retry completed 2026-07-26; no uninspected URL promoted.","No qualifying public US-market OEM or attributable mirror PDF passed byte, identity, and maintenance-section validation for this exact model year/model. Candidate checks: request-failed: fetch failed."
"1982","mitsubishi-outlander-2024-sel","2024","Mitsubishi","Outlander","SEL","","volume_suv","mitsubishi","fixed_interval","D","","","","","no","","","","","","0.00","v3 OEM-first retry completed 2026-07-26; no uninspected URL promoted.","No qualifying public US-market OEM or attributable mirror PDF passed byte, identity, and maintenance-section validation for this exact model year/model. Candidate checks: request-failed: fetch failed."
"1983","mitsubishi-outlander-2023-es","2023","Mitsubishi","Outlander","ES","","volume_suv","mitsubishi","fixed_interval","D","","","","","no","","","","","","0.00","v3 OEM-first retry completed 2026-07-26; no uninspected URL promoted.","No qualifying public US-market OEM or attributable mirror PDF passed byte, identity, and maintenance-section validation for this exact model year/model. Candidate checks: request-failed: fetch failed."
"1984","mitsubishi-outlander-2023-se","2023","Mitsubishi","Outlander","SE","","volume_suv","mitsubishi","fixed_interval","D","","","","","no","","","","","","0.00","v3 OEM-first retry completed 2026-07-26; no uninspected URL promoted.","No qualifying public US-market OEM or attributable mirror PDF passed byte, identity, and maintenance-section validation for this exact model year/model. Candidate checks: request-failed: fetch failed."
"1985","mitsubishi-outlander-2023-sel","2023","Mitsubishi","Outlander","SEL","","volume_suv","mitsubishi","fixed_interval","D","","","","","no","","","","","","0.00","v3 OEM-first retry completed 2026-07-26; no uninspected URL promoted.","No qualifying public US-market OEM or attributable mirror PDF passed byte, identity, and maintenance-section validation for this exact model year/model. Candidate checks: request-failed: fetch failed."
"1989","mitsubishi-outlander-2021-es","2021","Mitsubishi","Outlander","ES","","volume_suv","mitsubishi","fixed_interval","D","","","","","no","","","","","","0.00","v3 OEM-first retry completed 2026-07-26; no uninspected URL promoted.","No qualifying public US-market OEM or attributable mirror PDF passed byte, identity, and maintenance-section validation for this exact model year/model. Candidate checks: request-failed: fetch failed."
"1990","mitsubishi-outlander-2021-se","2021","Mitsubishi","Outlander","SE","","volume_suv","mitsubishi","fixed_interval","D","","","","","no","","","","","","0.00","v3 OEM-first retry completed 2026-07-26; no uninspected URL promoted.","No qualifying public US-market OEM or attributable mirror PDF passed byte, identity, and maintenance-section validation for this exact model year/model. Candidate checks: request-failed: fetch failed."
"1991","mitsubishi-outlander-2021-sel","2021","Mitsubishi","Outlander","SEL","","volume_suv","mitsubishi","fixed_interval","D","","","","","no","","","","","","0.00","v3 OEM-first retry completed 2026-07-26; no uninspected URL promoted.","No qualifying public US-market OEM or attributable mirror PDF passed byte, identity, and maintenance-section validation for this exact model year/model. Candidate checks: request-failed: fetch failed."
"1992","mitsubishi-outlander-2020-es","2020","Mitsubishi","Outlander","ES","","volume_suv","mitsubishi","fixed_interval","D","","","","","no","","","","","","0.00","v3 OEM-first retry completed 2026-07-26; no uninspected URL promoted.","No qualifying public US-market OEM or attributable mirror PDF passed byte, identity, and maintenance-section validation for this exact model year/model. Candidate checks: request-failed: fetch failed."
"1993","mitsubishi-outlander-2020-se","2020","Mitsubishi","Outlander","SE","","volume_suv","mitsubishi","fixed_interval","D","","","","","no","","","","","","0.00","v3 OEM-first retry completed 2026-07-26; no uninspected URL promoted.","No qualifying public US-market OEM or attributable mirror PDF passed byte, identity, and maintenance-section validation for this exact model year/model. Candidate checks: request-failed: fetch failed."
"1994","mitsubishi-outlander-2020-sel","2020","Mitsubishi","Outlander","SEL","","volume_suv","mitsubishi","fixed_interval","D","","","","","no","","","","","","0.00","v3 OEM-first retry completed 2026-07-26; no uninspected URL promoted.","No qualifying public US-market OEM or attributable mirror PDF passed byte, identity, and maintenance-section validation for this exact model year/model. Candidate checks: request-failed: fetch failed."
