priority,pack_id,year,make,model,trim,powertrain,oem_family,schedule_kind,segment,tier,manual_share_policy,msrp_note,status,ymm
"1","bmw-3-series-2025-330i","2025","BMW","3 Series","330i","","bmw","cbs_condition_based","luxury_sedan","luxury","shared_g20_generation","Under $80k — core 3er","target","2025 BMW 3 Series"
"2","bmw-3-series-2025-330e","2025","BMW","3 Series","330e","","bmw","cbs_condition_based","luxury_sedan","luxury","shared_g20_generation","Under $80k — core 3er","target","2025 BMW 3 Series"
"3","bmw-3-series-2025-m340i","2025","BMW","3 Series","M340i","","bmw","cbs_condition_based","luxury_sedan","luxury","shared_g20_generation","Under $80k — core 3er","target","2025 BMW 3 Series"
"4","bmw-3-series-2024-330i","2024","BMW","3 Series","330i","","bmw","cbs_condition_based","luxury_sedan","luxury","shared_g20_generation","Under $80k — core 3er","target","2024 BMW 3 Series"
"5","bmw-3-series-2024-330e","2024","BMW","3 Series","330e","","bmw","cbs_condition_based","luxury_sedan","luxury","shared_g20_generation","Under $80k — core 3er","target","2024 BMW 3 Series"
"6","bmw-3-series-2024-m340i","2024","BMW","3 Series","M340i","","bmw","cbs_condition_based","luxury_sedan","luxury","shared_g20_generation","Under $80k — core 3er","target","2024 BMW 3 Series"
"7","bmw-3-series-2023-330i","2023","BMW","3 Series","330i","","bmw","cbs_condition_based","luxury_sedan","luxury","shared_g20_generation","Under $80k — core 3er","target","2023 BMW 3 Series"
"8","bmw-3-series-2023-330e","2023","BMW","3 Series","330e","","bmw","cbs_condition_based","luxury_sedan","luxury","shared_g20_generation","Under $80k — core 3er","target","2023 BMW 3 Series"
"9","bmw-3-series-2023-m340i","2023","BMW","3 Series","M340i","","bmw","cbs_condition_based","luxury_sedan","luxury","shared_g20_generation","Under $80k — core 3er","target","2023 BMW 3 Series"
"10","bmw-3-series-2022-330i","2022","BMW","3 Series","330i","","bmw","cbs_condition_based","luxury_sedan","luxury","shared_g20_generation","Under $80k — core 3er","target","2022 BMW 3 Series"
"11","bmw-3-series-2022-330e","2022","BMW","3 Series","330e","","bmw","cbs_condition_based","luxury_sedan","luxury","shared_g20_generation","Under $80k — core 3er","target","2022 BMW 3 Series"
"12","bmw-3-series-2022-m340i","2022","BMW","3 Series","M340i","","bmw","cbs_condition_based","luxury_sedan","luxury","shared_g20_generation","Under $80k — core 3er","target","2022 BMW 3 Series"
"13","bmw-3-series-2021-330i","2021","BMW","3 Series","330i","","bmw","cbs_condition_based","luxury_sedan","luxury","shared_g20_generation","Under $80k — core 3er","target","2021 BMW 3 Series"
"14","bmw-3-series-2021-330e","2021","BMW","3 Series","330e","","bmw","cbs_condition_based","luxury_sedan","luxury","shared_g20_generation","Under $80k — core 3er","target","2021 BMW 3 Series"
"15","bmw-3-series-2021-m340i","2021","BMW","3 Series","M340i","","bmw","cbs_condition_based","luxury_sedan","luxury","shared_g20_generation","Under $80k — core 3er","target","2021 BMW 3 Series"
"16","bmw-3-series-2020-330i","2020","BMW","3 Series","330i","","bmw","cbs_condition_based","luxury_sedan","luxury","shared_g20_generation","Under $80k — core 3er","target","2020 BMW 3 Series"
"17","bmw-3-series-2020-330e","2020","BMW","3 Series","330e","","bmw","cbs_condition_based","luxury_sedan","luxury","shared_g20_generation","Under $80k — core 3er","target","2020 BMW 3 Series"
"18","bmw-3-series-2020-m340i","2020","BMW","3 Series","M340i","","bmw","cbs_condition_based","luxury_sedan","luxury","shared_g20_generation","Under $80k — core 3er","target","2020 BMW 3 Series"
"19","bmw-3-series-2019-330i","2019","BMW","3 Series","330i","","bmw","cbs_condition_based","luxury_sedan","luxury","shared_g20_generation","Under $80k — core 3er","target","2019 BMW 3 Series"
"20","bmw-3-series-2019-330e","2019","BMW","3 Series","330e","","bmw","cbs_condition_based","luxury_sedan","luxury","shared_g20_generation","Under $80k — core 3er","target","2019 BMW 3 Series"
"21","bmw-3-series-2019-m340i","2019","BMW","3 Series","M340i","","bmw","cbs_condition_based","luxury_sedan","luxury","shared_g20_generation","Under $80k — core 3er","target","2019 BMW 3 Series"
"22","bmw-5-series-2025-530i","2025","BMW","5 Series","530i","","bmw","cbs_condition_based","luxury_sedan","luxury","shared_g30_g60_generation","Under $80k — exclude M5","target","2025 BMW 5 Series"
"23","bmw-5-series-2025-530e","2025","BMW","5 Series","530e","","bmw","cbs_condition_based","luxury_sedan","luxury","shared_g30_g60_generation","Under $80k — exclude M5","target","2025 BMW 5 Series"
"24","bmw-5-series-2025-540i","2025","BMW","5 Series","540i","","bmw","cbs_condition_based","luxury_sedan","luxury","shared_g30_g60_generation","Under $80k — exclude M5","target","2025 BMW 5 Series"
"25","bmw-5-series-2024-530i","2024","BMW","5 Series","530i","","bmw","cbs_condition_based","luxury_sedan","luxury","shared_g30_g60_generation","Under $80k — exclude M5","target","2024 BMW 5 Series"
"26","bmw-5-series-2024-530e","2024","BMW","5 Series","530e","","bmw","cbs_condition_based","luxury_sedan","luxury","shared_g30_g60_generation","Under $80k — exclude M5","target","2024 BMW 5 Series"
"27","bmw-5-series-2024-540i","2024","BMW","5 Series","540i","","bmw","cbs_condition_based","luxury_sedan","luxury","shared_g30_g60_generation","Under $80k — exclude M5","target","2024 BMW 5 Series"
"28","bmw-5-series-2023-530i","2023","BMW","5 Series","530i","","bmw","cbs_condition_based","luxury_sedan","luxury","shared_g30_g60_generation","Under $80k — exclude M5","target","2023 BMW 5 Series"
"29","bmw-5-series-2023-530e","2023","BMW","5 Series","530e","","bmw","cbs_condition_based","luxury_sedan","luxury","shared_g30_g60_generation","Under $80k — exclude M5","target","2023 BMW 5 Series"
"30","bmw-5-series-2023-540i","2023","BMW","5 Series","540i","","bmw","cbs_condition_based","luxury_sedan","luxury","shared_g30_g60_generation","Under $80k — exclude M5","target","2023 BMW 5 Series"
"31","bmw-5-series-2022-530i","2022","BMW","5 Series","530i","","bmw","cbs_condition_based","luxury_sedan","luxury","shared_g30_g60_generation","Under $80k — exclude M5","target","2022 BMW 5 Series"
"32","bmw-5-series-2022-530e","2022","BMW","5 Series","530e","","bmw","cbs_condition_based","luxury_sedan","luxury","shared_g30_g60_generation","Under $80k — exclude M5","target","2022 BMW 5 Series"
"33","bmw-5-series-2022-540i","2022","BMW","5 Series","540i","","bmw","cbs_condition_based","luxury_sedan","luxury","shared_g30_g60_generation","Under $80k — exclude M5","target","2022 BMW 5 Series"
"34","bmw-5-series-2021-530i","2021","BMW","5 Series","530i","","bmw","cbs_condition_based","luxury_sedan","luxury","shared_g30_g60_generation","Under $80k — exclude M5","target","2021 BMW 5 Series"
"35","bmw-5-series-2021-530e","2021","BMW","5 Series","530e","","bmw","cbs_condition_based","luxury_sedan","luxury","shared_g30_g60_generation","Under $80k — exclude M5","target","2021 BMW 5 Series"
"36","bmw-5-series-2021-540i","2021","BMW","5 Series","540i","","bmw","cbs_condition_based","luxury_sedan","luxury","shared_g30_g60_generation","Under $80k — exclude M5","target","2021 BMW 5 Series"
"37","bmw-5-series-2020-530i","2020","BMW","5 Series","530i","","bmw","cbs_condition_based","luxury_sedan","luxury","shared_g30_g60_generation","Under $80k — exclude M5","target","2020 BMW 5 Series"
"38","bmw-5-series-2020-530e","2020","BMW","5 Series","530e","","bmw","cbs_condition_based","luxury_sedan","luxury","shared_g30_g60_generation","Under $80k — exclude M5","target","2020 BMW 5 Series"
"39","bmw-5-series-2020-540i","2020","BMW","5 Series","540i","","bmw","cbs_condition_based","luxury_sedan","luxury","shared_g30_g60_generation","Under $80k — exclude M5","target","2020 BMW 5 Series"
"40","bmw-5-series-2019-530i","2019","BMW","5 Series","530i","","bmw","cbs_condition_based","luxury_sedan","luxury","shared_g30_g60_generation","Under $80k — exclude M5","target","2019 BMW 5 Series"
"41","bmw-5-series-2019-530e","2019","BMW","5 Series","530e","","bmw","cbs_condition_based","luxury_sedan","luxury","shared_g30_g60_generation","Under $80k — exclude M5","target","2019 BMW 5 Series"
"42","bmw-5-series-2019-540i","2019","BMW","5 Series","540i","","bmw","cbs_condition_based","luxury_sedan","luxury","shared_g30_g60_generation","Under $80k — exclude M5","target","2019 BMW 5 Series"
"43","bmw-5-series-2018-530i","2018","BMW","5 Series","530i","","bmw","cbs_condition_based","luxury_sedan","luxury","shared_g30_g60_generation","Under $80k — exclude M5","target","2018 BMW 5 Series"
"44","bmw-5-series-2018-530e","2018","BMW","5 Series","530e","","bmw","cbs_condition_based","luxury_sedan","luxury","shared_g30_g60_generation","Under $80k — exclude M5","target","2018 BMW 5 Series"
"45","bmw-5-series-2018-540i","2018","BMW","5 Series","540i","","bmw","cbs_condition_based","luxury_sedan","luxury","shared_g30_g60_generation","Under $80k — exclude M5","target","2018 BMW 5 Series"
"46","bmw-2-series-2025-230i","2025","BMW","2 Series","230i","","bmw","cbs_condition_based","luxury_sedan","luxury","shared_within_model_year","Gran Coupe / coupe under $80k","target","2025 BMW 2 Series"
"47","bmw-2-series-2025-m235i-xdrive","2025","BMW","2 Series","M235i xDrive","","bmw","cbs_condition_based","luxury_sedan","luxury","shared_within_model_year","Gran Coupe / coupe under $80k","target","2025 BMW 2 Series"
"48","bmw-2-series-2024-230i","2024","BMW","2 Series","230i","","bmw","cbs_condition_based","luxury_sedan","luxury","shared_within_model_year","Gran Coupe / coupe under $80k","target","2024 BMW 2 Series"
"49","bmw-2-series-2024-m235i-xdrive","2024","BMW","2 Series","M235i xDrive","","bmw","cbs_condition_based","luxury_sedan","luxury","shared_within_model_year","Gran Coupe / coupe under $80k","target","2024 BMW 2 Series"
"50","bmw-2-series-2023-230i","2023","BMW","2 Series","230i","","bmw","cbs_condition_based","luxury_sedan","luxury","shared_within_model_year","Gran Coupe / coupe under $80k","target","2023 BMW 2 Series"
"51","bmw-2-series-2023-m235i-xdrive","2023","BMW","2 Series","M235i xDrive","","bmw","cbs_condition_based","luxury_sedan","luxury","shared_within_model_year","Gran Coupe / coupe under $80k","target","2023 BMW 2 Series"
"52","bmw-2-series-2022-230i","2022","BMW","2 Series","230i","","bmw","cbs_condition_based","luxury_sedan","luxury","shared_within_model_year","Gran Coupe / coupe under $80k","target","2022 BMW 2 Series"
"53","bmw-2-series-2022-m235i-xdrive","2022","BMW","2 Series","M235i xDrive","","bmw","cbs_condition_based","luxury_sedan","luxury","shared_within_model_year","Gran Coupe / coupe under $80k","target","2022 BMW 2 Series"
"54","bmw-2-series-2021-230i","2021","BMW","2 Series","230i","","bmw","cbs_condition_based","luxury_sedan","luxury","shared_within_model_year","Gran Coupe / coupe under $80k","target","2021 BMW 2 Series"
"55","bmw-2-series-2021-m235i-xdrive","2021","BMW","2 Series","M235i xDrive","","bmw","cbs_condition_based","luxury_sedan","luxury","shared_within_model_year","Gran Coupe / coupe under $80k","target","2021 BMW 2 Series"
"56","bmw-2-series-2020-230i","2020","BMW","2 Series","230i","","bmw","cbs_condition_based","luxury_sedan","luxury","shared_within_model_year","Gran Coupe / coupe under $80k","target","2020 BMW 2 Series"
"57","bmw-2-series-2020-m235i-xdrive","2020","BMW","2 Series","M235i xDrive","","bmw","cbs_condition_based","luxury_sedan","luxury","shared_within_model_year","Gran Coupe / coupe under $80k","target","2020 BMW 2 Series"
"58","bmw-4-series-2025-430i","2025","BMW","4 Series","430i","","bmw","cbs_condition_based","luxury_sedan","luxury","shared_g22_generation","Under $80k","target","2025 BMW 4 Series"
"59","bmw-4-series-2025-m440i","2025","BMW","4 Series","M440i","","bmw","cbs_condition_based","luxury_sedan","luxury","shared_g22_generation","Under $80k","target","2025 BMW 4 Series"
"60","bmw-4-series-2024-430i","2024","BMW","4 Series","430i","","bmw","cbs_condition_based","luxury_sedan","luxury","shared_g22_generation","Under $80k","target","2024 BMW 4 Series"
"61","bmw-4-series-2024-m440i","2024","BMW","4 Series","M440i","","bmw","cbs_condition_based","luxury_sedan","luxury","shared_g22_generation","Under $80k","target","2024 BMW 4 Series"
"62","bmw-4-series-2023-430i","2023","BMW","4 Series","430i","","bmw","cbs_condition_based","luxury_sedan","luxury","shared_g22_generation","Under $80k","target","2023 BMW 4 Series"
"63","bmw-4-series-2023-m440i","2023","BMW","4 Series","M440i","","bmw","cbs_condition_based","luxury_sedan","luxury","shared_g22_generation","Under $80k","target","2023 BMW 4 Series"
"64","bmw-4-series-2022-430i","2022","BMW","4 Series","430i","","bmw","cbs_condition_based","luxury_sedan","luxury","shared_g22_generation","Under $80k","target","2022 BMW 4 Series"
"65","bmw-4-series-2022-m440i","2022","BMW","4 Series","M440i","","bmw","cbs_condition_based","luxury_sedan","luxury","shared_g22_generation","Under $80k","target","2022 BMW 4 Series"
"66","bmw-4-series-2021-430i","2021","BMW","4 Series","430i","","bmw","cbs_condition_based","luxury_sedan","luxury","shared_g22_generation","Under $80k","target","2021 BMW 4 Series"
"67","bmw-4-series-2021-m440i","2021","BMW","4 Series","M440i","","bmw","cbs_condition_based","luxury_sedan","luxury","shared_g22_generation","Under $80k","target","2021 BMW 4 Series"
"68","bmw-x1-2025-sdrive28i","2025","BMW","X1","sDrive28i","","bmw","cbs_condition_based","luxury_suv","luxury","shared_within_generation","","target","2025 BMW X1"
"69","bmw-x1-2025-xdrive28i","2025","BMW","X1","xDrive28i","","bmw","cbs_condition_based","luxury_suv","luxury","shared_within_generation","","target","2025 BMW X1"
"70","bmw-x1-2024-sdrive28i","2024","BMW","X1","sDrive28i","","bmw","cbs_condition_based","luxury_suv","luxury","shared_within_generation","","target","2024 BMW X1"
"71","bmw-x1-2024-xdrive28i","2024","BMW","X1","xDrive28i","","bmw","cbs_condition_based","luxury_suv","luxury","shared_within_generation","","target","2024 BMW X1"
"72","bmw-x1-2023-sdrive28i","2023","BMW","X1","sDrive28i","","bmw","cbs_condition_based","luxury_suv","luxury","shared_within_generation","","target","2023 BMW X1"
"73","bmw-x1-2023-xdrive28i","2023","BMW","X1","xDrive28i","","bmw","cbs_condition_based","luxury_suv","luxury","shared_within_generation","","target","2023 BMW X1"
"74","bmw-x1-2022-sdrive28i","2022","BMW","X1","sDrive28i","","bmw","cbs_condition_based","luxury_suv","luxury","shared_within_generation","","target","2022 BMW X1"
"75","bmw-x1-2022-xdrive28i","2022","BMW","X1","xDrive28i","","bmw","cbs_condition_based","luxury_suv","luxury","shared_within_generation","","target","2022 BMW X1"
"76","bmw-x1-2021-sdrive28i","2021","BMW","X1","sDrive28i","","bmw","cbs_condition_based","luxury_suv","luxury","shared_within_generation","","target","2021 BMW X1"
"77","bmw-x1-2021-xdrive28i","2021","BMW","X1","xDrive28i","","bmw","cbs_condition_based","luxury_suv","luxury","shared_within_generation","","target","2021 BMW X1"
"78","bmw-x1-2020-sdrive28i","2020","BMW","X1","sDrive28i","","bmw","cbs_condition_based","luxury_suv","luxury","shared_within_generation","","target","2020 BMW X1"
"79","bmw-x1-2020-xdrive28i","2020","BMW","X1","xDrive28i","","bmw","cbs_condition_based","luxury_suv","luxury","shared_within_generation","","target","2020 BMW X1"
"80","bmw-x1-2019-sdrive28i","2019","BMW","X1","sDrive28i","","bmw","cbs_condition_based","luxury_suv","luxury","shared_within_generation","","target","2019 BMW X1"
"81","bmw-x1-2019-xdrive28i","2019","BMW","X1","xDrive28i","","bmw","cbs_condition_based","luxury_suv","luxury","shared_within_generation","","target","2019 BMW X1"
"82","bmw-x1-2018-sdrive28i","2018","BMW","X1","sDrive28i","","bmw","cbs_condition_based","luxury_suv","luxury","shared_within_generation","","target","2018 BMW X1"
"83","bmw-x1-2018-xdrive28i","2018","BMW","X1","xDrive28i","","bmw","cbs_condition_based","luxury_suv","luxury","shared_within_generation","","target","2018 BMW X1"
"84","bmw-x2-2023-sdrive28i","2023","BMW","X2","sDrive28i","","bmw","cbs_condition_based","luxury_suv","luxury","shared_within_generation","","target","2023 BMW X2"
"85","bmw-x2-2023-xdrive28i","2023","BMW","X2","xDrive28i","","bmw","cbs_condition_based","luxury_suv","luxury","shared_within_generation","","target","2023 BMW X2"
"86","bmw-x2-2023-m35i","2023","BMW","X2","M35i","","bmw","cbs_condition_based","luxury_suv","luxury","shared_within_generation","","target","2023 BMW X2"
"87","bmw-x2-2022-sdrive28i","2022","BMW","X2","sDrive28i","","bmw","cbs_condition_based","luxury_suv","luxury","shared_within_generation","","target","2022 BMW X2"
"88","bmw-x2-2022-xdrive28i","2022","BMW","X2","xDrive28i","","bmw","cbs_condition_based","luxury_suv","luxury","shared_within_generation","","target","2022 BMW X2"
"89","bmw-x2-2022-m35i","2022","BMW","X2","M35i","","bmw","cbs_condition_based","luxury_suv","luxury","shared_within_generation","","target","2022 BMW X2"
"90","bmw-x2-2021-sdrive28i","2021","BMW","X2","sDrive28i","","bmw","cbs_condition_based","luxury_suv","luxury","shared_within_generation","","target","2021 BMW X2"
"91","bmw-x2-2021-xdrive28i","2021","BMW","X2","xDrive28i","","bmw","cbs_condition_based","luxury_suv","luxury","shared_within_generation","","target","2021 BMW X2"
"92","bmw-x2-2021-m35i","2021","BMW","X2","M35i","","bmw","cbs_condition_based","luxury_suv","luxury","shared_within_generation","","target","2021 BMW X2"
"93","bmw-x2-2020-sdrive28i","2020","BMW","X2","sDrive28i","","bmw","cbs_condition_based","luxury_suv","luxury","shared_within_generation","","target","2020 BMW X2"
"94","bmw-x2-2020-xdrive28i","2020","BMW","X2","xDrive28i","","bmw","cbs_condition_based","luxury_suv","luxury","shared_within_generation","","target","2020 BMW X2"
"95","bmw-x2-2020-m35i","2020","BMW","X2","M35i","","bmw","cbs_condition_based","luxury_suv","luxury","shared_within_generation","","target","2020 BMW X2"
"96","bmw-x2-2019-sdrive28i","2019","BMW","X2","sDrive28i","","bmw","cbs_condition_based","luxury_suv","luxury","shared_within_generation","","target","2019 BMW X2"
"97","bmw-x2-2019-xdrive28i","2019","BMW","X2","xDrive28i","","bmw","cbs_condition_based","luxury_suv","luxury","shared_within_generation","","target","2019 BMW X2"
"98","bmw-x2-2019-m35i","2019","BMW","X2","M35i","","bmw","cbs_condition_based","luxury_suv","luxury","shared_within_generation","","target","2019 BMW X2"
"99","bmw-x2-2018-sdrive28i","2018","BMW","X2","sDrive28i","","bmw","cbs_condition_based","luxury_suv","luxury","shared_within_generation","","target","2018 BMW X2"
"100","bmw-x2-2018-xdrive28i","2018","BMW","X2","xDrive28i","","bmw","cbs_condition_based","luxury_suv","luxury","shared_within_generation","","target","2018 BMW X2"
"101","bmw-x2-2018-m35i","2018","BMW","X2","M35i","","bmw","cbs_condition_based","luxury_suv","luxury","shared_within_generation","","target","2018 BMW X2"
"102","bmw-x3-2025-sdrive30i","2025","BMW","X3","sDrive30i","","bmw","cbs_condition_based","luxury_suv","luxury","shared_g01_generation","Best-selling BMW SUV","target","2025 BMW X3"
"103","bmw-x3-2025-xdrive30i","2025","BMW","X3","xDrive30i","","bmw","cbs_condition_based","luxury_suv","luxury","shared_g01_generation","Best-selling BMW SUV","target","2025 BMW X3"
"104","bmw-x3-2025-m40i","2025","BMW","X3","M40i","","bmw","cbs_condition_based","luxury_suv","luxury","shared_g01_generation","Best-selling BMW SUV","target","2025 BMW X3"
"105","bmw-x3-2024-sdrive30i","2024","BMW","X3","sDrive30i","","bmw","cbs_condition_based","luxury_suv","luxury","shared_g01_generation","Best-selling BMW SUV","target","2024 BMW X3"
"106","bmw-x3-2024-xdrive30i","2024","BMW","X3","xDrive30i","","bmw","cbs_condition_based","luxury_suv","luxury","shared_g01_generation","Best-selling BMW SUV","target","2024 BMW X3"
"107","bmw-x3-2024-m40i","2024","BMW","X3","M40i","","bmw","cbs_condition_based","luxury_suv","luxury","shared_g01_generation","Best-selling BMW SUV","target","2024 BMW X3"
"108","bmw-x3-2023-sdrive30i","2023","BMW","X3","sDrive30i","","bmw","cbs_condition_based","luxury_suv","luxury","shared_g01_generation","Best-selling BMW SUV","target","2023 BMW X3"
"109","bmw-x3-2023-xdrive30i","2023","BMW","X3","xDrive30i","","bmw","cbs_condition_based","luxury_suv","luxury","shared_g01_generation","Best-selling BMW SUV","target","2023 BMW X3"
"110","bmw-x3-2023-m40i","2023","BMW","X3","M40i","","bmw","cbs_condition_based","luxury_suv","luxury","shared_g01_generation","Best-selling BMW SUV","target","2023 BMW X3"
"111","bmw-x3-2022-sdrive30i","2022","BMW","X3","sDrive30i","","bmw","cbs_condition_based","luxury_suv","luxury","shared_g01_generation","Best-selling BMW SUV","target","2022 BMW X3"
"112","bmw-x3-2022-xdrive30i","2022","BMW","X3","xDrive30i","","bmw","cbs_condition_based","luxury_suv","luxury","shared_g01_generation","Best-selling BMW SUV","target","2022 BMW X3"
"113","bmw-x3-2022-m40i","2022","BMW","X3","M40i","","bmw","cbs_condition_based","luxury_suv","luxury","shared_g01_generation","Best-selling BMW SUV","target","2022 BMW X3"
"114","bmw-x3-2021-sdrive30i","2021","BMW","X3","sDrive30i","","bmw","cbs_condition_based","luxury_suv","luxury","shared_g01_generation","Best-selling BMW SUV","target","2021 BMW X3"
"115","bmw-x3-2021-xdrive30i","2021","BMW","X3","xDrive30i","","bmw","cbs_condition_based","luxury_suv","luxury","shared_g01_generation","Best-selling BMW SUV","target","2021 BMW X3"
"116","bmw-x3-2021-m40i","2021","BMW","X3","M40i","","bmw","cbs_condition_based","luxury_suv","luxury","shared_g01_generation","Best-selling BMW SUV","target","2021 BMW X3"
"117","bmw-x3-2020-sdrive30i","2020","BMW","X3","sDrive30i","","bmw","cbs_condition_based","luxury_suv","luxury","shared_g01_generation","Best-selling BMW SUV","target","2020 BMW X3"
"118","bmw-x3-2020-xdrive30i","2020","BMW","X3","xDrive30i","","bmw","cbs_condition_based","luxury_suv","luxury","shared_g01_generation","Best-selling BMW SUV","target","2020 BMW X3"
"119","bmw-x3-2020-m40i","2020","BMW","X3","M40i","","bmw","cbs_condition_based","luxury_suv","luxury","shared_g01_generation","Best-selling BMW SUV","target","2020 BMW X3"
"120","bmw-x3-2019-sdrive30i","2019","BMW","X3","sDrive30i","","bmw","cbs_condition_based","luxury_suv","luxury","shared_g01_generation","Best-selling BMW SUV","target","2019 BMW X3"
"121","bmw-x3-2019-xdrive30i","2019","BMW","X3","xDrive30i","","bmw","cbs_condition_based","luxury_suv","luxury","shared_g01_generation","Best-selling BMW SUV","target","2019 BMW X3"
"122","bmw-x3-2019-m40i","2019","BMW","X3","M40i","","bmw","cbs_condition_based","luxury_suv","luxury","shared_g01_generation","Best-selling BMW SUV","target","2019 BMW X3"
"123","bmw-x3-2018-sdrive30i","2018","BMW","X3","sDrive30i","","bmw","cbs_condition_based","luxury_suv","luxury","shared_g01_generation","Best-selling BMW SUV","target","2018 BMW X3"
"124","bmw-x3-2018-xdrive30i","2018","BMW","X3","xDrive30i","","bmw","cbs_condition_based","luxury_suv","luxury","shared_g01_generation","Best-selling BMW SUV","target","2018 BMW X3"
"125","bmw-x3-2018-m40i","2018","BMW","X3","M40i","","bmw","cbs_condition_based","luxury_suv","luxury","shared_g01_generation","Best-selling BMW SUV","target","2018 BMW X3"
"126","bmw-x4-2025-xdrive30i","2025","BMW","X4","xDrive30i","","bmw","cbs_condition_based","luxury_suv","luxury","shared_with_x3_schedule","","target","2025 BMW X4"
"127","bmw-x4-2025-m40i","2025","BMW","X4","M40i","","bmw","cbs_condition_based","luxury_suv","luxury","shared_with_x3_schedule","","target","2025 BMW X4"
"128","bmw-x4-2024-xdrive30i","2024","BMW","X4","xDrive30i","","bmw","cbs_condition_based","luxury_suv","luxury","shared_with_x3_schedule","","target","2024 BMW X4"
"129","bmw-x4-2024-m40i","2024","BMW","X4","M40i","","bmw","cbs_condition_based","luxury_suv","luxury","shared_with_x3_schedule","","target","2024 BMW X4"
"130","bmw-x4-2023-xdrive30i","2023","BMW","X4","xDrive30i","","bmw","cbs_condition_based","luxury_suv","luxury","shared_with_x3_schedule","","target","2023 BMW X4"
"131","bmw-x4-2023-m40i","2023","BMW","X4","M40i","","bmw","cbs_condition_based","luxury_suv","luxury","shared_with_x3_schedule","","target","2023 BMW X4"
"132","bmw-x4-2022-xdrive30i","2022","BMW","X4","xDrive30i","","bmw","cbs_condition_based","luxury_suv","luxury","shared_with_x3_schedule","","target","2022 BMW X4"
"133","bmw-x4-2022-m40i","2022","BMW","X4","M40i","","bmw","cbs_condition_based","luxury_suv","luxury","shared_with_x3_schedule","","target","2022 BMW X4"
"134","bmw-x4-2021-xdrive30i","2021","BMW","X4","xDrive30i","","bmw","cbs_condition_based","luxury_suv","luxury","shared_with_x3_schedule","","target","2021 BMW X4"
"135","bmw-x4-2021-m40i","2021","BMW","X4","M40i","","bmw","cbs_condition_based","luxury_suv","luxury","shared_with_x3_schedule","","target","2021 BMW X4"
"136","bmw-x4-2020-xdrive30i","2020","BMW","X4","xDrive30i","","bmw","cbs_condition_based","luxury_suv","luxury","shared_with_x3_schedule","","target","2020 BMW X4"
"137","bmw-x4-2020-m40i","2020","BMW","X4","M40i","","bmw","cbs_condition_based","luxury_suv","luxury","shared_with_x3_schedule","","target","2020 BMW X4"
"138","bmw-x4-2019-xdrive30i","2019","BMW","X4","xDrive30i","","bmw","cbs_condition_based","luxury_suv","luxury","shared_with_x3_schedule","","target","2019 BMW X4"
"139","bmw-x4-2019-m40i","2019","BMW","X4","M40i","","bmw","cbs_condition_based","luxury_suv","luxury","shared_with_x3_schedule","","target","2019 BMW X4"
"140","bmw-x5-2025-sdrive40i","2025","BMW","X5","sDrive40i","","bmw","cbs_condition_based","luxury_suv","luxury","shared_g05_generation","Base/xDrive40i under $80k; M60i excluded","target","2025 BMW X5"
"141","bmw-x5-2025-xdrive40i","2025","BMW","X5","xDrive40i","","bmw","cbs_condition_based","luxury_suv","luxury","shared_g05_generation","Base/xDrive40i under $80k; M60i excluded","target","2025 BMW X5"
"142","bmw-x5-2025-xdrive50e","2025","BMW","X5","xDrive50e","","bmw","cbs_condition_based","luxury_suv","luxury","shared_g05_generation","Base/xDrive40i under $80k; M60i excluded","target","2025 BMW X5"
"143","bmw-x5-2024-sdrive40i","2024","BMW","X5","sDrive40i","","bmw","cbs_condition_based","luxury_suv","luxury","shared_g05_generation","Base/xDrive40i under $80k; M60i excluded","target","2024 BMW X5"
"144","bmw-x5-2024-xdrive40i","2024","BMW","X5","xDrive40i","","bmw","cbs_condition_based","luxury_suv","luxury","shared_g05_generation","Base/xDrive40i under $80k; M60i excluded","target","2024 BMW X5"
"145","bmw-x5-2024-xdrive50e","2024","BMW","X5","xDrive50e","","bmw","cbs_condition_based","luxury_suv","luxury","shared_g05_generation","Base/xDrive40i under $80k; M60i excluded","target","2024 BMW X5"
"146","bmw-x5-2023-sdrive40i","2023","BMW","X5","sDrive40i","","bmw","cbs_condition_based","luxury_suv","luxury","shared_g05_generation","Base/xDrive40i under $80k; M60i excluded","target","2023 BMW X5"
"147","bmw-x5-2023-xdrive40i","2023","BMW","X5","xDrive40i","","bmw","cbs_condition_based","luxury_suv","luxury","shared_g05_generation","Base/xDrive40i under $80k; M60i excluded","target","2023 BMW X5"
"148","bmw-x5-2023-xdrive50e","2023","BMW","X5","xDrive50e","","bmw","cbs_condition_based","luxury_suv","luxury","shared_g05_generation","Base/xDrive40i under $80k; M60i excluded","target","2023 BMW X5"
"149","bmw-x5-2022-sdrive40i","2022","BMW","X5","sDrive40i","","bmw","cbs_condition_based","luxury_suv","luxury","shared_g05_generation","Base/xDrive40i under $80k; M60i excluded","target","2022 BMW X5"
"150","bmw-x5-2022-xdrive40i","2022","BMW","X5","xDrive40i","","bmw","cbs_condition_based","luxury_suv","luxury","shared_g05_generation","Base/xDrive40i under $80k; M60i excluded","target","2022 BMW X5"
"151","bmw-x5-2022-xdrive50e","2022","BMW","X5","xDrive50e","","bmw","cbs_condition_based","luxury_suv","luxury","shared_g05_generation","Base/xDrive40i under $80k; M60i excluded","target","2022 BMW X5"
"152","bmw-x5-2021-sdrive40i","2021","BMW","X5","sDrive40i","","bmw","cbs_condition_based","luxury_suv","luxury","shared_g05_generation","Base/xDrive40i under $80k; M60i excluded","target","2021 BMW X5"
"153","bmw-x5-2021-xdrive40i","2021","BMW","X5","xDrive40i","","bmw","cbs_condition_based","luxury_suv","luxury","shared_g05_generation","Base/xDrive40i under $80k; M60i excluded","target","2021 BMW X5"
"154","bmw-x5-2021-xdrive50e","2021","BMW","X5","xDrive50e","","bmw","cbs_condition_based","luxury_suv","luxury","shared_g05_generation","Base/xDrive40i under $80k; M60i excluded","target","2021 BMW X5"
"155","bmw-x5-2020-sdrive40i","2020","BMW","X5","sDrive40i","","bmw","cbs_condition_based","luxury_suv","luxury","shared_g05_generation","Base/xDrive40i under $80k; M60i excluded","target","2020 BMW X5"
"156","bmw-x5-2020-xdrive40i","2020","BMW","X5","xDrive40i","","bmw","cbs_condition_based","luxury_suv","luxury","shared_g05_generation","Base/xDrive40i under $80k; M60i excluded","target","2020 BMW X5"
"157","bmw-x5-2020-xdrive50e","2020","BMW","X5","xDrive50e","","bmw","cbs_condition_based","luxury_suv","luxury","shared_g05_generation","Base/xDrive40i under $80k; M60i excluded","target","2020 BMW X5"
"158","bmw-x5-2019-sdrive40i","2019","BMW","X5","sDrive40i","","bmw","cbs_condition_based","luxury_suv","luxury","shared_g05_generation","Base/xDrive40i under $80k; M60i excluded","target","2019 BMW X5"
"159","bmw-x5-2019-xdrive40i","2019","BMW","X5","xDrive40i","","bmw","cbs_condition_based","luxury_suv","luxury","shared_g05_generation","Base/xDrive40i under $80k; M60i excluded","target","2019 BMW X5"
"160","bmw-x5-2019-xdrive50e","2019","BMW","X5","xDrive50e","","bmw","cbs_condition_based","luxury_suv","luxury","shared_g05_generation","Base/xDrive40i under $80k; M60i excluded","target","2019 BMW X5"
"161","bmw-x6-2025-xdrive40i","2025","BMW","X6","xDrive40i","","bmw","cbs_condition_based","luxury_suv","luxury","shared_with_x5_schedule","","target","2025 BMW X6"
"162","bmw-x6-2025-m40i","2025","BMW","X6","M40i","","bmw","cbs_condition_based","luxury_suv","luxury","shared_with_x5_schedule","","target","2025 BMW X6"
"163","bmw-x6-2024-xdrive40i","2024","BMW","X6","xDrive40i","","bmw","cbs_condition_based","luxury_suv","luxury","shared_with_x5_schedule","","target","2024 BMW X6"
"164","bmw-x6-2024-m40i","2024","BMW","X6","M40i","","bmw","cbs_condition_based","luxury_suv","luxury","shared_with_x5_schedule","","target","2024 BMW X6"
"165","bmw-x6-2023-xdrive40i","2023","BMW","X6","xDrive40i","","bmw","cbs_condition_based","luxury_suv","luxury","shared_with_x5_schedule","","target","2023 BMW X6"
"166","bmw-x6-2023-m40i","2023","BMW","X6","M40i","","bmw","cbs_condition_based","luxury_suv","luxury","shared_with_x5_schedule","","target","2023 BMW X6"
"167","bmw-x6-2022-xdrive40i","2022","BMW","X6","xDrive40i","","bmw","cbs_condition_based","luxury_suv","luxury","shared_with_x5_schedule","","target","2022 BMW X6"
"168","bmw-x6-2022-m40i","2022","BMW","X6","M40i","","bmw","cbs_condition_based","luxury_suv","luxury","shared_with_x5_schedule","","target","2022 BMW X6"
"169","bmw-x6-2021-xdrive40i","2021","BMW","X6","xDrive40i","","bmw","cbs_condition_based","luxury_suv","luxury","shared_with_x5_schedule","","target","2021 BMW X6"
"170","bmw-x6-2021-m40i","2021","BMW","X6","M40i","","bmw","cbs_condition_based","luxury_suv","luxury","shared_with_x5_schedule","","target","2021 BMW X6"
"171","bmw-x6-2020-xdrive40i","2020","BMW","X6","xDrive40i","","bmw","cbs_condition_based","luxury_suv","luxury","shared_with_x5_schedule","","target","2020 BMW X6"
"172","bmw-x6-2020-m40i","2020","BMW","X6","M40i","","bmw","cbs_condition_based","luxury_suv","luxury","shared_with_x5_schedule","","target","2020 BMW X6"
"173","bmw-x7-2025-xdrive40i","2025","BMW","X7","xDrive40i","","bmw","cbs_condition_based","luxury_suv","luxury","shared_within_generation","xDrive40i only — base MSRP near ceiling","target","2025 BMW X7"
"174","bmw-x7-2024-xdrive40i","2024","BMW","X7","xDrive40i","","bmw","cbs_condition_based","luxury_suv","luxury","shared_within_generation","xDrive40i only — base MSRP near ceiling","target","2024 BMW X7"
"175","bmw-x7-2023-xdrive40i","2023","BMW","X7","xDrive40i","","bmw","cbs_condition_based","luxury_suv","luxury","shared_within_generation","xDrive40i only — base MSRP near ceiling","target","2023 BMW X7"
"176","bmw-x7-2022-xdrive40i","2022","BMW","X7","xDrive40i","","bmw","cbs_condition_based","luxury_suv","luxury","shared_within_generation","xDrive40i only — base MSRP near ceiling","target","2022 BMW X7"
"177","bmw-x7-2021-xdrive40i","2021","BMW","X7","xDrive40i","","bmw","cbs_condition_based","luxury_suv","luxury","shared_within_generation","xDrive40i only — base MSRP near ceiling","target","2021 BMW X7"
"178","bmw-x7-2020-xdrive40i","2020","BMW","X7","xDrive40i","","bmw","cbs_condition_based","luxury_suv","luxury","shared_within_generation","xDrive40i only — base MSRP near ceiling","target","2020 BMW X7"
"179","bmw-x7-2019-xdrive40i","2019","BMW","X7","xDrive40i","","bmw","cbs_condition_based","luxury_suv","luxury","shared_within_generation","xDrive40i only — base MSRP near ceiling","target","2019 BMW X7"
"180","bmw-i4-2025-edrive35","2025","BMW","i4","eDrive35","","bmw","ev_simplified","luxury_ev","luxury","shared_within_model_year","","target","2025 BMW i4"
"181","bmw-i4-2025-edrive40","2025","BMW","i4","eDrive40","","bmw","ev_simplified","luxury_ev","luxury","shared_within_model_year","","target","2025 BMW i4"
"182","bmw-i4-2025-xdrive40","2025","BMW","i4","xDrive40","","bmw","ev_simplified","luxury_ev","luxury","shared_within_model_year","","target","2025 BMW i4"
"183","bmw-i4-2024-edrive35","2024","BMW","i4","eDrive35","","bmw","ev_simplified","luxury_ev","luxury","shared_within_model_year","","target","2024 BMW i4"
"184","bmw-i4-2024-edrive40","2024","BMW","i4","eDrive40","","bmw","ev_simplified","luxury_ev","luxury","shared_within_model_year","","target","2024 BMW i4"
"185","bmw-i4-2024-xdrive40","2024","BMW","i4","xDrive40","","bmw","ev_simplified","luxury_ev","luxury","shared_within_model_year","","target","2024 BMW i4"
"186","bmw-i4-2023-edrive35","2023","BMW","i4","eDrive35","","bmw","ev_simplified","luxury_ev","luxury","shared_within_model_year","","target","2023 BMW i4"
"187","bmw-i4-2023-edrive40","2023","BMW","i4","eDrive40","","bmw","ev_simplified","luxury_ev","luxury","shared_within_model_year","","target","2023 BMW i4"
"188","bmw-i4-2023-xdrive40","2023","BMW","i4","xDrive40","","bmw","ev_simplified","luxury_ev","luxury","shared_within_model_year","","target","2023 BMW i4"
"189","bmw-i4-2022-edrive35","2022","BMW","i4","eDrive35","","bmw","ev_simplified","luxury_ev","luxury","shared_within_model_year","","target","2022 BMW i4"
"190","bmw-i4-2022-edrive40","2022","BMW","i4","eDrive40","","bmw","ev_simplified","luxury_ev","luxury","shared_within_model_year","","target","2022 BMW i4"
"191","bmw-i4-2022-xdrive40","2022","BMW","i4","xDrive40","","bmw","ev_simplified","luxury_ev","luxury","shared_within_model_year","","target","2022 BMW i4"
"192","bmw-i5-2025-edrive40","2025","BMW","i5","eDrive40","","bmw","ev_simplified","luxury_ev","luxury","shared_with_5_series","","target","2025 BMW i5"
"193","bmw-i5-2025-xdrive40","2025","BMW","i5","xDrive40","","bmw","ev_simplified","luxury_ev","luxury","shared_with_5_series","","target","2025 BMW i5"
"194","bmw-i5-2024-edrive40","2024","BMW","i5","eDrive40","","bmw","ev_simplified","luxury_ev","luxury","shared_with_5_series","","target","2024 BMW i5"
"195","bmw-i5-2024-xdrive40","2024","BMW","i5","xDrive40","","bmw","ev_simplified","luxury_ev","luxury","shared_with_5_series","","target","2024 BMW i5"
"196","bmw-ix-2025-xdrive50","2025","BMW","iX","xDrive50","","bmw","ev_simplified","luxury_ev","luxury","shared_within_model_year","Exclude M60","target","2025 BMW iX"
"197","bmw-ix-2024-xdrive50","2024","BMW","iX","xDrive50","","bmw","ev_simplified","luxury_ev","luxury","shared_within_model_year","Exclude M60","target","2024 BMW iX"
"198","bmw-ix-2023-xdrive50","2023","BMW","iX","xDrive50","","bmw","ev_simplified","luxury_ev","luxury","shared_within_model_year","Exclude M60","target","2023 BMW iX"
"199","bmw-ix-2022-xdrive50","2022","BMW","iX","xDrive50","","bmw","ev_simplified","luxury_ev","luxury","shared_within_model_year","Exclude M60","target","2022 BMW iX"
"200","bmw-ix3-2023-m-sport","2023","BMW","iX3","M Sport","","bmw","ev_simplified","luxury_ev","luxury","shared_with_x3_schedule","","target","2023 BMW iX3"
"201","bmw-ix3-2022-m-sport","2022","BMW","iX3","M Sport","","bmw","ev_simplified","luxury_ev","luxury","shared_with_x3_schedule","","target","2022 BMW iX3"
"202","bmw-z4-2025-sdrive30i","2025","BMW","Z4","sDrive30i","","bmw","cbs_condition_based","luxury_sports","luxury","shared_within_model_year","","target","2025 BMW Z4"
"203","bmw-z4-2025-m40i","2025","BMW","Z4","M40i","","bmw","cbs_condition_based","luxury_sports","luxury","shared_within_model_year","","target","2025 BMW Z4"
"204","bmw-z4-2024-sdrive30i","2024","BMW","Z4","sDrive30i","","bmw","cbs_condition_based","luxury_sports","luxury","shared_within_model_year","","target","2024 BMW Z4"
"205","bmw-z4-2024-m40i","2024","BMW","Z4","M40i","","bmw","cbs_condition_based","luxury_sports","luxury","shared_within_model_year","","target","2024 BMW Z4"
"206","bmw-z4-2023-sdrive30i","2023","BMW","Z4","sDrive30i","","bmw","cbs_condition_based","luxury_sports","luxury","shared_within_model_year","","target","2023 BMW Z4"
"207","bmw-z4-2023-m40i","2023","BMW","Z4","M40i","","bmw","cbs_condition_based","luxury_sports","luxury","shared_within_model_year","","target","2023 BMW Z4"
"208","bmw-z4-2022-sdrive30i","2022","BMW","Z4","sDrive30i","","bmw","cbs_condition_based","luxury_sports","luxury","shared_within_model_year","","target","2022 BMW Z4"
"209","bmw-z4-2022-m40i","2022","BMW","Z4","M40i","","bmw","cbs_condition_based","luxury_sports","luxury","shared_within_model_year","","target","2022 BMW Z4"
"210","bmw-z4-2021-sdrive30i","2021","BMW","Z4","sDrive30i","","bmw","cbs_condition_based","luxury_sports","luxury","shared_within_model_year","","target","2021 BMW Z4"
"211","bmw-z4-2021-m40i","2021","BMW","Z4","M40i","","bmw","cbs_condition_based","luxury_sports","luxury","shared_within_model_year","","target","2021 BMW Z4"
"212","bmw-z4-2020-sdrive30i","2020","BMW","Z4","sDrive30i","","bmw","cbs_condition_based","luxury_sports","luxury","shared_within_model_year","","target","2020 BMW Z4"
"213","bmw-z4-2020-m40i","2020","BMW","Z4","M40i","","bmw","cbs_condition_based","luxury_sports","luxury","shared_within_model_year","","target","2020 BMW Z4"
"214","bmw-z4-2019-sdrive30i","2019","BMW","Z4","sDrive30i","","bmw","cbs_condition_based","luxury_sports","luxury","shared_within_model_year","","target","2019 BMW Z4"
"215","bmw-z4-2019-m40i","2019","BMW","Z4","M40i","","bmw","cbs_condition_based","luxury_sports","luxury","shared_within_model_year","","target","2019 BMW Z4"
"216","mercedes-benz-c-class-2025-c300","2025","Mercedes-Benz","C-Class","C300","","mercedes","assyst_plus","luxury_sedan","luxury","shared_w205_w206_generation","","target","2025 Mercedes-Benz C-Class"
"217","mercedes-benz-c-class-2025-c300-4matic","2025","Mercedes-Benz","C-Class","C300 4MATIC","","mercedes","assyst_plus","luxury_sedan","luxury","shared_w205_w206_generation","","target","2025 Mercedes-Benz C-Class"
"218","mercedes-benz-c-class-2025-c350e","2025","Mercedes-Benz","C-Class","C350e","","mercedes","assyst_plus","luxury_sedan","luxury","shared_w205_w206_generation","","target","2025 Mercedes-Benz C-Class"
"219","mercedes-benz-c-class-2024-c300","2024","Mercedes-Benz","C-Class","C300","","mercedes","assyst_plus","luxury_sedan","luxury","shared_w205_w206_generation","","target","2024 Mercedes-Benz C-Class"
"220","mercedes-benz-c-class-2024-c300-4matic","2024","Mercedes-Benz","C-Class","C300 4MATIC","","mercedes","assyst_plus","luxury_sedan","luxury","shared_w205_w206_generation","","target","2024 Mercedes-Benz C-Class"
"221","mercedes-benz-c-class-2024-c350e","2024","Mercedes-Benz","C-Class","C350e","","mercedes","assyst_plus","luxury_sedan","luxury","shared_w205_w206_generation","","target","2024 Mercedes-Benz C-Class"
"222","mercedes-benz-c-class-2023-c300","2023","Mercedes-Benz","C-Class","C300","","mercedes","assyst_plus","luxury_sedan","luxury","shared_w205_w206_generation","","target","2023 Mercedes-Benz C-Class"
"223","mercedes-benz-c-class-2023-c300-4matic","2023","Mercedes-Benz","C-Class","C300 4MATIC","","mercedes","assyst_plus","luxury_sedan","luxury","shared_w205_w206_generation","","target","2023 Mercedes-Benz C-Class"
"224","mercedes-benz-c-class-2023-c350e","2023","Mercedes-Benz","C-Class","C350e","","mercedes","assyst_plus","luxury_sedan","luxury","shared_w205_w206_generation","","target","2023 Mercedes-Benz C-Class"
"225","mercedes-benz-c-class-2022-c300","2022","Mercedes-Benz","C-Class","C300","","mercedes","assyst_plus","luxury_sedan","luxury","shared_w205_w206_generation","","target","2022 Mercedes-Benz C-Class"
"226","mercedes-benz-c-class-2022-c300-4matic","2022","Mercedes-Benz","C-Class","C300 4MATIC","","mercedes","assyst_plus","luxury_sedan","luxury","shared_w205_w206_generation","","target","2022 Mercedes-Benz C-Class"
"227","mercedes-benz-c-class-2022-c350e","2022","Mercedes-Benz","C-Class","C350e","","mercedes","assyst_plus","luxury_sedan","luxury","shared_w205_w206_generation","","target","2022 Mercedes-Benz C-Class"
"228","mercedes-benz-c-class-2021-c300","2021","Mercedes-Benz","C-Class","C300","","mercedes","assyst_plus","luxury_sedan","luxury","shared_w205_w206_generation","","target","2021 Mercedes-Benz C-Class"
"229","mercedes-benz-c-class-2021-c300-4matic","2021","Mercedes-Benz","C-Class","C300 4MATIC","","mercedes","assyst_plus","luxury_sedan","luxury","shared_w205_w206_generation","","target","2021 Mercedes-Benz C-Class"
"230","mercedes-benz-c-class-2021-c350e","2021","Mercedes-Benz","C-Class","C350e","","mercedes","assyst_plus","luxury_sedan","luxury","shared_w205_w206_generation","","target","2021 Mercedes-Benz C-Class"
"231","mercedes-benz-c-class-2020-c300","2020","Mercedes-Benz","C-Class","C300","","mercedes","assyst_plus","luxury_sedan","luxury","shared_w205_w206_generation","","target","2020 Mercedes-Benz C-Class"
"232","mercedes-benz-c-class-2020-c300-4matic","2020","Mercedes-Benz","C-Class","C300 4MATIC","","mercedes","assyst_plus","luxury_sedan","luxury","shared_w205_w206_generation","","target","2020 Mercedes-Benz C-Class"
"233","mercedes-benz-c-class-2020-c350e","2020","Mercedes-Benz","C-Class","C350e","","mercedes","assyst_plus","luxury_sedan","luxury","shared_w205_w206_generation","","target","2020 Mercedes-Benz C-Class"
"234","mercedes-benz-c-class-2019-c300","2019","Mercedes-Benz","C-Class","C300","","mercedes","assyst_plus","luxury_sedan","luxury","shared_w205_w206_generation","","target","2019 Mercedes-Benz C-Class"
"235","mercedes-benz-c-class-2019-c300-4matic","2019","Mercedes-Benz","C-Class","C300 4MATIC","","mercedes","assyst_plus","luxury_sedan","luxury","shared_w205_w206_generation","","target","2019 Mercedes-Benz C-Class"
"236","mercedes-benz-c-class-2019-c350e","2019","Mercedes-Benz","C-Class","C350e","","mercedes","assyst_plus","luxury_sedan","luxury","shared_w205_w206_generation","","target","2019 Mercedes-Benz C-Class"
"237","mercedes-benz-e-class-2024-e350","2024","Mercedes-Benz","E-Class","E350","","mercedes","assyst_plus","luxury_sedan","luxury","shared_w213_generation","E350/E450 under $80k","target","2024 Mercedes-Benz E-Class"
"238","mercedes-benz-e-class-2024-e350-4matic","2024","Mercedes-Benz","E-Class","E350 4MATIC","","mercedes","assyst_plus","luxury_sedan","luxury","shared_w213_generation","E350/E450 under $80k","target","2024 Mercedes-Benz E-Class"
"239","mercedes-benz-e-class-2024-e450","2024","Mercedes-Benz","E-Class","E450","","mercedes","assyst_plus","luxury_sedan","luxury","shared_w213_generation","E350/E450 under $80k","target","2024 Mercedes-Benz E-Class"
"240","mercedes-benz-e-class-2023-e350","2023","Mercedes-Benz","E-Class","E350","","mercedes","assyst_plus","luxury_sedan","luxury","shared_w213_generation","E350/E450 under $80k","target","2023 Mercedes-Benz E-Class"
"241","mercedes-benz-e-class-2023-e350-4matic","2023","Mercedes-Benz","E-Class","E350 4MATIC","","mercedes","assyst_plus","luxury_sedan","luxury","shared_w213_generation","E350/E450 under $80k","target","2023 Mercedes-Benz E-Class"
"242","mercedes-benz-e-class-2023-e450","2023","Mercedes-Benz","E-Class","E450","","mercedes","assyst_plus","luxury_sedan","luxury","shared_w213_generation","E350/E450 under $80k","target","2023 Mercedes-Benz E-Class"
"243","mercedes-benz-e-class-2022-e350","2022","Mercedes-Benz","E-Class","E350","","mercedes","assyst_plus","luxury_sedan","luxury","shared_w213_generation","E350/E450 under $80k","target","2022 Mercedes-Benz E-Class"
"244","mercedes-benz-e-class-2022-e350-4matic","2022","Mercedes-Benz","E-Class","E350 4MATIC","","mercedes","assyst_plus","luxury_sedan","luxury","shared_w213_generation","E350/E450 under $80k","target","2022 Mercedes-Benz E-Class"
"245","mercedes-benz-e-class-2022-e450","2022","Mercedes-Benz","E-Class","E450","","mercedes","assyst_plus","luxury_sedan","luxury","shared_w213_generation","E350/E450 under $80k","target","2022 Mercedes-Benz E-Class"
"246","mercedes-benz-e-class-2021-e350","2021","Mercedes-Benz","E-Class","E350","","mercedes","assyst_plus","luxury_sedan","luxury","shared_w213_generation","E350/E450 under $80k","target","2021 Mercedes-Benz E-Class"
"247","mercedes-benz-e-class-2021-e350-4matic","2021","Mercedes-Benz","E-Class","E350 4MATIC","","mercedes","assyst_plus","luxury_sedan","luxury","shared_w213_generation","E350/E450 under $80k","target","2021 Mercedes-Benz E-Class"
"248","mercedes-benz-e-class-2021-e450","2021","Mercedes-Benz","E-Class","E450","","mercedes","assyst_plus","luxury_sedan","luxury","shared_w213_generation","E350/E450 under $80k","target","2021 Mercedes-Benz E-Class"
"249","mercedes-benz-e-class-2020-e350","2020","Mercedes-Benz","E-Class","E350","","mercedes","assyst_plus","luxury_sedan","luxury","shared_w213_generation","E350/E450 under $80k","target","2020 Mercedes-Benz E-Class"
"250","mercedes-benz-e-class-2020-e350-4matic","2020","Mercedes-Benz","E-Class","E350 4MATIC","","mercedes","assyst_plus","luxury_sedan","luxury","shared_w213_generation","E350/E450 under $80k","target","2020 Mercedes-Benz E-Class"
"251","mercedes-benz-e-class-2020-e450","2020","Mercedes-Benz","E-Class","E450","","mercedes","assyst_plus","luxury_sedan","luxury","shared_w213_generation","E350/E450 under $80k","target","2020 Mercedes-Benz E-Class"
"252","mercedes-benz-e-class-2019-e350","2019","Mercedes-Benz","E-Class","E350","","mercedes","assyst_plus","luxury_sedan","luxury","shared_w213_generation","E350/E450 under $80k","target","2019 Mercedes-Benz E-Class"
"253","mercedes-benz-e-class-2019-e350-4matic","2019","Mercedes-Benz","E-Class","E350 4MATIC","","mercedes","assyst_plus","luxury_sedan","luxury","shared_w213_generation","E350/E450 under $80k","target","2019 Mercedes-Benz E-Class"
"254","mercedes-benz-e-class-2019-e450","2019","Mercedes-Benz","E-Class","E450","","mercedes","assyst_plus","luxury_sedan","luxury","shared_w213_generation","E350/E450 under $80k","target","2019 Mercedes-Benz E-Class"
"255","mercedes-benz-e-class-2018-e350","2018","Mercedes-Benz","E-Class","E350","","mercedes","assyst_plus","luxury_sedan","luxury","shared_w213_generation","E350/E450 under $80k","target","2018 Mercedes-Benz E-Class"
"256","mercedes-benz-e-class-2018-e350-4matic","2018","Mercedes-Benz","E-Class","E350 4MATIC","","mercedes","assyst_plus","luxury_sedan","luxury","shared_w213_generation","E350/E450 under $80k","target","2018 Mercedes-Benz E-Class"
"257","mercedes-benz-e-class-2018-e450","2018","Mercedes-Benz","E-Class","E450","","mercedes","assyst_plus","luxury_sedan","luxury","shared_w213_generation","E350/E450 under $80k","target","2018 Mercedes-Benz E-Class"
"258","mercedes-benz-a-class-2022-a220","2022","Mercedes-Benz","A-Class","A220","","mercedes","assyst_plus","luxury_sedan","luxury","shared_within_generation","","target","2022 Mercedes-Benz A-Class"
"259","mercedes-benz-a-class-2022-a220-4matic","2022","Mercedes-Benz","A-Class","A220 4MATIC","","mercedes","assyst_plus","luxury_sedan","luxury","shared_within_generation","","target","2022 Mercedes-Benz A-Class"
"260","mercedes-benz-a-class-2021-a220","2021","Mercedes-Benz","A-Class","A220","","mercedes","assyst_plus","luxury_sedan","luxury","shared_within_generation","","target","2021 Mercedes-Benz A-Class"
"261","mercedes-benz-a-class-2021-a220-4matic","2021","Mercedes-Benz","A-Class","A220 4MATIC","","mercedes","assyst_plus","luxury_sedan","luxury","shared_within_generation","","target","2021 Mercedes-Benz A-Class"
"262","mercedes-benz-a-class-2020-a220","2020","Mercedes-Benz","A-Class","A220","","mercedes","assyst_plus","luxury_sedan","luxury","shared_within_generation","","target","2020 Mercedes-Benz A-Class"
"263","mercedes-benz-a-class-2020-a220-4matic","2020","Mercedes-Benz","A-Class","A220 4MATIC","","mercedes","assyst_plus","luxury_sedan","luxury","shared_within_generation","","target","2020 Mercedes-Benz A-Class"
"264","mercedes-benz-a-class-2019-a220","2019","Mercedes-Benz","A-Class","A220","","mercedes","assyst_plus","luxury_sedan","luxury","shared_within_generation","","target","2019 Mercedes-Benz A-Class"
"265","mercedes-benz-a-class-2019-a220-4matic","2019","Mercedes-Benz","A-Class","A220 4MATIC","","mercedes","assyst_plus","luxury_sedan","luxury","shared_within_generation","","target","2019 Mercedes-Benz A-Class"
"266","mercedes-benz-cla-2025-cla250","2025","Mercedes-Benz","CLA","CLA250","","mercedes","assyst_plus","luxury_sedan","luxury","shared_within_generation","","target","2025 Mercedes-Benz CLA"
"267","mercedes-benz-cla-2025-cla250-4matic","2025","Mercedes-Benz","CLA","CLA250 4MATIC","","mercedes","assyst_plus","luxury_sedan","luxury","shared_within_generation","","target","2025 Mercedes-Benz CLA"
"268","mercedes-benz-cla-2025-cla35-amg","2025","Mercedes-Benz","CLA","CLA35 AMG","","mercedes","assyst_plus","luxury_sedan","luxury","shared_within_generation","","target","2025 Mercedes-Benz CLA"
"269","mercedes-benz-cla-2024-cla250","2024","Mercedes-Benz","CLA","CLA250","","mercedes","assyst_plus","luxury_sedan","luxury","shared_within_generation","","target","2024 Mercedes-Benz CLA"
"270","mercedes-benz-cla-2024-cla250-4matic","2024","Mercedes-Benz","CLA","CLA250 4MATIC","","mercedes","assyst_plus","luxury_sedan","luxury","shared_within_generation","","target","2024 Mercedes-Benz CLA"
"271","mercedes-benz-cla-2024-cla35-amg","2024","Mercedes-Benz","CLA","CLA35 AMG","","mercedes","assyst_plus","luxury_sedan","luxury","shared_within_generation","","target","2024 Mercedes-Benz CLA"
"272","mercedes-benz-cla-2023-cla250","2023","Mercedes-Benz","CLA","CLA250","","mercedes","assyst_plus","luxury_sedan","luxury","shared_within_generation","","target","2023 Mercedes-Benz CLA"
"273","mercedes-benz-cla-2023-cla250-4matic","2023","Mercedes-Benz","CLA","CLA250 4MATIC","","mercedes","assyst_plus","luxury_sedan","luxury","shared_within_generation","","target","2023 Mercedes-Benz CLA"
"274","mercedes-benz-cla-2023-cla35-amg","2023","Mercedes-Benz","CLA","CLA35 AMG","","mercedes","assyst_plus","luxury_sedan","luxury","shared_within_generation","","target","2023 Mercedes-Benz CLA"
"275","mercedes-benz-cla-2022-cla250","2022","Mercedes-Benz","CLA","CLA250","","mercedes","assyst_plus","luxury_sedan","luxury","shared_within_generation","","target","2022 Mercedes-Benz CLA"
"276","mercedes-benz-cla-2022-cla250-4matic","2022","Mercedes-Benz","CLA","CLA250 4MATIC","","mercedes","assyst_plus","luxury_sedan","luxury","shared_within_generation","","target","2022 Mercedes-Benz CLA"
"277","mercedes-benz-cla-2022-cla35-amg","2022","Mercedes-Benz","CLA","CLA35 AMG","","mercedes","assyst_plus","luxury_sedan","luxury","shared_within_generation","","target","2022 Mercedes-Benz CLA"
"278","mercedes-benz-cla-2021-cla250","2021","Mercedes-Benz","CLA","CLA250","","mercedes","assyst_plus","luxury_sedan","luxury","shared_within_generation","","target","2021 Mercedes-Benz CLA"
"279","mercedes-benz-cla-2021-cla250-4matic","2021","Mercedes-Benz","CLA","CLA250 4MATIC","","mercedes","assyst_plus","luxury_sedan","luxury","shared_within_generation","","target","2021 Mercedes-Benz CLA"
"280","mercedes-benz-cla-2021-cla35-amg","2021","Mercedes-Benz","CLA","CLA35 AMG","","mercedes","assyst_plus","luxury_sedan","luxury","shared_within_generation","","target","2021 Mercedes-Benz CLA"
"281","mercedes-benz-cla-2020-cla250","2020","Mercedes-Benz","CLA","CLA250","","mercedes","assyst_plus","luxury_sedan","luxury","shared_within_generation","","target","2020 Mercedes-Benz CLA"
"282","mercedes-benz-cla-2020-cla250-4matic","2020","Mercedes-Benz","CLA","CLA250 4MATIC","","mercedes","assyst_plus","luxury_sedan","luxury","shared_within_generation","","target","2020 Mercedes-Benz CLA"
"283","mercedes-benz-cla-2020-cla35-amg","2020","Mercedes-Benz","CLA","CLA35 AMG","","mercedes","assyst_plus","luxury_sedan","luxury","shared_within_generation","","target","2020 Mercedes-Benz CLA"
"284","mercedes-benz-gla-2025-gla250","2025","Mercedes-Benz","GLA","GLA250","","mercedes","assyst_plus","luxury_suv","luxury","shared_within_generation","","target","2025 Mercedes-Benz GLA"
"285","mercedes-benz-gla-2025-gla250-4matic","2025","Mercedes-Benz","GLA","GLA250 4MATIC","","mercedes","assyst_plus","luxury_suv","luxury","shared_within_generation","","target","2025 Mercedes-Benz GLA"
"286","mercedes-benz-gla-2025-gla35-amg","2025","Mercedes-Benz","GLA","GLA35 AMG","","mercedes","assyst_plus","luxury_suv","luxury","shared_within_generation","","target","2025 Mercedes-Benz GLA"
"287","mercedes-benz-gla-2024-gla250","2024","Mercedes-Benz","GLA","GLA250","","mercedes","assyst_plus","luxury_suv","luxury","shared_within_generation","","target","2024 Mercedes-Benz GLA"
"288","mercedes-benz-gla-2024-gla250-4matic","2024","Mercedes-Benz","GLA","GLA250 4MATIC","","mercedes","assyst_plus","luxury_suv","luxury","shared_within_generation","","target","2024 Mercedes-Benz GLA"
"289","mercedes-benz-gla-2024-gla35-amg","2024","Mercedes-Benz","GLA","GLA35 AMG","","mercedes","assyst_plus","luxury_suv","luxury","shared_within_generation","","target","2024 Mercedes-Benz GLA"
"290","mercedes-benz-gla-2023-gla250","2023","Mercedes-Benz","GLA","GLA250","","mercedes","assyst_plus","luxury_suv","luxury","shared_within_generation","","target","2023 Mercedes-Benz GLA"
"291","mercedes-benz-gla-2023-gla250-4matic","2023","Mercedes-Benz","GLA","GLA250 4MATIC","","mercedes","assyst_plus","luxury_suv","luxury","shared_within_generation","","target","2023 Mercedes-Benz GLA"
"292","mercedes-benz-gla-2023-gla35-amg","2023","Mercedes-Benz","GLA","GLA35 AMG","","mercedes","assyst_plus","luxury_suv","luxury","shared_within_generation","","target","2023 Mercedes-Benz GLA"
"293","mercedes-benz-gla-2022-gla250","2022","Mercedes-Benz","GLA","GLA250","","mercedes","assyst_plus","luxury_suv","luxury","shared_within_generation","","target","2022 Mercedes-Benz GLA"
"294","mercedes-benz-gla-2022-gla250-4matic","2022","Mercedes-Benz","GLA","GLA250 4MATIC","","mercedes","assyst_plus","luxury_suv","luxury","shared_within_generation","","target","2022 Mercedes-Benz GLA"
"295","mercedes-benz-gla-2022-gla35-amg","2022","Mercedes-Benz","GLA","GLA35 AMG","","mercedes","assyst_plus","luxury_suv","luxury","shared_within_generation","","target","2022 Mercedes-Benz GLA"
"296","mercedes-benz-gla-2021-gla250","2021","Mercedes-Benz","GLA","GLA250","","mercedes","assyst_plus","luxury_suv","luxury","shared_within_generation","","target","2021 Mercedes-Benz GLA"
"297","mercedes-benz-gla-2021-gla250-4matic","2021","Mercedes-Benz","GLA","GLA250 4MATIC","","mercedes","assyst_plus","luxury_suv","luxury","shared_within_generation","","target","2021 Mercedes-Benz GLA"
"298","mercedes-benz-gla-2021-gla35-amg","2021","Mercedes-Benz","GLA","GLA35 AMG","","mercedes","assyst_plus","luxury_suv","luxury","shared_within_generation","","target","2021 Mercedes-Benz GLA"
"299","mercedes-benz-glb-2025-glb250","2025","Mercedes-Benz","GLB","GLB250","","mercedes","assyst_plus","luxury_suv","luxury","shared_within_generation","","target","2025 Mercedes-Benz GLB"
"300","mercedes-benz-glb-2025-glb250-4matic","2025","Mercedes-Benz","GLB","GLB250 4MATIC","","mercedes","assyst_plus","luxury_suv","luxury","shared_within_generation","","target","2025 Mercedes-Benz GLB"
"301","mercedes-benz-glb-2024-glb250","2024","Mercedes-Benz","GLB","GLB250","","mercedes","assyst_plus","luxury_suv","luxury","shared_within_generation","","target","2024 Mercedes-Benz GLB"
"302","mercedes-benz-glb-2024-glb250-4matic","2024","Mercedes-Benz","GLB","GLB250 4MATIC","","mercedes","assyst_plus","luxury_suv","luxury","shared_within_generation","","target","2024 Mercedes-Benz GLB"
"303","mercedes-benz-glb-2023-glb250","2023","Mercedes-Benz","GLB","GLB250","","mercedes","assyst_plus","luxury_suv","luxury","shared_within_generation","","target","2023 Mercedes-Benz GLB"
"304","mercedes-benz-glb-2023-glb250-4matic","2023","Mercedes-Benz","GLB","GLB250 4MATIC","","mercedes","assyst_plus","luxury_suv","luxury","shared_within_generation","","target","2023 Mercedes-Benz GLB"
"305","mercedes-benz-glb-2022-glb250","2022","Mercedes-Benz","GLB","GLB250","","mercedes","assyst_plus","luxury_suv","luxury","shared_within_generation","","target","2022 Mercedes-Benz GLB"
"306","mercedes-benz-glb-2022-glb250-4matic","2022","Mercedes-Benz","GLB","GLB250 4MATIC","","mercedes","assyst_plus","luxury_suv","luxury","shared_within_generation","","target","2022 Mercedes-Benz GLB"
"307","mercedes-benz-glb-2021-glb250","2021","Mercedes-Benz","GLB","GLB250","","mercedes","assyst_plus","luxury_suv","luxury","shared_within_generation","","target","2021 Mercedes-Benz GLB"
"308","mercedes-benz-glb-2021-glb250-4matic","2021","Mercedes-Benz","GLB","GLB250 4MATIC","","mercedes","assyst_plus","luxury_suv","luxury","shared_within_generation","","target","2021 Mercedes-Benz GLB"
"309","mercedes-benz-glb-2020-glb250","2020","Mercedes-Benz","GLB","GLB250","","mercedes","assyst_plus","luxury_suv","luxury","shared_within_generation","","target","2020 Mercedes-Benz GLB"
"310","mercedes-benz-glb-2020-glb250-4matic","2020","Mercedes-Benz","GLB","GLB250 4MATIC","","mercedes","assyst_plus","luxury_suv","luxury","shared_within_generation","","target","2020 Mercedes-Benz GLB"
"311","mercedes-benz-glc-2025-glc300","2025","Mercedes-Benz","GLC","GLC300","","mercedes","assyst_plus","luxury_suv","luxury","shared_x253_x254_generation","","target","2025 Mercedes-Benz GLC"
"312","mercedes-benz-glc-2025-glc300-4matic","2025","Mercedes-Benz","GLC","GLC300 4MATIC","","mercedes","assyst_plus","luxury_suv","luxury","shared_x253_x254_generation","","target","2025 Mercedes-Benz GLC"
"313","mercedes-benz-glc-2025-glc43-amg","2025","Mercedes-Benz","GLC","GLC43 AMG","","mercedes","assyst_plus","luxury_suv","luxury","shared_x253_x254_generation","","target","2025 Mercedes-Benz GLC"
"314","mercedes-benz-glc-2024-glc300","2024","Mercedes-Benz","GLC","GLC300","","mercedes","assyst_plus","luxury_suv","luxury","shared_x253_x254_generation","","target","2024 Mercedes-Benz GLC"
"315","mercedes-benz-glc-2024-glc300-4matic","2024","Mercedes-Benz","GLC","GLC300 4MATIC","","mercedes","assyst_plus","luxury_suv","luxury","shared_x253_x254_generation","","target","2024 Mercedes-Benz GLC"
"316","mercedes-benz-glc-2024-glc43-amg","2024","Mercedes-Benz","GLC","GLC43 AMG","","mercedes","assyst_plus","luxury_suv","luxury","shared_x253_x254_generation","","target","2024 Mercedes-Benz GLC"
"317","mercedes-benz-glc-2023-glc300","2023","Mercedes-Benz","GLC","GLC300","","mercedes","assyst_plus","luxury_suv","luxury","shared_x253_x254_generation","","target","2023 Mercedes-Benz GLC"
"318","mercedes-benz-glc-2023-glc300-4matic","2023","Mercedes-Benz","GLC","GLC300 4MATIC","","mercedes","assyst_plus","luxury_suv","luxury","shared_x253_x254_generation","","target","2023 Mercedes-Benz GLC"
"319","mercedes-benz-glc-2023-glc43-amg","2023","Mercedes-Benz","GLC","GLC43 AMG","","mercedes","assyst_plus","luxury_suv","luxury","shared_x253_x254_generation","","target","2023 Mercedes-Benz GLC"
"320","mercedes-benz-glc-2022-glc300","2022","Mercedes-Benz","GLC","GLC300","","mercedes","assyst_plus","luxury_suv","luxury","shared_x253_x254_generation","","target","2022 Mercedes-Benz GLC"
"321","mercedes-benz-glc-2022-glc300-4matic","2022","Mercedes-Benz","GLC","GLC300 4MATIC","","mercedes","assyst_plus","luxury_suv","luxury","shared_x253_x254_generation","","target","2022 Mercedes-Benz GLC"
"322","mercedes-benz-glc-2022-glc43-amg","2022","Mercedes-Benz","GLC","GLC43 AMG","","mercedes","assyst_plus","luxury_suv","luxury","shared_x253_x254_generation","","target","2022 Mercedes-Benz GLC"
"323","mercedes-benz-glc-2021-glc300","2021","Mercedes-Benz","GLC","GLC300","","mercedes","assyst_plus","luxury_suv","luxury","shared_x253_x254_generation","","target","2021 Mercedes-Benz GLC"
"324","mercedes-benz-glc-2021-glc300-4matic","2021","Mercedes-Benz","GLC","GLC300 4MATIC","","mercedes","assyst_plus","luxury_suv","luxury","shared_x253_x254_generation","","target","2021 Mercedes-Benz GLC"
"325","mercedes-benz-glc-2021-glc43-amg","2021","Mercedes-Benz","GLC","GLC43 AMG","","mercedes","assyst_plus","luxury_suv","luxury","shared_x253_x254_generation","","target","2021 Mercedes-Benz GLC"
"326","mercedes-benz-glc-2020-glc300","2020","Mercedes-Benz","GLC","GLC300","","mercedes","assyst_plus","luxury_suv","luxury","shared_x253_x254_generation","","target","2020 Mercedes-Benz GLC"
"327","mercedes-benz-glc-2020-glc300-4matic","2020","Mercedes-Benz","GLC","GLC300 4MATIC","","mercedes","assyst_plus","luxury_suv","luxury","shared_x253_x254_generation","","target","2020 Mercedes-Benz GLC"
"328","mercedes-benz-glc-2020-glc43-amg","2020","Mercedes-Benz","GLC","GLC43 AMG","","mercedes","assyst_plus","luxury_suv","luxury","shared_x253_x254_generation","","target","2020 Mercedes-Benz GLC"
"329","mercedes-benz-glc-2019-glc300","2019","Mercedes-Benz","GLC","GLC300","","mercedes","assyst_plus","luxury_suv","luxury","shared_x253_x254_generation","","target","2019 Mercedes-Benz GLC"
"330","mercedes-benz-glc-2019-glc300-4matic","2019","Mercedes-Benz","GLC","GLC300 4MATIC","","mercedes","assyst_plus","luxury_suv","luxury","shared_x253_x254_generation","","target","2019 Mercedes-Benz GLC"
"331","mercedes-benz-glc-2019-glc43-amg","2019","Mercedes-Benz","GLC","GLC43 AMG","","mercedes","assyst_plus","luxury_suv","luxury","shared_x253_x254_generation","","target","2019 Mercedes-Benz GLC"
"332","mercedes-benz-gle-2025-gle350","2025","Mercedes-Benz","GLE","GLE350","","mercedes","assyst_plus","luxury_suv","luxury","shared_w167_generation","GLE350/450 under $80k","target","2025 Mercedes-Benz GLE"
"333","mercedes-benz-gle-2025-gle450","2025","Mercedes-Benz","GLE","GLE450","","mercedes","assyst_plus","luxury_suv","luxury","shared_w167_generation","GLE350/450 under $80k","target","2025 Mercedes-Benz GLE"
"334","mercedes-benz-gle-2025-gle450e","2025","Mercedes-Benz","GLE","GLE450e","","mercedes","assyst_plus","luxury_suv","luxury","shared_w167_generation","GLE350/450 under $80k","target","2025 Mercedes-Benz GLE"
"335","mercedes-benz-gle-2024-gle350","2024","Mercedes-Benz","GLE","GLE350","","mercedes","assyst_plus","luxury_suv","luxury","shared_w167_generation","GLE350/450 under $80k","target","2024 Mercedes-Benz GLE"
"336","mercedes-benz-gle-2024-gle450","2024","Mercedes-Benz","GLE","GLE450","","mercedes","assyst_plus","luxury_suv","luxury","shared_w167_generation","GLE350/450 under $80k","target","2024 Mercedes-Benz GLE"
"337","mercedes-benz-gle-2024-gle450e","2024","Mercedes-Benz","GLE","GLE450e","","mercedes","assyst_plus","luxury_suv","luxury","shared_w167_generation","GLE350/450 under $80k","target","2024 Mercedes-Benz GLE"
"338","mercedes-benz-gle-2023-gle350","2023","Mercedes-Benz","GLE","GLE350","","mercedes","assyst_plus","luxury_suv","luxury","shared_w167_generation","GLE350/450 under $80k","target","2023 Mercedes-Benz GLE"
"339","mercedes-benz-gle-2023-gle450","2023","Mercedes-Benz","GLE","GLE450","","mercedes","assyst_plus","luxury_suv","luxury","shared_w167_generation","GLE350/450 under $80k","target","2023 Mercedes-Benz GLE"
"340","mercedes-benz-gle-2023-gle450e","2023","Mercedes-Benz","GLE","GLE450e","","mercedes","assyst_plus","luxury_suv","luxury","shared_w167_generation","GLE350/450 under $80k","target","2023 Mercedes-Benz GLE"
"341","mercedes-benz-gle-2022-gle350","2022","Mercedes-Benz","GLE","GLE350","","mercedes","assyst_plus","luxury_suv","luxury","shared_w167_generation","GLE350/450 under $80k","target","2022 Mercedes-Benz GLE"
"342","mercedes-benz-gle-2022-gle450","2022","Mercedes-Benz","GLE","GLE450","","mercedes","assyst_plus","luxury_suv","luxury","shared_w167_generation","GLE350/450 under $80k","target","2022 Mercedes-Benz GLE"
"343","mercedes-benz-gle-2022-gle450e","2022","Mercedes-Benz","GLE","GLE450e","","mercedes","assyst_plus","luxury_suv","luxury","shared_w167_generation","GLE350/450 under $80k","target","2022 Mercedes-Benz GLE"
"344","mercedes-benz-gle-2021-gle350","2021","Mercedes-Benz","GLE","GLE350","","mercedes","assyst_plus","luxury_suv","luxury","shared_w167_generation","GLE350/450 under $80k","target","2021 Mercedes-Benz GLE"
"345","mercedes-benz-gle-2021-gle450","2021","Mercedes-Benz","GLE","GLE450","","mercedes","assyst_plus","luxury_suv","luxury","shared_w167_generation","GLE350/450 under $80k","target","2021 Mercedes-Benz GLE"
"346","mercedes-benz-gle-2021-gle450e","2021","Mercedes-Benz","GLE","GLE450e","","mercedes","assyst_plus","luxury_suv","luxury","shared_w167_generation","GLE350/450 under $80k","target","2021 Mercedes-Benz GLE"
"347","mercedes-benz-gle-2020-gle350","2020","Mercedes-Benz","GLE","GLE350","","mercedes","assyst_plus","luxury_suv","luxury","shared_w167_generation","GLE350/450 under $80k","target","2020 Mercedes-Benz GLE"
"348","mercedes-benz-gle-2020-gle450","2020","Mercedes-Benz","GLE","GLE450","","mercedes","assyst_plus","luxury_suv","luxury","shared_w167_generation","GLE350/450 under $80k","target","2020 Mercedes-Benz GLE"
"349","mercedes-benz-gle-2020-gle450e","2020","Mercedes-Benz","GLE","GLE450e","","mercedes","assyst_plus","luxury_suv","luxury","shared_w167_generation","GLE350/450 under $80k","target","2020 Mercedes-Benz GLE"
"350","mercedes-benz-eqb-2025-eqb250","2025","Mercedes-Benz","EQB","EQB250+","","mercedes","ev_simplified","luxury_ev","luxury","shared_with_glb","","target","2025 Mercedes-Benz EQB"
"351","mercedes-benz-eqb-2025-eqb300-4matic","2025","Mercedes-Benz","EQB","EQB300 4MATIC","","mercedes","ev_simplified","luxury_ev","luxury","shared_with_glb","","target","2025 Mercedes-Benz EQB"
"352","mercedes-benz-eqb-2024-eqb250","2024","Mercedes-Benz","EQB","EQB250+","","mercedes","ev_simplified","luxury_ev","luxury","shared_with_glb","","target","2024 Mercedes-Benz EQB"
"353","mercedes-benz-eqb-2024-eqb300-4matic","2024","Mercedes-Benz","EQB","EQB300 4MATIC","","mercedes","ev_simplified","luxury_ev","luxury","shared_with_glb","","target","2024 Mercedes-Benz EQB"
"354","mercedes-benz-eqb-2023-eqb250","2023","Mercedes-Benz","EQB","EQB250+","","mercedes","ev_simplified","luxury_ev","luxury","shared_with_glb","","target","2023 Mercedes-Benz EQB"
"355","mercedes-benz-eqb-2023-eqb300-4matic","2023","Mercedes-Benz","EQB","EQB300 4MATIC","","mercedes","ev_simplified","luxury_ev","luxury","shared_with_glb","","target","2023 Mercedes-Benz EQB"
"356","mercedes-benz-eqb-2022-eqb250","2022","Mercedes-Benz","EQB","EQB250+","","mercedes","ev_simplified","luxury_ev","luxury","shared_with_glb","","target","2022 Mercedes-Benz EQB"
"357","mercedes-benz-eqb-2022-eqb300-4matic","2022","Mercedes-Benz","EQB","EQB300 4MATIC","","mercedes","ev_simplified","luxury_ev","luxury","shared_with_glb","","target","2022 Mercedes-Benz EQB"
"358","mercedes-benz-eqe-2025-eqe350","2025","Mercedes-Benz","EQE","EQE350+","","mercedes","ev_simplified","luxury_ev","luxury","shared_within_model_year","","target","2025 Mercedes-Benz EQE"
"359","mercedes-benz-eqe-2025-eqe350-4matic","2025","Mercedes-Benz","EQE","EQE350 4MATIC","","mercedes","ev_simplified","luxury_ev","luxury","shared_within_model_year","","target","2025 Mercedes-Benz EQE"
"360","mercedes-benz-eqe-2024-eqe350","2024","Mercedes-Benz","EQE","EQE350+","","mercedes","ev_simplified","luxury_ev","luxury","shared_within_model_year","","target","2024 Mercedes-Benz EQE"
"361","mercedes-benz-eqe-2024-eqe350-4matic","2024","Mercedes-Benz","EQE","EQE350 4MATIC","","mercedes","ev_simplified","luxury_ev","luxury","shared_within_model_year","","target","2024 Mercedes-Benz EQE"
"362","mercedes-benz-eqe-2023-eqe350","2023","Mercedes-Benz","EQE","EQE350+","","mercedes","ev_simplified","luxury_ev","luxury","shared_within_model_year","","target","2023 Mercedes-Benz EQE"
"363","mercedes-benz-eqe-2023-eqe350-4matic","2023","Mercedes-Benz","EQE","EQE350 4MATIC","","mercedes","ev_simplified","luxury_ev","luxury","shared_within_model_year","","target","2023 Mercedes-Benz EQE"
"364","audi-a3-2025-premium","2025","Audi","A3","Premium","","audi","fixed_interval","luxury_sedan","luxury","shared_within_generation","","target","2025 Audi A3"
"365","audi-a3-2025-premium-plus","2025","Audi","A3","Premium Plus","","audi","fixed_interval","luxury_sedan","luxury","shared_within_generation","","target","2025 Audi A3"
"366","audi-a3-2025-prestige","2025","Audi","A3","Prestige","","audi","fixed_interval","luxury_sedan","luxury","shared_within_generation","","target","2025 Audi A3"
"367","audi-a3-2024-premium","2024","Audi","A3","Premium","","audi","fixed_interval","luxury_sedan","luxury","shared_within_generation","","target","2024 Audi A3"
"368","audi-a3-2024-premium-plus","2024","Audi","A3","Premium Plus","","audi","fixed_interval","luxury_sedan","luxury","shared_within_generation","","target","2024 Audi A3"
"369","audi-a3-2024-prestige","2024","Audi","A3","Prestige","","audi","fixed_interval","luxury_sedan","luxury","shared_within_generation","","target","2024 Audi A3"
"370","audi-a3-2023-premium","2023","Audi","A3","Premium","","audi","fixed_interval","luxury_sedan","luxury","shared_within_generation","","target","2023 Audi A3"
"371","audi-a3-2023-premium-plus","2023","Audi","A3","Premium Plus","","audi","fixed_interval","luxury_sedan","luxury","shared_within_generation","","target","2023 Audi A3"
"372","audi-a3-2023-prestige","2023","Audi","A3","Prestige","","audi","fixed_interval","luxury_sedan","luxury","shared_within_generation","","target","2023 Audi A3"
"373","audi-a3-2022-premium","2022","Audi","A3","Premium","","audi","fixed_interval","luxury_sedan","luxury","shared_within_generation","","target","2022 Audi A3"
"374","audi-a3-2022-premium-plus","2022","Audi","A3","Premium Plus","","audi","fixed_interval","luxury_sedan","luxury","shared_within_generation","","target","2022 Audi A3"
"375","audi-a3-2022-prestige","2022","Audi","A3","Prestige","","audi","fixed_interval","luxury_sedan","luxury","shared_within_generation","","target","2022 Audi A3"
"376","audi-a3-2021-premium","2021","Audi","A3","Premium","","audi","fixed_interval","luxury_sedan","luxury","shared_within_generation","","target","2021 Audi A3"
"377","audi-a3-2021-premium-plus","2021","Audi","A3","Premium Plus","","audi","fixed_interval","luxury_sedan","luxury","shared_within_generation","","target","2021 Audi A3"
"378","audi-a3-2021-prestige","2021","Audi","A3","Prestige","","audi","fixed_interval","luxury_sedan","luxury","shared_within_generation","","target","2021 Audi A3"
"379","audi-a3-2020-premium","2020","Audi","A3","Premium","","audi","fixed_interval","luxury_sedan","luxury","shared_within_generation","","target","2020 Audi A3"
"380","audi-a3-2020-premium-plus","2020","Audi","A3","Premium Plus","","audi","fixed_interval","luxury_sedan","luxury","shared_within_generation","","target","2020 Audi A3"
"381","audi-a3-2020-prestige","2020","Audi","A3","Prestige","","audi","fixed_interval","luxury_sedan","luxury","shared_within_generation","","target","2020 Audi A3"
"382","audi-a3-2019-premium","2019","Audi","A3","Premium","","audi","fixed_interval","luxury_sedan","luxury","shared_within_generation","","target","2019 Audi A3"
"383","audi-a3-2019-premium-plus","2019","Audi","A3","Premium Plus","","audi","fixed_interval","luxury_sedan","luxury","shared_within_generation","","target","2019 Audi A3"
"384","audi-a3-2019-prestige","2019","Audi","A3","Prestige","","audi","fixed_interval","luxury_sedan","luxury","shared_within_generation","","target","2019 Audi A3"
"385","audi-a4-2024-premium","2024","Audi","A4","Premium","","audi","fixed_interval","luxury_sedan","luxury","shared_b9_generation","","target","2024 Audi A4"
"386","audi-a4-2024-premium-plus","2024","Audi","A4","Premium Plus","","audi","fixed_interval","luxury_sedan","luxury","shared_b9_generation","","target","2024 Audi A4"
"387","audi-a4-2024-prestige","2024","Audi","A4","Prestige","","audi","fixed_interval","luxury_sedan","luxury","shared_b9_generation","","target","2024 Audi A4"
"388","audi-a4-2023-premium","2023","Audi","A4","Premium","","audi","fixed_interval","luxury_sedan","luxury","shared_b9_generation","","target","2023 Audi A4"
"389","audi-a4-2023-premium-plus","2023","Audi","A4","Premium Plus","","audi","fixed_interval","luxury_sedan","luxury","shared_b9_generation","","target","2023 Audi A4"
"390","audi-a4-2023-prestige","2023","Audi","A4","Prestige","","audi","fixed_interval","luxury_sedan","luxury","shared_b9_generation","","target","2023 Audi A4"
"391","audi-a4-2022-premium","2022","Audi","A4","Premium","","audi","fixed_interval","luxury_sedan","luxury","shared_b9_generation","","target","2022 Audi A4"
"392","audi-a4-2022-premium-plus","2022","Audi","A4","Premium Plus","","audi","fixed_interval","luxury_sedan","luxury","shared_b9_generation","","target","2022 Audi A4"
"393","audi-a4-2022-prestige","2022","Audi","A4","Prestige","","audi","fixed_interval","luxury_sedan","luxury","shared_b9_generation","","target","2022 Audi A4"
"394","audi-a4-2021-premium","2021","Audi","A4","Premium","","audi","fixed_interval","luxury_sedan","luxury","shared_b9_generation","","target","2021 Audi A4"
"395","audi-a4-2021-premium-plus","2021","Audi","A4","Premium Plus","","audi","fixed_interval","luxury_sedan","luxury","shared_b9_generation","","target","2021 Audi A4"
"396","audi-a4-2021-prestige","2021","Audi","A4","Prestige","","audi","fixed_interval","luxury_sedan","luxury","shared_b9_generation","","target","2021 Audi A4"
"397","audi-a4-2020-premium","2020","Audi","A4","Premium","","audi","fixed_interval","luxury_sedan","luxury","shared_b9_generation","","target","2020 Audi A4"
"398","audi-a4-2020-premium-plus","2020","Audi","A4","Premium Plus","","audi","fixed_interval","luxury_sedan","luxury","shared_b9_generation","","target","2020 Audi A4"
"399","audi-a4-2020-prestige","2020","Audi","A4","Prestige","","audi","fixed_interval","luxury_sedan","luxury","shared_b9_generation","","target","2020 Audi A4"
"400","audi-a4-2019-premium","2019","Audi","A4","Premium","","audi","fixed_interval","luxury_sedan","luxury","shared_b9_generation","","target","2019 Audi A4"
"401","audi-a4-2019-premium-plus","2019","Audi","A4","Premium Plus","","audi","fixed_interval","luxury_sedan","luxury","shared_b9_generation","","target","2019 Audi A4"
"402","audi-a4-2019-prestige","2019","Audi","A4","Prestige","","audi","fixed_interval","luxury_sedan","luxury","shared_b9_generation","","target","2019 Audi A4"
"403","audi-a4-2018-premium","2018","Audi","A4","Premium","","audi","fixed_interval","luxury_sedan","luxury","shared_b9_generation","","target","2018 Audi A4"
"404","audi-a4-2018-premium-plus","2018","Audi","A4","Premium Plus","","audi","fixed_interval","luxury_sedan","luxury","shared_b9_generation","","target","2018 Audi A4"
"405","audi-a4-2018-prestige","2018","Audi","A4","Prestige","","audi","fixed_interval","luxury_sedan","luxury","shared_b9_generation","","target","2018 Audi A4"
"406","audi-a5-2025-premium","2025","Audi","A5","Premium","","audi","fixed_interval","luxury_sedan","luxury","shared_with_a4_schedule","","target","2025 Audi A5"
"407","audi-a5-2025-premium-plus","2025","Audi","A5","Premium Plus","","audi","fixed_interval","luxury_sedan","luxury","shared_with_a4_schedule","","target","2025 Audi A5"
"408","audi-a5-2025-prestige","2025","Audi","A5","Prestige","","audi","fixed_interval","luxury_sedan","luxury","shared_with_a4_schedule","","target","2025 Audi A5"
"409","audi-a5-2024-premium","2024","Audi","A5","Premium","","audi","fixed_interval","luxury_sedan","luxury","shared_with_a4_schedule","","target","2024 Audi A5"
"410","audi-a5-2024-premium-plus","2024","Audi","A5","Premium Plus","","audi","fixed_interval","luxury_sedan","luxury","shared_with_a4_schedule","","target","2024 Audi A5"
"411","audi-a5-2024-prestige","2024","Audi","A5","Prestige","","audi","fixed_interval","luxury_sedan","luxury","shared_with_a4_schedule","","target","2024 Audi A5"
"412","audi-a5-2023-premium","2023","Audi","A5","Premium","","audi","fixed_interval","luxury_sedan","luxury","shared_with_a4_schedule","","target","2023 Audi A5"
"413","audi-a5-2023-premium-plus","2023","Audi","A5","Premium Plus","","audi","fixed_interval","luxury_sedan","luxury","shared_with_a4_schedule","","target","2023 Audi A5"
"414","audi-a5-2023-prestige","2023","Audi","A5","Prestige","","audi","fixed_interval","luxury_sedan","luxury","shared_with_a4_schedule","","target","2023 Audi A5"
"415","audi-a5-2022-premium","2022","Audi","A5","Premium","","audi","fixed_interval","luxury_sedan","luxury","shared_with_a4_schedule","","target","2022 Audi A5"
"416","audi-a5-2022-premium-plus","2022","Audi","A5","Premium Plus","","audi","fixed_interval","luxury_sedan","luxury","shared_with_a4_schedule","","target","2022 Audi A5"
"417","audi-a5-2022-prestige","2022","Audi","A5","Prestige","","audi","fixed_interval","luxury_sedan","luxury","shared_with_a4_schedule","","target","2022 Audi A5"
"418","audi-a5-2021-premium","2021","Audi","A5","Premium","","audi","fixed_interval","luxury_sedan","luxury","shared_with_a4_schedule","","target","2021 Audi A5"
"419","audi-a5-2021-premium-plus","2021","Audi","A5","Premium Plus","","audi","fixed_interval","luxury_sedan","luxury","shared_with_a4_schedule","","target","2021 Audi A5"
"420","audi-a5-2021-prestige","2021","Audi","A5","Prestige","","audi","fixed_interval","luxury_sedan","luxury","shared_with_a4_schedule","","target","2021 Audi A5"
"421","audi-a5-2020-premium","2020","Audi","A5","Premium","","audi","fixed_interval","luxury_sedan","luxury","shared_with_a4_schedule","","target","2020 Audi A5"
"422","audi-a5-2020-premium-plus","2020","Audi","A5","Premium Plus","","audi","fixed_interval","luxury_sedan","luxury","shared_with_a4_schedule","","target","2020 Audi A5"
"423","audi-a5-2020-prestige","2020","Audi","A5","Prestige","","audi","fixed_interval","luxury_sedan","luxury","shared_with_a4_schedule","","target","2020 Audi A5"
"424","audi-a5-2019-premium","2019","Audi","A5","Premium","","audi","fixed_interval","luxury_sedan","luxury","shared_with_a4_schedule","","target","2019 Audi A5"
"425","audi-a5-2019-premium-plus","2019","Audi","A5","Premium Plus","","audi","fixed_interval","luxury_sedan","luxury","shared_with_a4_schedule","","target","2019 Audi A5"
"426","audi-a5-2019-prestige","2019","Audi","A5","Prestige","","audi","fixed_interval","luxury_sedan","luxury","shared_with_a4_schedule","","target","2019 Audi A5"
"427","audi-a5-2018-premium","2018","Audi","A5","Premium","","audi","fixed_interval","luxury_sedan","luxury","shared_with_a4_schedule","","target","2018 Audi A5"
"428","audi-a5-2018-premium-plus","2018","Audi","A5","Premium Plus","","audi","fixed_interval","luxury_sedan","luxury","shared_with_a4_schedule","","target","2018 Audi A5"
"429","audi-a5-2018-prestige","2018","Audi","A5","Prestige","","audi","fixed_interval","luxury_sedan","luxury","shared_with_a4_schedule","","target","2018 Audi A5"
"430","audi-a6-2025-premium","2025","Audi","A6","Premium","","audi","fixed_interval","luxury_sedan","luxury","shared_c8_generation","Base Premium under $80k","target","2025 Audi A6"
"431","audi-a6-2025-premium-plus","2025","Audi","A6","Premium Plus","","audi","fixed_interval","luxury_sedan","luxury","shared_c8_generation","Base Premium under $80k","target","2025 Audi A6"
"432","audi-a6-2025-prestige","2025","Audi","A6","Prestige","","audi","fixed_interval","luxury_sedan","luxury","shared_c8_generation","Base Premium under $80k","target","2025 Audi A6"
"433","audi-a6-2024-premium","2024","Audi","A6","Premium","","audi","fixed_interval","luxury_sedan","luxury","shared_c8_generation","Base Premium under $80k","target","2024 Audi A6"
"434","audi-a6-2024-premium-plus","2024","Audi","A6","Premium Plus","","audi","fixed_interval","luxury_sedan","luxury","shared_c8_generation","Base Premium under $80k","target","2024 Audi A6"
"435","audi-a6-2024-prestige","2024","Audi","A6","Prestige","","audi","fixed_interval","luxury_sedan","luxury","shared_c8_generation","Base Premium under $80k","target","2024 Audi A6"
"436","audi-a6-2023-premium","2023","Audi","A6","Premium","","audi","fixed_interval","luxury_sedan","luxury","shared_c8_generation","Base Premium under $80k","target","2023 Audi A6"
"437","audi-a6-2023-premium-plus","2023","Audi","A6","Premium Plus","","audi","fixed_interval","luxury_sedan","luxury","shared_c8_generation","Base Premium under $80k","target","2023 Audi A6"
"438","audi-a6-2023-prestige","2023","Audi","A6","Prestige","","audi","fixed_interval","luxury_sedan","luxury","shared_c8_generation","Base Premium under $80k","target","2023 Audi A6"
"439","audi-a6-2022-premium","2022","Audi","A6","Premium","","audi","fixed_interval","luxury_sedan","luxury","shared_c8_generation","Base Premium under $80k","target","2022 Audi A6"
"440","audi-a6-2022-premium-plus","2022","Audi","A6","Premium Plus","","audi","fixed_interval","luxury_sedan","luxury","shared_c8_generation","Base Premium under $80k","target","2022 Audi A6"
"441","audi-a6-2022-prestige","2022","Audi","A6","Prestige","","audi","fixed_interval","luxury_sedan","luxury","shared_c8_generation","Base Premium under $80k","target","2022 Audi A6"
"442","audi-a6-2021-premium","2021","Audi","A6","Premium","","audi","fixed_interval","luxury_sedan","luxury","shared_c8_generation","Base Premium under $80k","target","2021 Audi A6"
"443","audi-a6-2021-premium-plus","2021","Audi","A6","Premium Plus","","audi","fixed_interval","luxury_sedan","luxury","shared_c8_generation","Base Premium under $80k","target","2021 Audi A6"
"444","audi-a6-2021-prestige","2021","Audi","A6","Prestige","","audi","fixed_interval","luxury_sedan","luxury","shared_c8_generation","Base Premium under $80k","target","2021 Audi A6"
"445","audi-a6-2020-premium","2020","Audi","A6","Premium","","audi","fixed_interval","luxury_sedan","luxury","shared_c8_generation","Base Premium under $80k","target","2020 Audi A6"
"446","audi-a6-2020-premium-plus","2020","Audi","A6","Premium Plus","","audi","fixed_interval","luxury_sedan","luxury","shared_c8_generation","Base Premium under $80k","target","2020 Audi A6"
"447","audi-a6-2020-prestige","2020","Audi","A6","Prestige","","audi","fixed_interval","luxury_sedan","luxury","shared_c8_generation","Base Premium under $80k","target","2020 Audi A6"
"448","audi-a6-2019-premium","2019","Audi","A6","Premium","","audi","fixed_interval","luxury_sedan","luxury","shared_c8_generation","Base Premium under $80k","target","2019 Audi A6"
"449","audi-a6-2019-premium-plus","2019","Audi","A6","Premium Plus","","audi","fixed_interval","luxury_sedan","luxury","shared_c8_generation","Base Premium under $80k","target","2019 Audi A6"
"450","audi-a6-2019-prestige","2019","Audi","A6","Prestige","","audi","fixed_interval","luxury_sedan","luxury","shared_c8_generation","Base Premium under $80k","target","2019 Audi A6"
"451","audi-q3-2025-premium","2025","Audi","Q3","Premium","","audi","fixed_interval","luxury_suv","luxury","shared_within_generation","","target","2025 Audi Q3"
"452","audi-q3-2025-premium-plus","2025","Audi","Q3","Premium Plus","","audi","fixed_interval","luxury_suv","luxury","shared_within_generation","","target","2025 Audi Q3"
"453","audi-q3-2025-prestige","2025","Audi","Q3","Prestige","","audi","fixed_interval","luxury_suv","luxury","shared_within_generation","","target","2025 Audi Q3"
"454","audi-q3-2024-premium","2024","Audi","Q3","Premium","","audi","fixed_interval","luxury_suv","luxury","shared_within_generation","","target","2024 Audi Q3"
"455","audi-q3-2024-premium-plus","2024","Audi","Q3","Premium Plus","","audi","fixed_interval","luxury_suv","luxury","shared_within_generation","","target","2024 Audi Q3"
"456","audi-q3-2024-prestige","2024","Audi","Q3","Prestige","","audi","fixed_interval","luxury_suv","luxury","shared_within_generation","","target","2024 Audi Q3"
"457","audi-q3-2023-premium","2023","Audi","Q3","Premium","","audi","fixed_interval","luxury_suv","luxury","shared_within_generation","","target","2023 Audi Q3"
"458","audi-q3-2023-premium-plus","2023","Audi","Q3","Premium Plus","","audi","fixed_interval","luxury_suv","luxury","shared_within_generation","","target","2023 Audi Q3"
"459","audi-q3-2023-prestige","2023","Audi","Q3","Prestige","","audi","fixed_interval","luxury_suv","luxury","shared_within_generation","","target","2023 Audi Q3"
"460","audi-q3-2022-premium","2022","Audi","Q3","Premium","","audi","fixed_interval","luxury_suv","luxury","shared_within_generation","","target","2022 Audi Q3"
"461","audi-q3-2022-premium-plus","2022","Audi","Q3","Premium Plus","","audi","fixed_interval","luxury_suv","luxury","shared_within_generation","","target","2022 Audi Q3"
"462","audi-q3-2022-prestige","2022","Audi","Q3","Prestige","","audi","fixed_interval","luxury_suv","luxury","shared_within_generation","","target","2022 Audi Q3"
"463","audi-q3-2021-premium","2021","Audi","Q3","Premium","","audi","fixed_interval","luxury_suv","luxury","shared_within_generation","","target","2021 Audi Q3"
"464","audi-q3-2021-premium-plus","2021","Audi","Q3","Premium Plus","","audi","fixed_interval","luxury_suv","luxury","shared_within_generation","","target","2021 Audi Q3"
"465","audi-q3-2021-prestige","2021","Audi","Q3","Prestige","","audi","fixed_interval","luxury_suv","luxury","shared_within_generation","","target","2021 Audi Q3"
"466","audi-q3-2020-premium","2020","Audi","Q3","Premium","","audi","fixed_interval","luxury_suv","luxury","shared_within_generation","","target","2020 Audi Q3"
"467","audi-q3-2020-premium-plus","2020","Audi","Q3","Premium Plus","","audi","fixed_interval","luxury_suv","luxury","shared_within_generation","","target","2020 Audi Q3"
"468","audi-q3-2020-prestige","2020","Audi","Q3","Prestige","","audi","fixed_interval","luxury_suv","luxury","shared_within_generation","","target","2020 Audi Q3"
"469","audi-q3-2019-premium","2019","Audi","Q3","Premium","","audi","fixed_interval","luxury_suv","luxury","shared_within_generation","","target","2019 Audi Q3"
"470","audi-q3-2019-premium-plus","2019","Audi","Q3","Premium Plus","","audi","fixed_interval","luxury_suv","luxury","shared_within_generation","","target","2019 Audi Q3"
"471","audi-q3-2019-prestige","2019","Audi","Q3","Prestige","","audi","fixed_interval","luxury_suv","luxury","shared_within_generation","","target","2019 Audi Q3"
"472","audi-q5-2025-premium","2025","Audi","Q5","Premium","","audi","fixed_interval","luxury_suv","luxury","shared_fy_generation","","target","2025 Audi Q5"
"473","audi-q5-2025-premium-plus","2025","Audi","Q5","Premium Plus","","audi","fixed_interval","luxury_suv","luxury","shared_fy_generation","","target","2025 Audi Q5"
"474","audi-q5-2025-prestige","2025","Audi","Q5","Prestige","","audi","fixed_interval","luxury_suv","luxury","shared_fy_generation","","target","2025 Audi Q5"
"475","audi-q5-2024-premium","2024","Audi","Q5","Premium","","audi","fixed_interval","luxury_suv","luxury","shared_fy_generation","","target","2024 Audi Q5"
"476","audi-q5-2024-premium-plus","2024","Audi","Q5","Premium Plus","","audi","fixed_interval","luxury_suv","luxury","shared_fy_generation","","target","2024 Audi Q5"
"477","audi-q5-2024-prestige","2024","Audi","Q5","Prestige","","audi","fixed_interval","luxury_suv","luxury","shared_fy_generation","","target","2024 Audi Q5"
"478","audi-q5-2023-premium","2023","Audi","Q5","Premium","","audi","fixed_interval","luxury_suv","luxury","shared_fy_generation","","target","2023 Audi Q5"
"479","audi-q5-2023-premium-plus","2023","Audi","Q5","Premium Plus","","audi","fixed_interval","luxury_suv","luxury","shared_fy_generation","","target","2023 Audi Q5"
"480","audi-q5-2023-prestige","2023","Audi","Q5","Prestige","","audi","fixed_interval","luxury_suv","luxury","shared_fy_generation","","target","2023 Audi Q5"
"481","audi-q5-2022-premium","2022","Audi","Q5","Premium","","audi","fixed_interval","luxury_suv","luxury","shared_fy_generation","","target","2022 Audi Q5"
"482","audi-q5-2022-premium-plus","2022","Audi","Q5","Premium Plus","","audi","fixed_interval","luxury_suv","luxury","shared_fy_generation","","target","2022 Audi Q5"
"483","audi-q5-2022-prestige","2022","Audi","Q5","Prestige","","audi","fixed_interval","luxury_suv","luxury","shared_fy_generation","","target","2022 Audi Q5"
"484","audi-q5-2021-premium","2021","Audi","Q5","Premium","","audi","fixed_interval","luxury_suv","luxury","shared_fy_generation","","target","2021 Audi Q5"
"485","audi-q5-2021-premium-plus","2021","Audi","Q5","Premium Plus","","audi","fixed_interval","luxury_suv","luxury","shared_fy_generation","","target","2021 Audi Q5"
"486","audi-q5-2021-prestige","2021","Audi","Q5","Prestige","","audi","fixed_interval","luxury_suv","luxury","shared_fy_generation","","target","2021 Audi Q5"
"487","audi-q5-2020-premium","2020","Audi","Q5","Premium","","audi","fixed_interval","luxury_suv","luxury","shared_fy_generation","","target","2020 Audi Q5"
"488","audi-q5-2020-premium-plus","2020","Audi","Q5","Premium Plus","","audi","fixed_interval","luxury_suv","luxury","shared_fy_generation","","target","2020 Audi Q5"
"489","audi-q5-2020-prestige","2020","Audi","Q5","Prestige","","audi","fixed_interval","luxury_suv","luxury","shared_fy_generation","","target","2020 Audi Q5"
"490","audi-q5-2019-premium","2019","Audi","Q5","Premium","","audi","fixed_interval","luxury_suv","luxury","shared_fy_generation","","target","2019 Audi Q5"
"491","audi-q5-2019-premium-plus","2019","Audi","Q5","Premium Plus","","audi","fixed_interval","luxury_suv","luxury","shared_fy_generation","","target","2019 Audi Q5"
"492","audi-q5-2019-prestige","2019","Audi","Q5","Prestige","","audi","fixed_interval","luxury_suv","luxury","shared_fy_generation","","target","2019 Audi Q5"
"493","audi-q5-2018-premium","2018","Audi","Q5","Premium","","audi","fixed_interval","luxury_suv","luxury","shared_fy_generation","","target","2018 Audi Q5"
"494","audi-q5-2018-premium-plus","2018","Audi","Q5","Premium Plus","","audi","fixed_interval","luxury_suv","luxury","shared_fy_generation","","target","2018 Audi Q5"
"495","audi-q5-2018-prestige","2018","Audi","Q5","Prestige","","audi","fixed_interval","luxury_suv","luxury","shared_fy_generation","","target","2018 Audi Q5"
"496","audi-q7-2025-premium","2025","Audi","Q7","Premium","","audi","fixed_interval","luxury_suv","luxury","shared_4m_generation","","target","2025 Audi Q7"
"497","audi-q7-2025-premium-plus","2025","Audi","Q7","Premium Plus","","audi","fixed_interval","luxury_suv","luxury","shared_4m_generation","","target","2025 Audi Q7"
"498","audi-q7-2025-prestige","2025","Audi","Q7","Prestige","","audi","fixed_interval","luxury_suv","luxury","shared_4m_generation","","target","2025 Audi Q7"
"499","audi-q7-2024-premium","2024","Audi","Q7","Premium","","audi","fixed_interval","luxury_suv","luxury","shared_4m_generation","","target","2024 Audi Q7"
"500","audi-q7-2024-premium-plus","2024","Audi","Q7","Premium Plus","","audi","fixed_interval","luxury_suv","luxury","shared_4m_generation","","target","2024 Audi Q7"
"501","audi-q7-2024-prestige","2024","Audi","Q7","Prestige","","audi","fixed_interval","luxury_suv","luxury","shared_4m_generation","","target","2024 Audi Q7"
"502","audi-q7-2023-premium","2023","Audi","Q7","Premium","","audi","fixed_interval","luxury_suv","luxury","shared_4m_generation","","target","2023 Audi Q7"
"503","audi-q7-2023-premium-plus","2023","Audi","Q7","Premium Plus","","audi","fixed_interval","luxury_suv","luxury","shared_4m_generation","","target","2023 Audi Q7"
"504","audi-q7-2023-prestige","2023","Audi","Q7","Prestige","","audi","fixed_interval","luxury_suv","luxury","shared_4m_generation","","target","2023 Audi Q7"
"505","audi-q7-2022-premium","2022","Audi","Q7","Premium","","audi","fixed_interval","luxury_suv","luxury","shared_4m_generation","","target","2022 Audi Q7"
"506","audi-q7-2022-premium-plus","2022","Audi","Q7","Premium Plus","","audi","fixed_interval","luxury_suv","luxury","shared_4m_generation","","target","2022 Audi Q7"
"507","audi-q7-2022-prestige","2022","Audi","Q7","Prestige","","audi","fixed_interval","luxury_suv","luxury","shared_4m_generation","","target","2022 Audi Q7"
"508","audi-q7-2021-premium","2021","Audi","Q7","Premium","","audi","fixed_interval","luxury_suv","luxury","shared_4m_generation","","target","2021 Audi Q7"
"509","audi-q7-2021-premium-plus","2021","Audi","Q7","Premium Plus","","audi","fixed_interval","luxury_suv","luxury","shared_4m_generation","","target","2021 Audi Q7"
"510","audi-q7-2021-prestige","2021","Audi","Q7","Prestige","","audi","fixed_interval","luxury_suv","luxury","shared_4m_generation","","target","2021 Audi Q7"
"511","audi-q7-2020-premium","2020","Audi","Q7","Premium","","audi","fixed_interval","luxury_suv","luxury","shared_4m_generation","","target","2020 Audi Q7"
"512","audi-q7-2020-premium-plus","2020","Audi","Q7","Premium Plus","","audi","fixed_interval","luxury_suv","luxury","shared_4m_generation","","target","2020 Audi Q7"
"513","audi-q7-2020-prestige","2020","Audi","Q7","Prestige","","audi","fixed_interval","luxury_suv","luxury","shared_4m_generation","","target","2020 Audi Q7"
"514","audi-q7-2019-premium","2019","Audi","Q7","Premium","","audi","fixed_interval","luxury_suv","luxury","shared_4m_generation","","target","2019 Audi Q7"
"515","audi-q7-2019-premium-plus","2019","Audi","Q7","Premium Plus","","audi","fixed_interval","luxury_suv","luxury","shared_4m_generation","","target","2019 Audi Q7"
"516","audi-q7-2019-prestige","2019","Audi","Q7","Prestige","","audi","fixed_interval","luxury_suv","luxury","shared_4m_generation","","target","2019 Audi Q7"
"517","audi-q7-2018-premium","2018","Audi","Q7","Premium","","audi","fixed_interval","luxury_suv","luxury","shared_4m_generation","","target","2018 Audi Q7"
"518","audi-q7-2018-premium-plus","2018","Audi","Q7","Premium Plus","","audi","fixed_interval","luxury_suv","luxury","shared_4m_generation","","target","2018 Audi Q7"
"519","audi-q7-2018-prestige","2018","Audi","Q7","Prestige","","audi","fixed_interval","luxury_suv","luxury","shared_4m_generation","","target","2018 Audi Q7"
"520","audi-q8-2025-premium","2025","Audi","Q8","Premium","","audi","fixed_interval","luxury_suv","luxury","shared_with_q7_schedule","Base Premium under $80k","target","2025 Audi Q8"
"521","audi-q8-2025-premium-plus","2025","Audi","Q8","Premium Plus","","audi","fixed_interval","luxury_suv","luxury","shared_with_q7_schedule","Base Premium under $80k","target","2025 Audi Q8"
"522","audi-q8-2024-premium","2024","Audi","Q8","Premium","","audi","fixed_interval","luxury_suv","luxury","shared_with_q7_schedule","Base Premium under $80k","target","2024 Audi Q8"
"523","audi-q8-2024-premium-plus","2024","Audi","Q8","Premium Plus","","audi","fixed_interval","luxury_suv","luxury","shared_with_q7_schedule","Base Premium under $80k","target","2024 Audi Q8"
"524","audi-q8-2023-premium","2023","Audi","Q8","Premium","","audi","fixed_interval","luxury_suv","luxury","shared_with_q7_schedule","Base Premium under $80k","target","2023 Audi Q8"
"525","audi-q8-2023-premium-plus","2023","Audi","Q8","Premium Plus","","audi","fixed_interval","luxury_suv","luxury","shared_with_q7_schedule","Base Premium under $80k","target","2023 Audi Q8"
"526","audi-q8-2022-premium","2022","Audi","Q8","Premium","","audi","fixed_interval","luxury_suv","luxury","shared_with_q7_schedule","Base Premium under $80k","target","2022 Audi Q8"
"527","audi-q8-2022-premium-plus","2022","Audi","Q8","Premium Plus","","audi","fixed_interval","luxury_suv","luxury","shared_with_q7_schedule","Base Premium under $80k","target","2022 Audi Q8"
"528","audi-q8-2021-premium","2021","Audi","Q8","Premium","","audi","fixed_interval","luxury_suv","luxury","shared_with_q7_schedule","Base Premium under $80k","target","2021 Audi Q8"
"529","audi-q8-2021-premium-plus","2021","Audi","Q8","Premium Plus","","audi","fixed_interval","luxury_suv","luxury","shared_with_q7_schedule","Base Premium under $80k","target","2021 Audi Q8"
"530","audi-q8-2020-premium","2020","Audi","Q8","Premium","","audi","fixed_interval","luxury_suv","luxury","shared_with_q7_schedule","Base Premium under $80k","target","2020 Audi Q8"
"531","audi-q8-2020-premium-plus","2020","Audi","Q8","Premium Plus","","audi","fixed_interval","luxury_suv","luxury","shared_with_q7_schedule","Base Premium under $80k","target","2020 Audi Q8"
"532","audi-e-tron-2023-premium-plus","2023","Audi","e-tron","Premium Plus","","audi","ev_simplified","luxury_ev","luxury","shared_within_generation","","target","2023 Audi e-tron"
"533","audi-e-tron-2023-prestige","2023","Audi","e-tron","Prestige","","audi","ev_simplified","luxury_ev","luxury","shared_within_generation","","target","2023 Audi e-tron"
"534","audi-e-tron-2022-premium-plus","2022","Audi","e-tron","Premium Plus","","audi","ev_simplified","luxury_ev","luxury","shared_within_generation","","target","2022 Audi e-tron"
"535","audi-e-tron-2022-prestige","2022","Audi","e-tron","Prestige","","audi","ev_simplified","luxury_ev","luxury","shared_within_generation","","target","2022 Audi e-tron"
"536","audi-e-tron-2021-premium-plus","2021","Audi","e-tron","Premium Plus","","audi","ev_simplified","luxury_ev","luxury","shared_within_generation","","target","2021 Audi e-tron"
"537","audi-e-tron-2021-prestige","2021","Audi","e-tron","Prestige","","audi","ev_simplified","luxury_ev","luxury","shared_within_generation","","target","2021 Audi e-tron"
"538","audi-e-tron-2020-premium-plus","2020","Audi","e-tron","Premium Plus","","audi","ev_simplified","luxury_ev","luxury","shared_within_generation","","target","2020 Audi e-tron"
"539","audi-e-tron-2020-prestige","2020","Audi","e-tron","Prestige","","audi","ev_simplified","luxury_ev","luxury","shared_within_generation","","target","2020 Audi e-tron"
"540","audi-e-tron-2019-premium-plus","2019","Audi","e-tron","Premium Plus","","audi","ev_simplified","luxury_ev","luxury","shared_within_generation","","target","2019 Audi e-tron"
"541","audi-e-tron-2019-prestige","2019","Audi","e-tron","Prestige","","audi","ev_simplified","luxury_ev","luxury","shared_within_generation","","target","2019 Audi e-tron"
"542","audi-q4-e-tron-2025-premium-plus","2025","Audi","Q4 e-tron","Premium Plus","","audi","ev_simplified","luxury_ev","luxury","shared_within_model_year","","target","2025 Audi Q4 e-tron"
"543","audi-q4-e-tron-2025-prestige","2025","Audi","Q4 e-tron","Prestige","","audi","ev_simplified","luxury_ev","luxury","shared_within_model_year","","target","2025 Audi Q4 e-tron"
"544","audi-q4-e-tron-2024-premium-plus","2024","Audi","Q4 e-tron","Premium Plus","","audi","ev_simplified","luxury_ev","luxury","shared_within_model_year","","target","2024 Audi Q4 e-tron"
"545","audi-q4-e-tron-2024-prestige","2024","Audi","Q4 e-tron","Prestige","","audi","ev_simplified","luxury_ev","luxury","shared_within_model_year","","target","2024 Audi Q4 e-tron"
"546","audi-q4-e-tron-2023-premium-plus","2023","Audi","Q4 e-tron","Premium Plus","","audi","ev_simplified","luxury_ev","luxury","shared_within_model_year","","target","2023 Audi Q4 e-tron"
"547","audi-q4-e-tron-2023-prestige","2023","Audi","Q4 e-tron","Prestige","","audi","ev_simplified","luxury_ev","luxury","shared_within_model_year","","target","2023 Audi Q4 e-tron"
"548","audi-q4-e-tron-2022-premium-plus","2022","Audi","Q4 e-tron","Premium Plus","","audi","ev_simplified","luxury_ev","luxury","shared_within_model_year","","target","2022 Audi Q4 e-tron"
"549","audi-q4-e-tron-2022-prestige","2022","Audi","Q4 e-tron","Prestige","","audi","ev_simplified","luxury_ev","luxury","shared_within_model_year","","target","2022 Audi Q4 e-tron"
"550","lexus-is-2025-300","2025","Lexus","IS","300","","lexus","fixed_interval","luxury_sedan","luxury","shared_within_generation","","target","2025 Lexus IS"
"551","lexus-is-2025-350","2025","Lexus","IS","350","","lexus","fixed_interval","luxury_sedan","luxury","shared_within_generation","","target","2025 Lexus IS"
"552","lexus-is-2025-500-f-sport","2025","Lexus","IS","500 F Sport","","lexus","fixed_interval","luxury_sedan","luxury","shared_within_generation","","target","2025 Lexus IS"
"553","lexus-is-2024-300","2024","Lexus","IS","300","","lexus","fixed_interval","luxury_sedan","luxury","shared_within_generation","","target","2024 Lexus IS"
"554","lexus-is-2024-350","2024","Lexus","IS","350","","lexus","fixed_interval","luxury_sedan","luxury","shared_within_generation","","target","2024 Lexus IS"
"555","lexus-is-2024-500-f-sport","2024","Lexus","IS","500 F Sport","","lexus","fixed_interval","luxury_sedan","luxury","shared_within_generation","","target","2024 Lexus IS"
"556","lexus-is-2023-300","2023","Lexus","IS","300","","lexus","fixed_interval","luxury_sedan","luxury","shared_within_generation","","target","2023 Lexus IS"
"557","lexus-is-2023-350","2023","Lexus","IS","350","","lexus","fixed_interval","luxury_sedan","luxury","shared_within_generation","","target","2023 Lexus IS"
"558","lexus-is-2023-500-f-sport","2023","Lexus","IS","500 F Sport","","lexus","fixed_interval","luxury_sedan","luxury","shared_within_generation","","target","2023 Lexus IS"
"559","lexus-is-2022-300","2022","Lexus","IS","300","","lexus","fixed_interval","luxury_sedan","luxury","shared_within_generation","","target","2022 Lexus IS"
"560","lexus-is-2022-350","2022","Lexus","IS","350","","lexus","fixed_interval","luxury_sedan","luxury","shared_within_generation","","target","2022 Lexus IS"
"561","lexus-is-2022-500-f-sport","2022","Lexus","IS","500 F Sport","","lexus","fixed_interval","luxury_sedan","luxury","shared_within_generation","","target","2022 Lexus IS"
"562","lexus-is-2021-300","2021","Lexus","IS","300","","lexus","fixed_interval","luxury_sedan","luxury","shared_within_generation","","target","2021 Lexus IS"
"563","lexus-is-2021-350","2021","Lexus","IS","350","","lexus","fixed_interval","luxury_sedan","luxury","shared_within_generation","","target","2021 Lexus IS"
"564","lexus-is-2021-500-f-sport","2021","Lexus","IS","500 F Sport","","lexus","fixed_interval","luxury_sedan","luxury","shared_within_generation","","target","2021 Lexus IS"
"565","lexus-is-2020-300","2020","Lexus","IS","300","","lexus","fixed_interval","luxury_sedan","luxury","shared_within_generation","","target","2020 Lexus IS"
"566","lexus-is-2020-350","2020","Lexus","IS","350","","lexus","fixed_interval","luxury_sedan","luxury","shared_within_generation","","target","2020 Lexus IS"
"567","lexus-is-2020-500-f-sport","2020","Lexus","IS","500 F Sport","","lexus","fixed_interval","luxury_sedan","luxury","shared_within_generation","","target","2020 Lexus IS"
"568","lexus-is-2019-300","2019","Lexus","IS","300","","lexus","fixed_interval","luxury_sedan","luxury","shared_within_generation","","target","2019 Lexus IS"
"569","lexus-is-2019-350","2019","Lexus","IS","350","","lexus","fixed_interval","luxury_sedan","luxury","shared_within_generation","","target","2019 Lexus IS"
"570","lexus-is-2019-500-f-sport","2019","Lexus","IS","500 F Sport","","lexus","fixed_interval","luxury_sedan","luxury","shared_within_generation","","target","2019 Lexus IS"
"571","lexus-es-2025-250","2025","Lexus","ES","250","","lexus","fixed_interval","luxury_sedan","luxury","shared_xv70_generation","","target","2025 Lexus ES"
"572","lexus-es-2025-350","2025","Lexus","ES","350","","lexus","fixed_interval","luxury_sedan","luxury","shared_xv70_generation","","target","2025 Lexus ES"
"573","lexus-es-2025-300h","2025","Lexus","ES","300h","","lexus","fixed_interval","luxury_sedan","luxury","shared_xv70_generation","","target","2025 Lexus ES"
"574","lexus-es-2025-300h-hybrid","2025","Lexus","ES","300h","Hybrid","lexus","fixed_interval","luxury_sedan","luxury","shared_xv70_generation","","target","2025 Lexus ES"
"575","lexus-es-2024-250","2024","Lexus","ES","250","","lexus","fixed_interval","luxury_sedan","luxury","shared_xv70_generation","","in_catalog","2024 Lexus ES"
"576","lexus-es-2024-350","2024","Lexus","ES","350","","lexus","fixed_interval","luxury_sedan","luxury","shared_xv70_generation","","target","2024 Lexus ES"
"577","lexus-es-2024-300h","2024","Lexus","ES","300h","","lexus","fixed_interval","luxury_sedan","luxury","shared_xv70_generation","","target","2024 Lexus ES"
"578","lexus-es-2024-300h-hybrid","2024","Lexus","ES","300h","Hybrid","lexus","fixed_interval","luxury_sedan","luxury","shared_xv70_generation","","target","2024 Lexus ES"
"579","lexus-es-2023-250","2023","Lexus","ES","250","","lexus","fixed_interval","luxury_sedan","luxury","shared_xv70_generation","","target","2023 Lexus ES"
"580","lexus-es-2023-350","2023","Lexus","ES","350","","lexus","fixed_interval","luxury_sedan","luxury","shared_xv70_generation","","target","2023 Lexus ES"
"581","lexus-es-2023-300h","2023","Lexus","ES","300h","","lexus","fixed_interval","luxury_sedan","luxury","shared_xv70_generation","","target","2023 Lexus ES"
"582","lexus-es-2023-300h-hybrid","2023","Lexus","ES","300h","Hybrid","lexus","fixed_interval","luxury_sedan","luxury","shared_xv70_generation","","target","2023 Lexus ES"
"583","lexus-es-2022-250","2022","Lexus","ES","250","","lexus","fixed_interval","luxury_sedan","luxury","shared_xv70_generation","","target","2022 Lexus ES"
"584","lexus-es-2022-350","2022","Lexus","ES","350","","lexus","fixed_interval","luxury_sedan","luxury","shared_xv70_generation","","target","2022 Lexus ES"
"585","lexus-es-2022-300h","2022","Lexus","ES","300h","","lexus","fixed_interval","luxury_sedan","luxury","shared_xv70_generation","","target","2022 Lexus ES"
"586","lexus-es-2022-300h-hybrid","2022","Lexus","ES","300h","Hybrid","lexus","fixed_interval","luxury_sedan","luxury","shared_xv70_generation","","target","2022 Lexus ES"
"587","lexus-es-2021-250","2021","Lexus","ES","250","","lexus","fixed_interval","luxury_sedan","luxury","shared_xv70_generation","","target","2021 Lexus ES"
"588","lexus-es-2021-350","2021","Lexus","ES","350","","lexus","fixed_interval","luxury_sedan","luxury","shared_xv70_generation","","target","2021 Lexus ES"
"589","lexus-es-2021-300h","2021","Lexus","ES","300h","","lexus","fixed_interval","luxury_sedan","luxury","shared_xv70_generation","","target","2021 Lexus ES"
"590","lexus-es-2021-300h-hybrid","2021","Lexus","ES","300h","Hybrid","lexus","fixed_interval","luxury_sedan","luxury","shared_xv70_generation","","target","2021 Lexus ES"
"591","lexus-es-2020-250","2020","Lexus","ES","250","","lexus","fixed_interval","luxury_sedan","luxury","shared_xv70_generation","","target","2020 Lexus ES"
"592","lexus-es-2020-350","2020","Lexus","ES","350","","lexus","fixed_interval","luxury_sedan","luxury","shared_xv70_generation","","target","2020 Lexus ES"
"593","lexus-es-2020-300h","2020","Lexus","ES","300h","","lexus","fixed_interval","luxury_sedan","luxury","shared_xv70_generation","","target","2020 Lexus ES"
"594","lexus-es-2020-300h-hybrid","2020","Lexus","ES","300h","Hybrid","lexus","fixed_interval","luxury_sedan","luxury","shared_xv70_generation","","target","2020 Lexus ES"
"595","lexus-es-2019-250","2019","Lexus","ES","250","","lexus","fixed_interval","luxury_sedan","luxury","shared_xv70_generation","","target","2019 Lexus ES"
"596","lexus-es-2019-350","2019","Lexus","ES","350","","lexus","fixed_interval","luxury_sedan","luxury","shared_xv70_generation","","target","2019 Lexus ES"
"597","lexus-es-2019-300h","2019","Lexus","ES","300h","","lexus","fixed_interval","luxury_sedan","luxury","shared_xv70_generation","","target","2019 Lexus ES"
"598","lexus-es-2019-300h-hybrid","2019","Lexus","ES","300h","Hybrid","lexus","fixed_interval","luxury_sedan","luxury","shared_xv70_generation","","target","2019 Lexus ES"
"599","lexus-rx-2025-350","2025","Lexus","RX","350","","lexus","fixed_interval","luxury_suv","luxury","shared_al20_generation","","target","2025 Lexus RX"
"600","lexus-rx-2025-350l","2025","Lexus","RX","350L","","lexus","fixed_interval","luxury_suv","luxury","shared_al20_generation","","target","2025 Lexus RX"
"601","lexus-rx-2025-500h","2025","Lexus","RX","500h","","lexus","fixed_interval","luxury_suv","luxury","shared_al20_generation","","target","2025 Lexus RX"
"602","lexus-rx-2025-450h-hybrid","2025","Lexus","RX","450h","Hybrid","lexus","fixed_interval","luxury_suv","luxury","shared_al20_generation","","target","2025 Lexus RX"
"603","lexus-rx-2024-350","2024","Lexus","RX","350","","lexus","fixed_interval","luxury_suv","luxury","shared_al20_generation","","in_catalog","2024 Lexus RX"
"604","lexus-rx-2024-350l","2024","Lexus","RX","350L","","lexus","fixed_interval","luxury_suv","luxury","shared_al20_generation","","target","2024 Lexus RX"
"605","lexus-rx-2024-500h","2024","Lexus","RX","500h","","lexus","fixed_interval","luxury_suv","luxury","shared_al20_generation","","target","2024 Lexus RX"
"606","lexus-rx-2024-450h-hybrid","2024","Lexus","RX","450h","Hybrid","lexus","fixed_interval","luxury_suv","luxury","shared_al20_generation","","target","2024 Lexus RX"
"607","lexus-rx-2023-350","2023","Lexus","RX","350","","lexus","fixed_interval","luxury_suv","luxury","shared_al20_generation","","target","2023 Lexus RX"
"608","lexus-rx-2023-350l","2023","Lexus","RX","350L","","lexus","fixed_interval","luxury_suv","luxury","shared_al20_generation","","target","2023 Lexus RX"
"609","lexus-rx-2023-500h","2023","Lexus","RX","500h","","lexus","fixed_interval","luxury_suv","luxury","shared_al20_generation","","target","2023 Lexus RX"
"610","lexus-rx-2023-450h-hybrid","2023","Lexus","RX","450h","Hybrid","lexus","fixed_interval","luxury_suv","luxury","shared_al20_generation","","target","2023 Lexus RX"
"611","lexus-rx-2022-350","2022","Lexus","RX","350","","lexus","fixed_interval","luxury_suv","luxury","shared_al20_generation","","target","2022 Lexus RX"
"612","lexus-rx-2022-350l","2022","Lexus","RX","350L","","lexus","fixed_interval","luxury_suv","luxury","shared_al20_generation","","target","2022 Lexus RX"
"613","lexus-rx-2022-500h","2022","Lexus","RX","500h","","lexus","fixed_interval","luxury_suv","luxury","shared_al20_generation","","target","2022 Lexus RX"
"614","lexus-rx-2022-450h-hybrid","2022","Lexus","RX","450h","Hybrid","lexus","fixed_interval","luxury_suv","luxury","shared_al20_generation","","target","2022 Lexus RX"
"615","lexus-rx-2021-350","2021","Lexus","RX","350","","lexus","fixed_interval","luxury_suv","luxury","shared_al20_generation","","target","2021 Lexus RX"
"616","lexus-rx-2021-350l","2021","Lexus","RX","350L","","lexus","fixed_interval","luxury_suv","luxury","shared_al20_generation","","target","2021 Lexus RX"
"617","lexus-rx-2021-500h","2021","Lexus","RX","500h","","lexus","fixed_interval","luxury_suv","luxury","shared_al20_generation","","target","2021 Lexus RX"
"618","lexus-rx-2021-450h-hybrid","2021","Lexus","RX","450h","Hybrid","lexus","fixed_interval","luxury_suv","luxury","shared_al20_generation","","target","2021 Lexus RX"
"619","lexus-rx-2020-350","2020","Lexus","RX","350","","lexus","fixed_interval","luxury_suv","luxury","shared_al20_generation","","target","2020 Lexus RX"
"620","lexus-rx-2020-350l","2020","Lexus","RX","350L","","lexus","fixed_interval","luxury_suv","luxury","shared_al20_generation","","target","2020 Lexus RX"
"621","lexus-rx-2020-500h","2020","Lexus","RX","500h","","lexus","fixed_interval","luxury_suv","luxury","shared_al20_generation","","target","2020 Lexus RX"
"622","lexus-rx-2020-450h-hybrid","2020","Lexus","RX","450h","Hybrid","lexus","fixed_interval","luxury_suv","luxury","shared_al20_generation","","target","2020 Lexus RX"
"623","lexus-rx-2019-350","2019","Lexus","RX","350","","lexus","fixed_interval","luxury_suv","luxury","shared_al20_generation","","target","2019 Lexus RX"
"624","lexus-rx-2019-350l","2019","Lexus","RX","350L","","lexus","fixed_interval","luxury_suv","luxury","shared_al20_generation","","target","2019 Lexus RX"
"625","lexus-rx-2019-500h","2019","Lexus","RX","500h","","lexus","fixed_interval","luxury_suv","luxury","shared_al20_generation","","target","2019 Lexus RX"
"626","lexus-rx-2019-450h-hybrid","2019","Lexus","RX","450h","Hybrid","lexus","fixed_interval","luxury_suv","luxury","shared_al20_generation","","target","2019 Lexus RX"
"627","lexus-rx-2018-350","2018","Lexus","RX","350","","lexus","fixed_interval","luxury_suv","luxury","shared_al20_generation","","target","2018 Lexus RX"
"628","lexus-rx-2018-350l","2018","Lexus","RX","350L","","lexus","fixed_interval","luxury_suv","luxury","shared_al20_generation","","target","2018 Lexus RX"
"629","lexus-rx-2018-500h","2018","Lexus","RX","500h","","lexus","fixed_interval","luxury_suv","luxury","shared_al20_generation","","target","2018 Lexus RX"
"630","lexus-rx-2018-450h-hybrid","2018","Lexus","RX","450h","Hybrid","lexus","fixed_interval","luxury_suv","luxury","shared_al20_generation","","target","2018 Lexus RX"
"631","lexus-nx-2025-250","2025","Lexus","NX","250","","lexus","fixed_interval","luxury_suv","luxury","shared_az20_generation","","target","2025 Lexus NX"
"632","lexus-nx-2025-350","2025","Lexus","NX","350","","lexus","fixed_interval","luxury_suv","luxury","shared_az20_generation","","target","2025 Lexus NX"
"633","lexus-nx-2025-350h","2025","Lexus","NX","350h","","lexus","fixed_interval","luxury_suv","luxury","shared_az20_generation","","target","2025 Lexus NX"
"634","lexus-nx-2025-450h-phev","2025","Lexus","NX","450h+","PHEV","lexus","fixed_interval","luxury_suv","luxury","shared_az20_generation","","target","2025 Lexus NX"
"635","lexus-nx-2024-250","2024","Lexus","NX","250","","lexus","fixed_interval","luxury_suv","luxury","shared_az20_generation","","target","2024 Lexus NX"
"636","lexus-nx-2024-350","2024","Lexus","NX","350","","lexus","fixed_interval","luxury_suv","luxury","shared_az20_generation","","target","2024 Lexus NX"
"637","lexus-nx-2024-350h","2024","Lexus","NX","350h","","lexus","fixed_interval","luxury_suv","luxury","shared_az20_generation","","target","2024 Lexus NX"
"638","lexus-nx-2024-450h-phev","2024","Lexus","NX","450h+","PHEV","lexus","fixed_interval","luxury_suv","luxury","shared_az20_generation","","target","2024 Lexus NX"
"639","lexus-nx-2023-250","2023","Lexus","NX","250","","lexus","fixed_interval","luxury_suv","luxury","shared_az20_generation","","target","2023 Lexus NX"
"640","lexus-nx-2023-350","2023","Lexus","NX","350","","lexus","fixed_interval","luxury_suv","luxury","shared_az20_generation","","target","2023 Lexus NX"
"641","lexus-nx-2023-350h","2023","Lexus","NX","350h","","lexus","fixed_interval","luxury_suv","luxury","shared_az20_generation","","target","2023 Lexus NX"
"642","lexus-nx-2023-450h-phev","2023","Lexus","NX","450h+","PHEV","lexus","fixed_interval","luxury_suv","luxury","shared_az20_generation","","target","2023 Lexus NX"
"643","lexus-nx-2022-250","2022","Lexus","NX","250","","lexus","fixed_interval","luxury_suv","luxury","shared_az20_generation","","target","2022 Lexus NX"
"644","lexus-nx-2022-350","2022","Lexus","NX","350","","lexus","fixed_interval","luxury_suv","luxury","shared_az20_generation","","target","2022 Lexus NX"
"645","lexus-nx-2022-350h","2022","Lexus","NX","350h","","lexus","fixed_interval","luxury_suv","luxury","shared_az20_generation","","target","2022 Lexus NX"
"646","lexus-nx-2022-450h-phev","2022","Lexus","NX","450h+","PHEV","lexus","fixed_interval","luxury_suv","luxury","shared_az20_generation","","target","2022 Lexus NX"
"647","lexus-tx-2025-350","2025","Lexus","TX","350","","lexus","fixed_interval","luxury_suv","luxury","shared_within_model_year","","target","2025 Lexus TX"
"648","lexus-tx-2025-500h","2025","Lexus","TX","500h","","lexus","fixed_interval","luxury_suv","luxury","shared_within_model_year","","target","2025 Lexus TX"
"649","lexus-tx-2025-550h","2025","Lexus","TX","550h+","","lexus","fixed_interval","luxury_suv","luxury","shared_within_model_year","","target","2025 Lexus TX"
"650","lexus-tx-2024-350","2024","Lexus","TX","350","","lexus","fixed_interval","luxury_suv","luxury","shared_within_model_year","","target","2024 Lexus TX"
"651","lexus-tx-2024-500h","2024","Lexus","TX","500h","","lexus","fixed_interval","luxury_suv","luxury","shared_within_model_year","","target","2024 Lexus TX"
"652","lexus-tx-2024-550h","2024","Lexus","TX","550h+","","lexus","fixed_interval","luxury_suv","luxury","shared_within_model_year","","target","2024 Lexus TX"
"653","lexus-ux-2025-200","2025","Lexus","UX","200","","lexus","fixed_interval","luxury_suv","luxury","shared_within_generation","","target","2025 Lexus UX"
"654","lexus-ux-2025-250h","2025","Lexus","UX","250h","","lexus","fixed_interval","luxury_suv","luxury","shared_within_generation","","target","2025 Lexus UX"
"655","lexus-ux-2024-200","2024","Lexus","UX","200","","lexus","fixed_interval","luxury_suv","luxury","shared_within_generation","","target","2024 Lexus UX"
"656","lexus-ux-2024-250h","2024","Lexus","UX","250h","","lexus","fixed_interval","luxury_suv","luxury","shared_within_generation","","target","2024 Lexus UX"
"657","lexus-ux-2023-200","2023","Lexus","UX","200","","lexus","fixed_interval","luxury_suv","luxury","shared_within_generation","","target","2023 Lexus UX"
"658","lexus-ux-2023-250h","2023","Lexus","UX","250h","","lexus","fixed_interval","luxury_suv","luxury","shared_within_generation","","target","2023 Lexus UX"
"659","lexus-ux-2022-200","2022","Lexus","UX","200","","lexus","fixed_interval","luxury_suv","luxury","shared_within_generation","","target","2022 Lexus UX"
"660","lexus-ux-2022-250h","2022","Lexus","UX","250h","","lexus","fixed_interval","luxury_suv","luxury","shared_within_generation","","target","2022 Lexus UX"
"661","lexus-ux-2021-200","2021","Lexus","UX","200","","lexus","fixed_interval","luxury_suv","luxury","shared_within_generation","","target","2021 Lexus UX"
"662","lexus-ux-2021-250h","2021","Lexus","UX","250h","","lexus","fixed_interval","luxury_suv","luxury","shared_within_generation","","target","2021 Lexus UX"
"663","lexus-ux-2020-200","2020","Lexus","UX","200","","lexus","fixed_interval","luxury_suv","luxury","shared_within_generation","","target","2020 Lexus UX"
"664","lexus-ux-2020-250h","2020","Lexus","UX","250h","","lexus","fixed_interval","luxury_suv","luxury","shared_within_generation","","target","2020 Lexus UX"
"665","lexus-ux-2019-200","2019","Lexus","UX","200","","lexus","fixed_interval","luxury_suv","luxury","shared_within_generation","","target","2019 Lexus UX"
"666","lexus-ux-2019-250h","2019","Lexus","UX","250h","","lexus","fixed_interval","luxury_suv","luxury","shared_within_generation","","target","2019 Lexus UX"
"667","acura-tlx-2025-base","2025","Acura","TLX","Base","","acura","maintenance_minder","luxury_sedan","luxury","shared_within_generation","","target","2025 Acura TLX"
"668","acura-tlx-2025-technology","2025","Acura","TLX","Technology","","acura","maintenance_minder","luxury_sedan","luxury","shared_within_generation","","target","2025 Acura TLX"
"669","acura-tlx-2025-a-spec","2025","Acura","TLX","A-Spec","","acura","maintenance_minder","luxury_sedan","luxury","shared_within_generation","","target","2025 Acura TLX"
"670","acura-tlx-2025-sh-awd-sh-awd","2025","Acura","TLX","SH-AWD","SH-AWD","acura","maintenance_minder","luxury_sedan","luxury","shared_within_generation","","target","2025 Acura TLX"
"671","acura-tlx-2024-base","2024","Acura","TLX","Base","","acura","maintenance_minder","luxury_sedan","luxury","shared_within_generation","","target","2024 Acura TLX"
"672","acura-tlx-2024-technology","2024","Acura","TLX","Technology","","acura","maintenance_minder","luxury_sedan","luxury","shared_within_generation","","target","2024 Acura TLX"
"673","acura-tlx-2024-a-spec","2024","Acura","TLX","A-Spec","","acura","maintenance_minder","luxury_sedan","luxury","shared_within_generation","","target","2024 Acura TLX"
"674","acura-tlx-2024-sh-awd-sh-awd","2024","Acura","TLX","SH-AWD","SH-AWD","acura","maintenance_minder","luxury_sedan","luxury","shared_within_generation","","target","2024 Acura TLX"
"675","acura-tlx-2023-base","2023","Acura","TLX","Base","","acura","maintenance_minder","luxury_sedan","luxury","shared_within_generation","","target","2023 Acura TLX"
"676","acura-tlx-2023-technology","2023","Acura","TLX","Technology","","acura","maintenance_minder","luxury_sedan","luxury","shared_within_generation","","target","2023 Acura TLX"
"677","acura-tlx-2023-a-spec","2023","Acura","TLX","A-Spec","","acura","maintenance_minder","luxury_sedan","luxury","shared_within_generation","","target","2023 Acura TLX"
"678","acura-tlx-2023-sh-awd-sh-awd","2023","Acura","TLX","SH-AWD","SH-AWD","acura","maintenance_minder","luxury_sedan","luxury","shared_within_generation","","target","2023 Acura TLX"
"679","acura-tlx-2022-base","2022","Acura","TLX","Base","","acura","maintenance_minder","luxury_sedan","luxury","shared_within_generation","","target","2022 Acura TLX"
"680","acura-tlx-2022-technology","2022","Acura","TLX","Technology","","acura","maintenance_minder","luxury_sedan","luxury","shared_within_generation","","target","2022 Acura TLX"
"681","acura-tlx-2022-a-spec","2022","Acura","TLX","A-Spec","","acura","maintenance_minder","luxury_sedan","luxury","shared_within_generation","","target","2022 Acura TLX"
"682","acura-tlx-2022-sh-awd-sh-awd","2022","Acura","TLX","SH-AWD","SH-AWD","acura","maintenance_minder","luxury_sedan","luxury","shared_within_generation","","target","2022 Acura TLX"
"683","acura-tlx-2021-base","2021","Acura","TLX","Base","","acura","maintenance_minder","luxury_sedan","luxury","shared_within_generation","","target","2021 Acura TLX"
"684","acura-tlx-2021-technology","2021","Acura","TLX","Technology","","acura","maintenance_minder","luxury_sedan","luxury","shared_within_generation","","target","2021 Acura TLX"
"685","acura-tlx-2021-a-spec","2021","Acura","TLX","A-Spec","","acura","maintenance_minder","luxury_sedan","luxury","shared_within_generation","","target","2021 Acura TLX"
"686","acura-tlx-2021-sh-awd-sh-awd","2021","Acura","TLX","SH-AWD","SH-AWD","acura","maintenance_minder","luxury_sedan","luxury","shared_within_generation","","target","2021 Acura TLX"
"687","acura-tlx-2020-base","2020","Acura","TLX","Base","","acura","maintenance_minder","luxury_sedan","luxury","shared_within_generation","","target","2020 Acura TLX"
"688","acura-tlx-2020-technology","2020","Acura","TLX","Technology","","acura","maintenance_minder","luxury_sedan","luxury","shared_within_generation","","target","2020 Acura TLX"
"689","acura-tlx-2020-a-spec","2020","Acura","TLX","A-Spec","","acura","maintenance_minder","luxury_sedan","luxury","shared_within_generation","","target","2020 Acura TLX"
"690","acura-tlx-2020-sh-awd-sh-awd","2020","Acura","TLX","SH-AWD","SH-AWD","acura","maintenance_minder","luxury_sedan","luxury","shared_within_generation","","target","2020 Acura TLX"
"691","acura-tlx-2019-base","2019","Acura","TLX","Base","","acura","maintenance_minder","luxury_sedan","luxury","shared_within_generation","","in_catalog","2019 Acura TLX"
"692","acura-tlx-2019-technology","2019","Acura","TLX","Technology","","acura","maintenance_minder","luxury_sedan","luxury","shared_within_generation","","target","2019 Acura TLX"
"693","acura-tlx-2019-a-spec","2019","Acura","TLX","A-Spec","","acura","maintenance_minder","luxury_sedan","luxury","shared_within_generation","","target","2019 Acura TLX"
"694","acura-tlx-2019-sh-awd-sh-awd","2019","Acura","TLX","SH-AWD","SH-AWD","acura","maintenance_minder","luxury_sedan","luxury","shared_within_generation","","target","2019 Acura TLX"
"695","acura-integra-2025-base","2025","Acura","Integra","Base","","acura","maintenance_minder","luxury_sedan","luxury","shared_within_model_year","","target","2025 Acura Integra"
"696","acura-integra-2025-a-spec","2025","Acura","Integra","A-Spec","","acura","maintenance_minder","luxury_sedan","luxury","shared_within_model_year","","target","2025 Acura Integra"
"697","acura-integra-2025-type-s","2025","Acura","Integra","Type S","","acura","maintenance_minder","luxury_sedan","luxury","shared_within_model_year","","target","2025 Acura Integra"
"698","acura-integra-2024-base","2024","Acura","Integra","Base","","acura","maintenance_minder","luxury_sedan","luxury","shared_within_model_year","","target","2024 Acura Integra"
"699","acura-integra-2024-a-spec","2024","Acura","Integra","A-Spec","","acura","maintenance_minder","luxury_sedan","luxury","shared_within_model_year","","target","2024 Acura Integra"
"700","acura-integra-2024-type-s","2024","Acura","Integra","Type S","","acura","maintenance_minder","luxury_sedan","luxury","shared_within_model_year","","target","2024 Acura Integra"
"701","acura-integra-2023-base","2023","Acura","Integra","Base","","acura","maintenance_minder","luxury_sedan","luxury","shared_within_model_year","","target","2023 Acura Integra"
"702","acura-integra-2023-a-spec","2023","Acura","Integra","A-Spec","","acura","maintenance_minder","luxury_sedan","luxury","shared_within_model_year","","target","2023 Acura Integra"
"703","acura-integra-2023-type-s","2023","Acura","Integra","Type S","","acura","maintenance_minder","luxury_sedan","luxury","shared_within_model_year","","target","2023 Acura Integra"
"704","acura-rdx-2025-base","2025","Acura","RDX","Base","","acura","maintenance_minder","luxury_suv","luxury","shared_within_generation","","target","2025 Acura RDX"
"705","acura-rdx-2025-technology","2025","Acura","RDX","Technology","","acura","maintenance_minder","luxury_suv","luxury","shared_within_generation","","target","2025 Acura RDX"
"706","acura-rdx-2025-a-spec","2025","Acura","RDX","A-Spec","","acura","maintenance_minder","luxury_suv","luxury","shared_within_generation","","target","2025 Acura RDX"
"707","acura-rdx-2024-base","2024","Acura","RDX","Base","","acura","maintenance_minder","luxury_suv","luxury","shared_within_generation","","in_catalog","2024 Acura RDX"
"708","acura-rdx-2024-technology","2024","Acura","RDX","Technology","","acura","maintenance_minder","luxury_suv","luxury","shared_within_generation","","target","2024 Acura RDX"
"709","acura-rdx-2024-a-spec","2024","Acura","RDX","A-Spec","","acura","maintenance_minder","luxury_suv","luxury","shared_within_generation","","target","2024 Acura RDX"
"710","acura-rdx-2023-base","2023","Acura","RDX","Base","","acura","maintenance_minder","luxury_suv","luxury","shared_within_generation","","target","2023 Acura RDX"
"711","acura-rdx-2023-technology","2023","Acura","RDX","Technology","","acura","maintenance_minder","luxury_suv","luxury","shared_within_generation","","target","2023 Acura RDX"
"712","acura-rdx-2023-a-spec","2023","Acura","RDX","A-Spec","","acura","maintenance_minder","luxury_suv","luxury","shared_within_generation","","target","2023 Acura RDX"
"713","acura-rdx-2022-base","2022","Acura","RDX","Base","","acura","maintenance_minder","luxury_suv","luxury","shared_within_generation","","target","2022 Acura RDX"
"714","acura-rdx-2022-technology","2022","Acura","RDX","Technology","","acura","maintenance_minder","luxury_suv","luxury","shared_within_generation","","target","2022 Acura RDX"
"715","acura-rdx-2022-a-spec","2022","Acura","RDX","A-Spec","","acura","maintenance_minder","luxury_suv","luxury","shared_within_generation","","target","2022 Acura RDX"
"716","acura-rdx-2021-base","2021","Acura","RDX","Base","","acura","maintenance_minder","luxury_suv","luxury","shared_within_generation","","target","2021 Acura RDX"
"717","acura-rdx-2021-technology","2021","Acura","RDX","Technology","","acura","maintenance_minder","luxury_suv","luxury","shared_within_generation","","target","2021 Acura RDX"
"718","acura-rdx-2021-a-spec","2021","Acura","RDX","A-Spec","","acura","maintenance_minder","luxury_suv","luxury","shared_within_generation","","target","2021 Acura RDX"
"719","acura-rdx-2020-base","2020","Acura","RDX","Base","","acura","maintenance_minder","luxury_suv","luxury","shared_within_generation","","target","2020 Acura RDX"
"720","acura-rdx-2020-technology","2020","Acura","RDX","Technology","","acura","maintenance_minder","luxury_suv","luxury","shared_within_generation","","target","2020 Acura RDX"
"721","acura-rdx-2020-a-spec","2020","Acura","RDX","A-Spec","","acura","maintenance_minder","luxury_suv","luxury","shared_within_generation","","target","2020 Acura RDX"
"722","acura-rdx-2019-base","2019","Acura","RDX","Base","","acura","maintenance_minder","luxury_suv","luxury","shared_within_generation","","target","2019 Acura RDX"
"723","acura-rdx-2019-technology","2019","Acura","RDX","Technology","","acura","maintenance_minder","luxury_suv","luxury","shared_within_generation","","target","2019 Acura RDX"
"724","acura-rdx-2019-a-spec","2019","Acura","RDX","A-Spec","","acura","maintenance_minder","luxury_suv","luxury","shared_within_generation","","target","2019 Acura RDX"
"725","acura-mdx-2025-base","2025","Acura","MDX","Base","","acura","maintenance_minder","luxury_suv","luxury","shared_within_generation","","target","2025 Acura MDX"
"726","acura-mdx-2025-technology","2025","Acura","MDX","Technology","","acura","maintenance_minder","luxury_suv","luxury","shared_within_generation","","target","2025 Acura MDX"
"727","acura-mdx-2025-a-spec","2025","Acura","MDX","A-Spec","","acura","maintenance_minder","luxury_suv","luxury","shared_within_generation","","target","2025 Acura MDX"
"728","acura-mdx-2024-base","2024","Acura","MDX","Base","","acura","maintenance_minder","luxury_suv","luxury","shared_within_generation","","target","2024 Acura MDX"
"729","acura-mdx-2024-technology","2024","Acura","MDX","Technology","","acura","maintenance_minder","luxury_suv","luxury","shared_within_generation","","target","2024 Acura MDX"
"730","acura-mdx-2024-a-spec","2024","Acura","MDX","A-Spec","","acura","maintenance_minder","luxury_suv","luxury","shared_within_generation","","target","2024 Acura MDX"
"731","acura-mdx-2023-base","2023","Acura","MDX","Base","","acura","maintenance_minder","luxury_suv","luxury","shared_within_generation","","target","2023 Acura MDX"
"732","acura-mdx-2023-technology","2023","Acura","MDX","Technology","","acura","maintenance_minder","luxury_suv","luxury","shared_within_generation","","target","2023 Acura MDX"
"733","acura-mdx-2023-a-spec","2023","Acura","MDX","A-Spec","","acura","maintenance_minder","luxury_suv","luxury","shared_within_generation","","target","2023 Acura MDX"
"734","acura-mdx-2022-base","2022","Acura","MDX","Base","","acura","maintenance_minder","luxury_suv","luxury","shared_within_generation","","target","2022 Acura MDX"
"735","acura-mdx-2022-technology","2022","Acura","MDX","Technology","","acura","maintenance_minder","luxury_suv","luxury","shared_within_generation","","target","2022 Acura MDX"
"736","acura-mdx-2022-a-spec","2022","Acura","MDX","A-Spec","","acura","maintenance_minder","luxury_suv","luxury","shared_within_generation","","target","2022 Acura MDX"
"737","genesis-g70-2025-2-0t","2025","Genesis","G70","2.0T","","genesis","fixed_interval","luxury_sedan","luxury","shared_within_generation","","target","2025 Genesis G70"
"738","genesis-g70-2025-3-3t","2025","Genesis","G70","3.3T","","genesis","fixed_interval","luxury_sedan","luxury","shared_within_generation","","target","2025 Genesis G70"
"739","genesis-g70-2025-sport","2025","Genesis","G70","Sport","","genesis","fixed_interval","luxury_sedan","luxury","shared_within_generation","","target","2025 Genesis G70"
"740","genesis-g70-2024-2-0t","2024","Genesis","G70","2.0T","","genesis","fixed_interval","luxury_sedan","luxury","shared_within_generation","","target","2024 Genesis G70"
"741","genesis-g70-2024-3-3t","2024","Genesis","G70","3.3T","","genesis","fixed_interval","luxury_sedan","luxury","shared_within_generation","","target","2024 Genesis G70"
"742","genesis-g70-2024-sport","2024","Genesis","G70","Sport","","genesis","fixed_interval","luxury_sedan","luxury","shared_within_generation","","target","2024 Genesis G70"
"743","genesis-g70-2023-2-0t","2023","Genesis","G70","2.0T","","genesis","fixed_interval","luxury_sedan","luxury","shared_within_generation","","target","2023 Genesis G70"
"744","genesis-g70-2023-3-3t","2023","Genesis","G70","3.3T","","genesis","fixed_interval","luxury_sedan","luxury","shared_within_generation","","target","2023 Genesis G70"
"745","genesis-g70-2023-sport","2023","Genesis","G70","Sport","","genesis","fixed_interval","luxury_sedan","luxury","shared_within_generation","","target","2023 Genesis G70"
"746","genesis-g70-2022-2-0t","2022","Genesis","G70","2.0T","","genesis","fixed_interval","luxury_sedan","luxury","shared_within_generation","","target","2022 Genesis G70"
"747","genesis-g70-2022-3-3t","2022","Genesis","G70","3.3T","","genesis","fixed_interval","luxury_sedan","luxury","shared_within_generation","","target","2022 Genesis G70"
"748","genesis-g70-2022-sport","2022","Genesis","G70","Sport","","genesis","fixed_interval","luxury_sedan","luxury","shared_within_generation","","target","2022 Genesis G70"
"749","genesis-g70-2021-2-0t","2021","Genesis","G70","2.0T","","genesis","fixed_interval","luxury_sedan","luxury","shared_within_generation","","target","2021 Genesis G70"
"750","genesis-g70-2021-3-3t","2021","Genesis","G70","3.3T","","genesis","fixed_interval","luxury_sedan","luxury","shared_within_generation","","target","2021 Genesis G70"
"751","genesis-g70-2021-sport","2021","Genesis","G70","Sport","","genesis","fixed_interval","luxury_sedan","luxury","shared_within_generation","","target","2021 Genesis G70"
"752","genesis-g70-2020-2-0t","2020","Genesis","G70","2.0T","","genesis","fixed_interval","luxury_sedan","luxury","shared_within_generation","","target","2020 Genesis G70"
"753","genesis-g70-2020-3-3t","2020","Genesis","G70","3.3T","","genesis","fixed_interval","luxury_sedan","luxury","shared_within_generation","","target","2020 Genesis G70"
"754","genesis-g70-2020-sport","2020","Genesis","G70","Sport","","genesis","fixed_interval","luxury_sedan","luxury","shared_within_generation","","target","2020 Genesis G70"
"755","genesis-g70-2019-2-0t","2019","Genesis","G70","2.0T","","genesis","fixed_interval","luxury_sedan","luxury","shared_within_generation","","target","2019 Genesis G70"
"756","genesis-g70-2019-3-3t","2019","Genesis","G70","3.3T","","genesis","fixed_interval","luxury_sedan","luxury","shared_within_generation","","target","2019 Genesis G70"
"757","genesis-g70-2019-sport","2019","Genesis","G70","Sport","","genesis","fixed_interval","luxury_sedan","luxury","shared_within_generation","","target","2019 Genesis G70"
"758","genesis-g80-2025-2-5t","2025","Genesis","G80","2.5T","","genesis","fixed_interval","luxury_sedan","luxury","shared_within_generation","","target","2025 Genesis G80"
"759","genesis-g80-2025-3-5t","2025","Genesis","G80","3.5T","","genesis","fixed_interval","luxury_sedan","luxury","shared_within_generation","","target","2025 Genesis G80"
"760","genesis-g80-2025-electrified","2025","Genesis","G80","Electrified","","genesis","fixed_interval","luxury_sedan","luxury","shared_within_generation","","target","2025 Genesis G80"
"761","genesis-g80-2024-2-5t","2024","Genesis","G80","2.5T","","genesis","fixed_interval","luxury_sedan","luxury","shared_within_generation","","target","2024 Genesis G80"
"762","genesis-g80-2024-3-5t","2024","Genesis","G80","3.5T","","genesis","fixed_interval","luxury_sedan","luxury","shared_within_generation","","target","2024 Genesis G80"
"763","genesis-g80-2024-electrified","2024","Genesis","G80","Electrified","","genesis","fixed_interval","luxury_sedan","luxury","shared_within_generation","","target","2024 Genesis G80"
"764","genesis-g80-2023-2-5t","2023","Genesis","G80","2.5T","","genesis","fixed_interval","luxury_sedan","luxury","shared_within_generation","","target","2023 Genesis G80"
"765","genesis-g80-2023-3-5t","2023","Genesis","G80","3.5T","","genesis","fixed_interval","luxury_sedan","luxury","shared_within_generation","","target","2023 Genesis G80"
"766","genesis-g80-2023-electrified","2023","Genesis","G80","Electrified","","genesis","fixed_interval","luxury_sedan","luxury","shared_within_generation","","target","2023 Genesis G80"
"767","genesis-g80-2022-2-5t","2022","Genesis","G80","2.5T","","genesis","fixed_interval","luxury_sedan","luxury","shared_within_generation","","target","2022 Genesis G80"
"768","genesis-g80-2022-3-5t","2022","Genesis","G80","3.5T","","genesis","fixed_interval","luxury_sedan","luxury","shared_within_generation","","target","2022 Genesis G80"
"769","genesis-g80-2022-electrified","2022","Genesis","G80","Electrified","","genesis","fixed_interval","luxury_sedan","luxury","shared_within_generation","","target","2022 Genesis G80"
"770","genesis-g80-2021-2-5t","2021","Genesis","G80","2.5T","","genesis","fixed_interval","luxury_sedan","luxury","shared_within_generation","","target","2021 Genesis G80"
"771","genesis-g80-2021-3-5t","2021","Genesis","G80","3.5T","","genesis","fixed_interval","luxury_sedan","luxury","shared_within_generation","","target","2021 Genesis G80"
"772","genesis-g80-2021-electrified","2021","Genesis","G80","Electrified","","genesis","fixed_interval","luxury_sedan","luxury","shared_within_generation","","target","2021 Genesis G80"
"773","genesis-gv70-2025-2-5t","2025","Genesis","GV70","2.5T","","genesis","fixed_interval","luxury_suv","luxury","shared_within_generation","","target","2025 Genesis GV70"
"774","genesis-gv70-2025-3-5t","2025","Genesis","GV70","3.5T","","genesis","fixed_interval","luxury_suv","luxury","shared_within_generation","","target","2025 Genesis GV70"
"775","genesis-gv70-2025-electrified","2025","Genesis","GV70","Electrified","","genesis","fixed_interval","luxury_suv","luxury","shared_within_generation","","target","2025 Genesis GV70"
"776","genesis-gv70-2024-2-5t","2024","Genesis","GV70","2.5T","","genesis","fixed_interval","luxury_suv","luxury","shared_within_generation","","target","2024 Genesis GV70"
"777","genesis-gv70-2024-3-5t","2024","Genesis","GV70","3.5T","","genesis","fixed_interval","luxury_suv","luxury","shared_within_generation","","target","2024 Genesis GV70"
"778","genesis-gv70-2024-electrified","2024","Genesis","GV70","Electrified","","genesis","fixed_interval","luxury_suv","luxury","shared_within_generation","","target","2024 Genesis GV70"
"779","genesis-gv70-2023-2-5t","2023","Genesis","GV70","2.5T","","genesis","fixed_interval","luxury_suv","luxury","shared_within_generation","","target","2023 Genesis GV70"
"780","genesis-gv70-2023-3-5t","2023","Genesis","GV70","3.5T","","genesis","fixed_interval","luxury_suv","luxury","shared_within_generation","","target","2023 Genesis GV70"
"781","genesis-gv70-2023-electrified","2023","Genesis","GV70","Electrified","","genesis","fixed_interval","luxury_suv","luxury","shared_within_generation","","target","2023 Genesis GV70"
"782","genesis-gv70-2022-2-5t","2022","Genesis","GV70","2.5T","","genesis","fixed_interval","luxury_suv","luxury","shared_within_generation","","target","2022 Genesis GV70"
"783","genesis-gv70-2022-3-5t","2022","Genesis","GV70","3.5T","","genesis","fixed_interval","luxury_suv","luxury","shared_within_generation","","target","2022 Genesis GV70"
"784","genesis-gv70-2022-electrified","2022","Genesis","GV70","Electrified","","genesis","fixed_interval","luxury_suv","luxury","shared_within_generation","","target","2022 Genesis GV70"
"785","genesis-gv80-2025-2-5t","2025","Genesis","GV80","2.5T","","genesis","fixed_interval","luxury_suv","luxury","shared_within_generation","2.5T/3.5T under $80k","target","2025 Genesis GV80"
"786","genesis-gv80-2025-3-5t","2025","Genesis","GV80","3.5T","","genesis","fixed_interval","luxury_suv","luxury","shared_within_generation","2.5T/3.5T under $80k","target","2025 Genesis GV80"
"787","genesis-gv80-2024-2-5t","2024","Genesis","GV80","2.5T","","genesis","fixed_interval","luxury_suv","luxury","shared_within_generation","2.5T/3.5T under $80k","target","2024 Genesis GV80"
"788","genesis-gv80-2024-3-5t","2024","Genesis","GV80","3.5T","","genesis","fixed_interval","luxury_suv","luxury","shared_within_generation","2.5T/3.5T under $80k","target","2024 Genesis GV80"
"789","genesis-gv80-2023-2-5t","2023","Genesis","GV80","2.5T","","genesis","fixed_interval","luxury_suv","luxury","shared_within_generation","2.5T/3.5T under $80k","target","2023 Genesis GV80"
"790","genesis-gv80-2023-3-5t","2023","Genesis","GV80","3.5T","","genesis","fixed_interval","luxury_suv","luxury","shared_within_generation","2.5T/3.5T under $80k","target","2023 Genesis GV80"
"791","genesis-gv80-2022-2-5t","2022","Genesis","GV80","2.5T","","genesis","fixed_interval","luxury_suv","luxury","shared_within_generation","2.5T/3.5T under $80k","target","2022 Genesis GV80"
"792","genesis-gv80-2022-3-5t","2022","Genesis","GV80","3.5T","","genesis","fixed_interval","luxury_suv","luxury","shared_within_generation","2.5T/3.5T under $80k","target","2022 Genesis GV80"
"793","genesis-gv80-2021-2-5t","2021","Genesis","GV80","2.5T","","genesis","fixed_interval","luxury_suv","luxury","shared_within_generation","2.5T/3.5T under $80k","target","2021 Genesis GV80"
"794","genesis-gv80-2021-3-5t","2021","Genesis","GV80","3.5T","","genesis","fixed_interval","luxury_suv","luxury","shared_within_generation","2.5T/3.5T under $80k","target","2021 Genesis GV80"
"795","genesis-gv60-2025-advanced","2025","Genesis","GV60","Advanced","","genesis","ev_simplified","luxury_ev","luxury","shared_within_model_year","","target","2025 Genesis GV60"
"796","genesis-gv60-2025-performance","2025","Genesis","GV60","Performance","","genesis","ev_simplified","luxury_ev","luxury","shared_within_model_year","","target","2025 Genesis GV60"
"797","genesis-gv60-2024-advanced","2024","Genesis","GV60","Advanced","","genesis","ev_simplified","luxury_ev","luxury","shared_within_model_year","","target","2024 Genesis GV60"
"798","genesis-gv60-2024-performance","2024","Genesis","GV60","Performance","","genesis","ev_simplified","luxury_ev","luxury","shared_within_model_year","","target","2024 Genesis GV60"
"799","genesis-gv60-2023-advanced","2023","Genesis","GV60","Advanced","","genesis","ev_simplified","luxury_ev","luxury","shared_within_model_year","","target","2023 Genesis GV60"
"800","genesis-gv60-2023-performance","2023","Genesis","GV60","Performance","","genesis","ev_simplified","luxury_ev","luxury","shared_within_model_year","","target","2023 Genesis GV60"
"801","volvo-s60-2025-b5-core","2025","Volvo","S60","B5 Core","","volvo","fixed_interval","luxury_sedan","luxury","shared_within_generation","","target","2025 Volvo S60"
"802","volvo-s60-2025-b5-plus","2025","Volvo","S60","B5 Plus","","volvo","fixed_interval","luxury_sedan","luxury","shared_within_generation","","target","2025 Volvo S60"
"803","volvo-s60-2025-recharge","2025","Volvo","S60","Recharge","","volvo","fixed_interval","luxury_sedan","luxury","shared_within_generation","","target","2025 Volvo S60"
"804","volvo-s60-2025-recharge-phev","2025","Volvo","S60","Recharge","PHEV","volvo","fixed_interval","luxury_sedan","luxury","shared_within_generation","","target","2025 Volvo S60"
"805","volvo-s60-2024-b5-core","2024","Volvo","S60","B5 Core","","volvo","fixed_interval","luxury_sedan","luxury","shared_within_generation","","target","2024 Volvo S60"
"806","volvo-s60-2024-b5-plus","2024","Volvo","S60","B5 Plus","","volvo","fixed_interval","luxury_sedan","luxury","shared_within_generation","","target","2024 Volvo S60"
"807","volvo-s60-2024-recharge","2024","Volvo","S60","Recharge","","volvo","fixed_interval","luxury_sedan","luxury","shared_within_generation","","target","2024 Volvo S60"
"808","volvo-s60-2024-recharge-phev","2024","Volvo","S60","Recharge","PHEV","volvo","fixed_interval","luxury_sedan","luxury","shared_within_generation","","target","2024 Volvo S60"
"809","volvo-s60-2023-b5-core","2023","Volvo","S60","B5 Core","","volvo","fixed_interval","luxury_sedan","luxury","shared_within_generation","","target","2023 Volvo S60"
"810","volvo-s60-2023-b5-plus","2023","Volvo","S60","B5 Plus","","volvo","fixed_interval","luxury_sedan","luxury","shared_within_generation","","target","2023 Volvo S60"
"811","volvo-s60-2023-recharge","2023","Volvo","S60","Recharge","","volvo","fixed_interval","luxury_sedan","luxury","shared_within_generation","","target","2023 Volvo S60"
"812","volvo-s60-2023-recharge-phev","2023","Volvo","S60","Recharge","PHEV","volvo","fixed_interval","luxury_sedan","luxury","shared_within_generation","","target","2023 Volvo S60"
"813","volvo-s60-2022-b5-core","2022","Volvo","S60","B5 Core","","volvo","fixed_interval","luxury_sedan","luxury","shared_within_generation","","target","2022 Volvo S60"
"814","volvo-s60-2022-b5-plus","2022","Volvo","S60","B5 Plus","","volvo","fixed_interval","luxury_sedan","luxury","shared_within_generation","","target","2022 Volvo S60"
"815","volvo-s60-2022-recharge","2022","Volvo","S60","Recharge","","volvo","fixed_interval","luxury_sedan","luxury","shared_within_generation","","target","2022 Volvo S60"
"816","volvo-s60-2022-recharge-phev","2022","Volvo","S60","Recharge","PHEV","volvo","fixed_interval","luxury_sedan","luxury","shared_within_generation","","target","2022 Volvo S60"
"817","volvo-s60-2021-b5-core","2021","Volvo","S60","B5 Core","","volvo","fixed_interval","luxury_sedan","luxury","shared_within_generation","","target","2021 Volvo S60"
"818","volvo-s60-2021-b5-plus","2021","Volvo","S60","B5 Plus","","volvo","fixed_interval","luxury_sedan","luxury","shared_within_generation","","target","2021 Volvo S60"
"819","volvo-s60-2021-recharge","2021","Volvo","S60","Recharge","","volvo","fixed_interval","luxury_sedan","luxury","shared_within_generation","","target","2021 Volvo S60"
"820","volvo-s60-2021-recharge-phev","2021","Volvo","S60","Recharge","PHEV","volvo","fixed_interval","luxury_sedan","luxury","shared_within_generation","","target","2021 Volvo S60"
"821","volvo-s60-2020-b5-core","2020","Volvo","S60","B5 Core","","volvo","fixed_interval","luxury_sedan","luxury","shared_within_generation","","target","2020 Volvo S60"
"822","volvo-s60-2020-b5-plus","2020","Volvo","S60","B5 Plus","","volvo","fixed_interval","luxury_sedan","luxury","shared_within_generation","","target","2020 Volvo S60"
"823","volvo-s60-2020-recharge","2020","Volvo","S60","Recharge","","volvo","fixed_interval","luxury_sedan","luxury","shared_within_generation","","target","2020 Volvo S60"
"824","volvo-s60-2020-recharge-phev","2020","Volvo","S60","Recharge","PHEV","volvo","fixed_interval","luxury_sedan","luxury","shared_within_generation","","target","2020 Volvo S60"
"825","volvo-s60-2019-b5-core","2019","Volvo","S60","B5 Core","","volvo","fixed_interval","luxury_sedan","luxury","shared_within_generation","","target","2019 Volvo S60"
"826","volvo-s60-2019-b5-plus","2019","Volvo","S60","B5 Plus","","volvo","fixed_interval","luxury_sedan","luxury","shared_within_generation","","target","2019 Volvo S60"
"827","volvo-s60-2019-recharge","2019","Volvo","S60","Recharge","","volvo","fixed_interval","luxury_sedan","luxury","shared_within_generation","","target","2019 Volvo S60"
"828","volvo-s60-2019-recharge-phev","2019","Volvo","S60","Recharge","PHEV","volvo","fixed_interval","luxury_sedan","luxury","shared_within_generation","","target","2019 Volvo S60"
"829","volvo-s90-2025-b6-core","2025","Volvo","S90","B6 Core","","volvo","fixed_interval","luxury_sedan","luxury","shared_within_generation","","target","2025 Volvo S90"
"830","volvo-s90-2025-b6-plus","2025","Volvo","S90","B6 Plus","","volvo","fixed_interval","luxury_sedan","luxury","shared_within_generation","","target","2025 Volvo S90"
"831","volvo-s90-2025-recharge","2025","Volvo","S90","Recharge","","volvo","fixed_interval","luxury_sedan","luxury","shared_within_generation","","target","2025 Volvo S90"
"832","volvo-s90-2024-b6-core","2024","Volvo","S90","B6 Core","","volvo","fixed_interval","luxury_sedan","luxury","shared_within_generation","","target","2024 Volvo S90"
"833","volvo-s90-2024-b6-plus","2024","Volvo","S90","B6 Plus","","volvo","fixed_interval","luxury_sedan","luxury","shared_within_generation","","target","2024 Volvo S90"
"834","volvo-s90-2024-recharge","2024","Volvo","S90","Recharge","","volvo","fixed_interval","luxury_sedan","luxury","shared_within_generation","","target","2024 Volvo S90"
"835","volvo-s90-2023-b6-core","2023","Volvo","S90","B6 Core","","volvo","fixed_interval","luxury_sedan","luxury","shared_within_generation","","target","2023 Volvo S90"
"836","volvo-s90-2023-b6-plus","2023","Volvo","S90","B6 Plus","","volvo","fixed_interval","luxury_sedan","luxury","shared_within_generation","","target","2023 Volvo S90"
"837","volvo-s90-2023-recharge","2023","Volvo","S90","Recharge","","volvo","fixed_interval","luxury_sedan","luxury","shared_within_generation","","target","2023 Volvo S90"
"838","volvo-s90-2022-b6-core","2022","Volvo","S90","B6 Core","","volvo","fixed_interval","luxury_sedan","luxury","shared_within_generation","","target","2022 Volvo S90"
"839","volvo-s90-2022-b6-plus","2022","Volvo","S90","B6 Plus","","volvo","fixed_interval","luxury_sedan","luxury","shared_within_generation","","target","2022 Volvo S90"
"840","volvo-s90-2022-recharge","2022","Volvo","S90","Recharge","","volvo","fixed_interval","luxury_sedan","luxury","shared_within_generation","","target","2022 Volvo S90"
"841","volvo-s90-2021-b6-core","2021","Volvo","S90","B6 Core","","volvo","fixed_interval","luxury_sedan","luxury","shared_within_generation","","target","2021 Volvo S90"
"842","volvo-s90-2021-b6-plus","2021","Volvo","S90","B6 Plus","","volvo","fixed_interval","luxury_sedan","luxury","shared_within_generation","","target","2021 Volvo S90"
"843","volvo-s90-2021-recharge","2021","Volvo","S90","Recharge","","volvo","fixed_interval","luxury_sedan","luxury","shared_within_generation","","target","2021 Volvo S90"
"844","volvo-s90-2020-b6-core","2020","Volvo","S90","B6 Core","","volvo","fixed_interval","luxury_sedan","luxury","shared_within_generation","","target","2020 Volvo S90"
"845","volvo-s90-2020-b6-plus","2020","Volvo","S90","B6 Plus","","volvo","fixed_interval","luxury_sedan","luxury","shared_within_generation","","target","2020 Volvo S90"
"846","volvo-s90-2020-recharge","2020","Volvo","S90","Recharge","","volvo","fixed_interval","luxury_sedan","luxury","shared_within_generation","","target","2020 Volvo S90"
"847","volvo-s90-2019-b6-core","2019","Volvo","S90","B6 Core","","volvo","fixed_interval","luxury_sedan","luxury","shared_within_generation","","target","2019 Volvo S90"
"848","volvo-s90-2019-b6-plus","2019","Volvo","S90","B6 Plus","","volvo","fixed_interval","luxury_sedan","luxury","shared_within_generation","","target","2019 Volvo S90"
"849","volvo-s90-2019-recharge","2019","Volvo","S90","Recharge","","volvo","fixed_interval","luxury_sedan","luxury","shared_within_generation","","target","2019 Volvo S90"
"850","volvo-s90-2018-b6-core","2018","Volvo","S90","B6 Core","","volvo","fixed_interval","luxury_sedan","luxury","shared_within_generation","","target","2018 Volvo S90"
"851","volvo-s90-2018-b6-plus","2018","Volvo","S90","B6 Plus","","volvo","fixed_interval","luxury_sedan","luxury","shared_within_generation","","target","2018 Volvo S90"
"852","volvo-s90-2018-recharge","2018","Volvo","S90","Recharge","","volvo","fixed_interval","luxury_sedan","luxury","shared_within_generation","","target","2018 Volvo S90"
"853","volvo-xc40-2025-b5-core","2025","Volvo","XC40","B5 Core","","volvo","fixed_interval","luxury_suv","luxury","shared_within_generation","","target","2025 Volvo XC40"
"854","volvo-xc40-2025-b5-plus","2025","Volvo","XC40","B5 Plus","","volvo","fixed_interval","luxury_suv","luxury","shared_within_generation","","target","2025 Volvo XC40"
"855","volvo-xc40-2025-recharge","2025","Volvo","XC40","Recharge","","volvo","fixed_interval","luxury_suv","luxury","shared_within_generation","","target","2025 Volvo XC40"
"856","volvo-xc40-2025-recharge-pure-electric-electric","2025","Volvo","XC40","Recharge Pure Electric","Electric","volvo","ev_simplified","luxury_suv","luxury","shared_within_generation","","target","2025 Volvo XC40"
"857","volvo-xc40-2024-b5-core","2024","Volvo","XC40","B5 Core","","volvo","fixed_interval","luxury_suv","luxury","shared_within_generation","","target","2024 Volvo XC40"
"858","volvo-xc40-2024-b5-plus","2024","Volvo","XC40","B5 Plus","","volvo","fixed_interval","luxury_suv","luxury","shared_within_generation","","target","2024 Volvo XC40"
"859","volvo-xc40-2024-recharge","2024","Volvo","XC40","Recharge","","volvo","fixed_interval","luxury_suv","luxury","shared_within_generation","","target","2024 Volvo XC40"
"860","volvo-xc40-2024-recharge-pure-electric-electric","2024","Volvo","XC40","Recharge Pure Electric","Electric","volvo","ev_simplified","luxury_suv","luxury","shared_within_generation","","target","2024 Volvo XC40"
"861","volvo-xc40-2023-b5-core","2023","Volvo","XC40","B5 Core","","volvo","fixed_interval","luxury_suv","luxury","shared_within_generation","","target","2023 Volvo XC40"
"862","volvo-xc40-2023-b5-plus","2023","Volvo","XC40","B5 Plus","","volvo","fixed_interval","luxury_suv","luxury","shared_within_generation","","target","2023 Volvo XC40"
"863","volvo-xc40-2023-recharge","2023","Volvo","XC40","Recharge","","volvo","fixed_interval","luxury_suv","luxury","shared_within_generation","","target","2023 Volvo XC40"
"864","volvo-xc40-2023-recharge-pure-electric-electric","2023","Volvo","XC40","Recharge Pure Electric","Electric","volvo","ev_simplified","luxury_suv","luxury","shared_within_generation","","target","2023 Volvo XC40"
"865","volvo-xc40-2022-b5-core","2022","Volvo","XC40","B5 Core","","volvo","fixed_interval","luxury_suv","luxury","shared_within_generation","","target","2022 Volvo XC40"
"866","volvo-xc40-2022-b5-plus","2022","Volvo","XC40","B5 Plus","","volvo","fixed_interval","luxury_suv","luxury","shared_within_generation","","target","2022 Volvo XC40"
"867","volvo-xc40-2022-recharge","2022","Volvo","XC40","Recharge","","volvo","fixed_interval","luxury_suv","luxury","shared_within_generation","","target","2022 Volvo XC40"
"868","volvo-xc40-2022-recharge-pure-electric-electric","2022","Volvo","XC40","Recharge Pure Electric","Electric","volvo","ev_simplified","luxury_suv","luxury","shared_within_generation","","target","2022 Volvo XC40"
"869","volvo-xc40-2021-b5-core","2021","Volvo","XC40","B5 Core","","volvo","fixed_interval","luxury_suv","luxury","shared_within_generation","","target","2021 Volvo XC40"
"870","volvo-xc40-2021-b5-plus","2021","Volvo","XC40","B5 Plus","","volvo","fixed_interval","luxury_suv","luxury","shared_within_generation","","target","2021 Volvo XC40"
"871","volvo-xc40-2021-recharge","2021","Volvo","XC40","Recharge","","volvo","fixed_interval","luxury_suv","luxury","shared_within_generation","","target","2021 Volvo XC40"
"872","volvo-xc40-2021-recharge-pure-electric-electric","2021","Volvo","XC40","Recharge Pure Electric","Electric","volvo","ev_simplified","luxury_suv","luxury","shared_within_generation","","target","2021 Volvo XC40"
"873","volvo-xc40-2020-b5-core","2020","Volvo","XC40","B5 Core","","volvo","fixed_interval","luxury_suv","luxury","shared_within_generation","","target","2020 Volvo XC40"
"874","volvo-xc40-2020-b5-plus","2020","Volvo","XC40","B5 Plus","","volvo","fixed_interval","luxury_suv","luxury","shared_within_generation","","target","2020 Volvo XC40"
"875","volvo-xc40-2020-recharge","2020","Volvo","XC40","Recharge","","volvo","fixed_interval","luxury_suv","luxury","shared_within_generation","","target","2020 Volvo XC40"
"876","volvo-xc40-2020-recharge-pure-electric-electric","2020","Volvo","XC40","Recharge Pure Electric","Electric","volvo","ev_simplified","luxury_suv","luxury","shared_within_generation","","target","2020 Volvo XC40"
"877","volvo-xc40-2019-b5-core","2019","Volvo","XC40","B5 Core","","volvo","fixed_interval","luxury_suv","luxury","shared_within_generation","","target","2019 Volvo XC40"
"878","volvo-xc40-2019-b5-plus","2019","Volvo","XC40","B5 Plus","","volvo","fixed_interval","luxury_suv","luxury","shared_within_generation","","target","2019 Volvo XC40"
"879","volvo-xc40-2019-recharge","2019","Volvo","XC40","Recharge","","volvo","fixed_interval","luxury_suv","luxury","shared_within_generation","","target","2019 Volvo XC40"
"880","volvo-xc40-2019-recharge-pure-electric-electric","2019","Volvo","XC40","Recharge Pure Electric","Electric","volvo","ev_simplified","luxury_suv","luxury","shared_within_generation","","target","2019 Volvo XC40"
"881","volvo-xc60-2025-b5-core","2025","Volvo","XC60","B5 Core","","volvo","fixed_interval","luxury_suv","luxury","shared_spa_generation","","target","2025 Volvo XC60"
"882","volvo-xc60-2025-b5-plus","2025","Volvo","XC60","B5 Plus","","volvo","fixed_interval","luxury_suv","luxury","shared_spa_generation","","target","2025 Volvo XC60"
"883","volvo-xc60-2025-recharge","2025","Volvo","XC60","Recharge","","volvo","fixed_interval","luxury_suv","luxury","shared_spa_generation","","target","2025 Volvo XC60"
"884","volvo-xc60-2024-b5-core","2024","Volvo","XC60","B5 Core","","volvo","fixed_interval","luxury_suv","luxury","shared_spa_generation","","target","2024 Volvo XC60"
"885","volvo-xc60-2024-b5-plus","2024","Volvo","XC60","B5 Plus","","volvo","fixed_interval","luxury_suv","luxury","shared_spa_generation","","target","2024 Volvo XC60"
"886","volvo-xc60-2024-recharge","2024","Volvo","XC60","Recharge","","volvo","fixed_interval","luxury_suv","luxury","shared_spa_generation","","target","2024 Volvo XC60"
"887","volvo-xc60-2023-b5-core","2023","Volvo","XC60","B5 Core","","volvo","fixed_interval","luxury_suv","luxury","shared_spa_generation","","target","2023 Volvo XC60"
"888","volvo-xc60-2023-b5-plus","2023","Volvo","XC60","B5 Plus","","volvo","fixed_interval","luxury_suv","luxury","shared_spa_generation","","target","2023 Volvo XC60"
"889","volvo-xc60-2023-recharge","2023","Volvo","XC60","Recharge","","volvo","fixed_interval","luxury_suv","luxury","shared_spa_generation","","target","2023 Volvo XC60"
"890","volvo-xc60-2022-b5-core","2022","Volvo","XC60","B5 Core","","volvo","fixed_interval","luxury_suv","luxury","shared_spa_generation","","target","2022 Volvo XC60"
"891","volvo-xc60-2022-b5-plus","2022","Volvo","XC60","B5 Plus","","volvo","fixed_interval","luxury_suv","luxury","shared_spa_generation","","target","2022 Volvo XC60"
"892","volvo-xc60-2022-recharge","2022","Volvo","XC60","Recharge","","volvo","fixed_interval","luxury_suv","luxury","shared_spa_generation","","target","2022 Volvo XC60"
"893","volvo-xc60-2021-b5-core","2021","Volvo","XC60","B5 Core","","volvo","fixed_interval","luxury_suv","luxury","shared_spa_generation","","target","2021 Volvo XC60"
"894","volvo-xc60-2021-b5-plus","2021","Volvo","XC60","B5 Plus","","volvo","fixed_interval","luxury_suv","luxury","shared_spa_generation","","target","2021 Volvo XC60"
"895","volvo-xc60-2021-recharge","2021","Volvo","XC60","Recharge","","volvo","fixed_interval","luxury_suv","luxury","shared_spa_generation","","target","2021 Volvo XC60"
"896","volvo-xc60-2020-b5-core","2020","Volvo","XC60","B5 Core","","volvo","fixed_interval","luxury_suv","luxury","shared_spa_generation","","target","2020 Volvo XC60"
"897","volvo-xc60-2020-b5-plus","2020","Volvo","XC60","B5 Plus","","volvo","fixed_interval","luxury_suv","luxury","shared_spa_generation","","target","2020 Volvo XC60"
"898","volvo-xc60-2020-recharge","2020","Volvo","XC60","Recharge","","volvo","fixed_interval","luxury_suv","luxury","shared_spa_generation","","target","2020 Volvo XC60"
"899","volvo-xc60-2019-b5-core","2019","Volvo","XC60","B5 Core","","volvo","fixed_interval","luxury_suv","luxury","shared_spa_generation","","target","2019 Volvo XC60"
"900","volvo-xc60-2019-b5-plus","2019","Volvo","XC60","B5 Plus","","volvo","fixed_interval","luxury_suv","luxury","shared_spa_generation","","target","2019 Volvo XC60"
"901","toyota-rav4-2025-le","2025","Toyota","RAV4","LE","","toyota","fixed_interval","volume_suv","volume","","","target","2025 Toyota RAV4"
"902","toyota-rav4-2025-xle","2025","Toyota","RAV4","XLE","","toyota","fixed_interval","volume_suv","volume","","","target","2025 Toyota RAV4"
"903","toyota-rav4-2025-xse","2025","Toyota","RAV4","XSE","","toyota","fixed_interval","volume_suv","volume","","","target","2025 Toyota RAV4"
"904","toyota-rav4-2025-xle-hybrid","2025","Toyota","RAV4","XLE","Hybrid","toyota","fixed_interval","volume_suv","volume","","","target","2025 Toyota RAV4"
"905","toyota-rav4-2024-le","2024","Toyota","RAV4","LE","","toyota","fixed_interval","volume_suv","volume","","","in_catalog","2024 Toyota RAV4"
"906","toyota-rav4-2024-xle","2024","Toyota","RAV4","XLE","","toyota","fixed_interval","volume_suv","volume","","","target","2024 Toyota RAV4"
"907","toyota-rav4-2024-xse","2024","Toyota","RAV4","XSE","","toyota","fixed_interval","volume_suv","volume","","","target","2024 Toyota RAV4"
"908","toyota-rav4-2024-xle-hybrid","2024","Toyota","RAV4","XLE","Hybrid","toyota","fixed_interval","volume_suv","volume","","","target","2024 Toyota RAV4"
"909","toyota-rav4-2023-le","2023","Toyota","RAV4","LE","","toyota","fixed_interval","volume_suv","volume","","","target","2023 Toyota RAV4"
"910","toyota-rav4-2023-xle","2023","Toyota","RAV4","XLE","","toyota","fixed_interval","volume_suv","volume","","","target","2023 Toyota RAV4"
"911","toyota-rav4-2023-xse","2023","Toyota","RAV4","XSE","","toyota","fixed_interval","volume_suv","volume","","","target","2023 Toyota RAV4"
"912","toyota-rav4-2023-xle-hybrid","2023","Toyota","RAV4","XLE","Hybrid","toyota","fixed_interval","volume_suv","volume","","","target","2023 Toyota RAV4"
"913","toyota-rav4-2022-le","2022","Toyota","RAV4","LE","","toyota","fixed_interval","volume_suv","volume","","","target","2022 Toyota RAV4"
"914","toyota-rav4-2022-xle","2022","Toyota","RAV4","XLE","","toyota","fixed_interval","volume_suv","volume","","","target","2022 Toyota RAV4"
"915","toyota-rav4-2022-xse","2022","Toyota","RAV4","XSE","","toyota","fixed_interval","volume_suv","volume","","","target","2022 Toyota RAV4"
"916","toyota-rav4-2022-xle-hybrid","2022","Toyota","RAV4","XLE","Hybrid","toyota","fixed_interval","volume_suv","volume","","","target","2022 Toyota RAV4"
"917","toyota-rav4-2021-le","2021","Toyota","RAV4","LE","","toyota","fixed_interval","volume_suv","volume","","","target","2021 Toyota RAV4"
"918","toyota-rav4-2021-xle","2021","Toyota","RAV4","XLE","","toyota","fixed_interval","volume_suv","volume","","","target","2021 Toyota RAV4"
"919","toyota-rav4-2021-xse","2021","Toyota","RAV4","XSE","","toyota","fixed_interval","volume_suv","volume","","","target","2021 Toyota RAV4"
"920","toyota-rav4-2021-xle-hybrid","2021","Toyota","RAV4","XLE","Hybrid","toyota","fixed_interval","volume_suv","volume","","","target","2021 Toyota RAV4"
"921","toyota-rav4-2020-le","2020","Toyota","RAV4","LE","","toyota","fixed_interval","volume_suv","volume","","","target","2020 Toyota RAV4"
"922","toyota-rav4-2020-xle","2020","Toyota","RAV4","XLE","","toyota","fixed_interval","volume_suv","volume","","","target","2020 Toyota RAV4"
"923","toyota-rav4-2020-xse","2020","Toyota","RAV4","XSE","","toyota","fixed_interval","volume_suv","volume","","","target","2020 Toyota RAV4"
"924","toyota-rav4-2020-xle-hybrid","2020","Toyota","RAV4","XLE","Hybrid","toyota","fixed_interval","volume_suv","volume","","","target","2020 Toyota RAV4"
"925","honda-cr-v-2025-ex","2025","Honda","CR-V","EX","","honda","maintenance_minder","volume_suv","volume","","","target","2025 Honda CR-V"
"926","honda-cr-v-2025-ex-l","2025","Honda","CR-V","EX-L","","honda","maintenance_minder","volume_suv","volume","","","target","2025 Honda CR-V"
"927","honda-cr-v-2025-touring","2025","Honda","CR-V","Touring","","honda","maintenance_minder","volume_suv","volume","","","target","2025 Honda CR-V"
"928","honda-cr-v-2024-ex","2024","Honda","CR-V","EX","","honda","maintenance_minder","volume_suv","volume","","","in_catalog","2024 Honda CR-V"
"929","honda-cr-v-2024-ex-l","2024","Honda","CR-V","EX-L","","honda","maintenance_minder","volume_suv","volume","","","target","2024 Honda CR-V"
"930","honda-cr-v-2024-touring","2024","Honda","CR-V","Touring","","honda","maintenance_minder","volume_suv","volume","","","target","2024 Honda CR-V"
"931","honda-cr-v-2023-ex","2023","Honda","CR-V","EX","","honda","maintenance_minder","volume_suv","volume","","","target","2023 Honda CR-V"
"932","honda-cr-v-2023-ex-l","2023","Honda","CR-V","EX-L","","honda","maintenance_minder","volume_suv","volume","","","target","2023 Honda CR-V"
"933","honda-cr-v-2023-touring","2023","Honda","CR-V","Touring","","honda","maintenance_minder","volume_suv","volume","","","target","2023 Honda CR-V"
"934","honda-cr-v-2022-ex","2022","Honda","CR-V","EX","","honda","maintenance_minder","volume_suv","volume","","","target","2022 Honda CR-V"
"935","honda-cr-v-2022-ex-l","2022","Honda","CR-V","EX-L","","honda","maintenance_minder","volume_suv","volume","","","target","2022 Honda CR-V"
"936","honda-cr-v-2022-touring","2022","Honda","CR-V","Touring","","honda","maintenance_minder","volume_suv","volume","","","target","2022 Honda CR-V"
"937","honda-cr-v-2021-ex","2021","Honda","CR-V","EX","","honda","maintenance_minder","volume_suv","volume","","","target","2021 Honda CR-V"
"938","honda-cr-v-2021-ex-l","2021","Honda","CR-V","EX-L","","honda","maintenance_minder","volume_suv","volume","","","target","2021 Honda CR-V"
"939","honda-cr-v-2021-touring","2021","Honda","CR-V","Touring","","honda","maintenance_minder","volume_suv","volume","","","target","2021 Honda CR-V"
"940","honda-cr-v-2020-ex","2020","Honda","CR-V","EX","","honda","maintenance_minder","volume_suv","volume","","","target","2020 Honda CR-V"
"941","honda-cr-v-2020-ex-l","2020","Honda","CR-V","EX-L","","honda","maintenance_minder","volume_suv","volume","","","target","2020 Honda CR-V"
"942","honda-cr-v-2020-touring","2020","Honda","CR-V","Touring","","honda","maintenance_minder","volume_suv","volume","","","target","2020 Honda CR-V"
"943","chevrolet-equinox-2025-lt","2025","Chevrolet","Equinox","LT","","chevy","fixed_interval","volume_suv","volume","","","target","2025 Chevrolet Equinox"
"944","chevrolet-equinox-2025-rs","2025","Chevrolet","Equinox","RS","","chevy","fixed_interval","volume_suv","volume","","","target","2025 Chevrolet Equinox"
"945","chevrolet-equinox-2025-activ","2025","Chevrolet","Equinox","Activ","","chevy","fixed_interval","volume_suv","volume","","","target","2025 Chevrolet Equinox"
"946","chevrolet-equinox-2024-lt","2024","Chevrolet","Equinox","LT","","chevy","fixed_interval","volume_suv","volume","","","target","2024 Chevrolet Equinox"
"947","chevrolet-equinox-2024-rs","2024","Chevrolet","Equinox","RS","","chevy","fixed_interval","volume_suv","volume","","","target","2024 Chevrolet Equinox"
"948","chevrolet-equinox-2024-activ","2024","Chevrolet","Equinox","Activ","","chevy","fixed_interval","volume_suv","volume","","","target","2024 Chevrolet Equinox"
"949","chevrolet-equinox-2023-lt","2023","Chevrolet","Equinox","LT","","chevy","fixed_interval","volume_suv","volume","","","target","2023 Chevrolet Equinox"
"950","chevrolet-equinox-2023-rs","2023","Chevrolet","Equinox","RS","","chevy","fixed_interval","volume_suv","volume","","","target","2023 Chevrolet Equinox"
"951","chevrolet-equinox-2023-activ","2023","Chevrolet","Equinox","Activ","","chevy","fixed_interval","volume_suv","volume","","","target","2023 Chevrolet Equinox"
"952","chevrolet-equinox-2022-lt","2022","Chevrolet","Equinox","LT","","chevy","fixed_interval","volume_suv","volume","","","target","2022 Chevrolet Equinox"
"953","chevrolet-equinox-2022-rs","2022","Chevrolet","Equinox","RS","","chevy","fixed_interval","volume_suv","volume","","","target","2022 Chevrolet Equinox"
"954","chevrolet-equinox-2022-activ","2022","Chevrolet","Equinox","Activ","","chevy","fixed_interval","volume_suv","volume","","","target","2022 Chevrolet Equinox"
"955","chevrolet-equinox-2021-lt","2021","Chevrolet","Equinox","LT","","chevy","fixed_interval","volume_suv","volume","","","target","2021 Chevrolet Equinox"
"956","chevrolet-equinox-2021-rs","2021","Chevrolet","Equinox","RS","","chevy","fixed_interval","volume_suv","volume","","","target","2021 Chevrolet Equinox"
"957","chevrolet-equinox-2021-activ","2021","Chevrolet","Equinox","Activ","","chevy","fixed_interval","volume_suv","volume","","","target","2021 Chevrolet Equinox"
"958","chevrolet-equinox-2020-lt","2020","Chevrolet","Equinox","LT","","chevy","fixed_interval","volume_suv","volume","","","target","2020 Chevrolet Equinox"
"959","chevrolet-equinox-2020-rs","2020","Chevrolet","Equinox","RS","","chevy","fixed_interval","volume_suv","volume","","","target","2020 Chevrolet Equinox"
"960","chevrolet-equinox-2020-activ","2020","Chevrolet","Equinox","Activ","","chevy","fixed_interval","volume_suv","volume","","","target","2020 Chevrolet Equinox"
"961","toyota-camry-2025-le","2025","Toyota","Camry","LE","","toyota","fixed_interval","volume_sedan","volume","","","target","2025 Toyota Camry"
"962","toyota-camry-2025-se","2025","Toyota","Camry","SE","","toyota","fixed_interval","volume_sedan","volume","","","target","2025 Toyota Camry"
"963","toyota-camry-2025-xse","2025","Toyota","Camry","XSE","","toyota","fixed_interval","volume_sedan","volume","","","target","2025 Toyota Camry"
"964","toyota-camry-2024-le","2024","Toyota","Camry","LE","","toyota","fixed_interval","volume_sedan","volume","","","in_catalog","2024 Toyota Camry"
"965","toyota-camry-2024-se","2024","Toyota","Camry","SE","","toyota","fixed_interval","volume_sedan","volume","","","target","2024 Toyota Camry"
"966","toyota-camry-2024-xse","2024","Toyota","Camry","XSE","","toyota","fixed_interval","volume_sedan","volume","","","in_catalog","2024 Toyota Camry"
"967","toyota-camry-2023-le","2023","Toyota","Camry","LE","","toyota","fixed_interval","volume_sedan","volume","","","target","2023 Toyota Camry"
"968","toyota-camry-2023-se","2023","Toyota","Camry","SE","","toyota","fixed_interval","volume_sedan","volume","","","target","2023 Toyota Camry"
"969","toyota-camry-2023-xse","2023","Toyota","Camry","XSE","","toyota","fixed_interval","volume_sedan","volume","","","target","2023 Toyota Camry"
"970","toyota-camry-2022-le","2022","Toyota","Camry","LE","","toyota","fixed_interval","volume_sedan","volume","","","target","2022 Toyota Camry"
"971","toyota-camry-2022-se","2022","Toyota","Camry","SE","","toyota","fixed_interval","volume_sedan","volume","","","target","2022 Toyota Camry"
"972","toyota-camry-2022-xse","2022","Toyota","Camry","XSE","","toyota","fixed_interval","volume_sedan","volume","","","target","2022 Toyota Camry"
"973","toyota-camry-2021-le","2021","Toyota","Camry","LE","","toyota","fixed_interval","volume_sedan","volume","","","target","2021 Toyota Camry"
"974","toyota-camry-2021-se","2021","Toyota","Camry","SE","","toyota","fixed_interval","volume_sedan","volume","","","target","2021 Toyota Camry"
"975","toyota-camry-2021-xse","2021","Toyota","Camry","XSE","","toyota","fixed_interval","volume_sedan","volume","","","target","2021 Toyota Camry"
"976","toyota-camry-2020-le","2020","Toyota","Camry","LE","","toyota","fixed_interval","volume_sedan","volume","","","target","2020 Toyota Camry"
"977","toyota-camry-2020-se","2020","Toyota","Camry","SE","","toyota","fixed_interval","volume_sedan","volume","","","target","2020 Toyota Camry"
"978","toyota-camry-2020-xse","2020","Toyota","Camry","XSE","","toyota","fixed_interval","volume_sedan","volume","","","target","2020 Toyota Camry"
"979","honda-civic-2025-sport","2025","Honda","Civic","Sport","","honda","maintenance_minder","volume_sedan","volume","","","target","2025 Honda Civic"
"980","honda-civic-2025-ex","2025","Honda","Civic","EX","","honda","maintenance_minder","volume_sedan","volume","","","target","2025 Honda Civic"
"981","honda-civic-2025-touring","2025","Honda","Civic","Touring","","honda","maintenance_minder","volume_sedan","volume","","","target","2025 Honda Civic"
"982","honda-civic-2024-sport","2024","Honda","Civic","Sport","","honda","maintenance_minder","volume_sedan","volume","","","in_catalog","2024 Honda Civic"
"983","honda-civic-2024-ex","2024","Honda","Civic","EX","","honda","maintenance_minder","volume_sedan","volume","","","target","2024 Honda Civic"
"984","honda-civic-2024-touring","2024","Honda","Civic","Touring","","honda","maintenance_minder","volume_sedan","volume","","","target","2024 Honda Civic"
"985","honda-civic-2023-sport","2023","Honda","Civic","Sport","","honda","maintenance_minder","volume_sedan","volume","","","target","2023 Honda Civic"
"986","honda-civic-2023-ex","2023","Honda","Civic","EX","","honda","maintenance_minder","volume_sedan","volume","","","target","2023 Honda Civic"
"987","honda-civic-2023-touring","2023","Honda","Civic","Touring","","honda","maintenance_minder","volume_sedan","volume","","","target","2023 Honda Civic"
"988","honda-civic-2022-sport","2022","Honda","Civic","Sport","","honda","maintenance_minder","volume_sedan","volume","","","target","2022 Honda Civic"
"989","honda-civic-2022-ex","2022","Honda","Civic","EX","","honda","maintenance_minder","volume_sedan","volume","","","target","2022 Honda Civic"
"990","honda-civic-2022-touring","2022","Honda","Civic","Touring","","honda","maintenance_minder","volume_sedan","volume","","","target","2022 Honda Civic"
"991","honda-civic-2021-sport","2021","Honda","Civic","Sport","","honda","maintenance_minder","volume_sedan","volume","","","target","2021 Honda Civic"
"992","honda-civic-2021-ex","2021","Honda","Civic","EX","","honda","maintenance_minder","volume_sedan","volume","","","target","2021 Honda Civic"
"993","honda-civic-2021-touring","2021","Honda","Civic","Touring","","honda","maintenance_minder","volume_sedan","volume","","","target","2021 Honda Civic"
"994","honda-civic-2020-sport","2020","Honda","Civic","Sport","","honda","maintenance_minder","volume_sedan","volume","","","target","2020 Honda Civic"
"995","honda-civic-2020-ex","2020","Honda","Civic","EX","","honda","maintenance_minder","volume_sedan","volume","","","target","2020 Honda Civic"
"996","honda-civic-2020-touring","2020","Honda","Civic","Touring","","honda","maintenance_minder","volume_sedan","volume","","","target","2020 Honda Civic"
"997","toyota-corolla-2025-le","2025","Toyota","Corolla","LE","","toyota","fixed_interval","volume_sedan","volume","","","target","2025 Toyota Corolla"
"998","toyota-corolla-2025-se","2025","Toyota","Corolla","SE","","toyota","fixed_interval","volume_sedan","volume","","","target","2025 Toyota Corolla"
"999","toyota-corolla-2025-xse","2025","Toyota","Corolla","XSE","","toyota","fixed_interval","volume_sedan","volume","","","target","2025 Toyota Corolla"
"1000","toyota-corolla-2024-le","2024","Toyota","Corolla","LE","","toyota","fixed_interval","volume_sedan","volume","","","in_catalog","2024 Toyota Corolla"
"1001","toyota-corolla-2024-se","2024","Toyota","Corolla","SE","","toyota","fixed_interval","volume_sedan","volume","","","target","2024 Toyota Corolla"
"1002","toyota-corolla-2024-xse","2024","Toyota","Corolla","XSE","","toyota","fixed_interval","volume_sedan","volume","","","target","2024 Toyota Corolla"
"1003","toyota-corolla-2023-le","2023","Toyota","Corolla","LE","","toyota","fixed_interval","volume_sedan","volume","","","target","2023 Toyota Corolla"
"1004","toyota-corolla-2023-se","2023","Toyota","Corolla","SE","","toyota","fixed_interval","volume_sedan","volume","","","target","2023 Toyota Corolla"
"1005","toyota-corolla-2023-xse","2023","Toyota","Corolla","XSE","","toyota","fixed_interval","volume_sedan","volume","","","target","2023 Toyota Corolla"
"1006","toyota-corolla-2022-le","2022","Toyota","Corolla","LE","","toyota","fixed_interval","volume_sedan","volume","","","target","2022 Toyota Corolla"
"1007","toyota-corolla-2022-se","2022","Toyota","Corolla","SE","","toyota","fixed_interval","volume_sedan","volume","","","target","2022 Toyota Corolla"
"1008","toyota-corolla-2022-xse","2022","Toyota","Corolla","XSE","","toyota","fixed_interval","volume_sedan","volume","","","target","2022 Toyota Corolla"
"1009","toyota-corolla-2021-le","2021","Toyota","Corolla","LE","","toyota","fixed_interval","volume_sedan","volume","","","target","2021 Toyota Corolla"
"1010","toyota-corolla-2021-se","2021","Toyota","Corolla","SE","","toyota","fixed_interval","volume_sedan","volume","","","target","2021 Toyota Corolla"
"1011","toyota-corolla-2021-xse","2021","Toyota","Corolla","XSE","","toyota","fixed_interval","volume_sedan","volume","","","target","2021 Toyota Corolla"
"1012","toyota-corolla-2020-le","2020","Toyota","Corolla","LE","","toyota","fixed_interval","volume_sedan","volume","","","target","2020 Toyota Corolla"
"1013","toyota-corolla-2020-se","2020","Toyota","Corolla","SE","","toyota","fixed_interval","volume_sedan","volume","","","target","2020 Toyota Corolla"
"1014","toyota-corolla-2020-xse","2020","Toyota","Corolla","XSE","","toyota","fixed_interval","volume_sedan","volume","","","target","2020 Toyota Corolla"
"1015","toyota-highlander-2025-le","2025","Toyota","Highlander","LE","","toyota","fixed_interval","volume_suv","volume","","","target","2025 Toyota Highlander"
"1016","toyota-highlander-2025-xle","2025","Toyota","Highlander","XLE","","toyota","fixed_interval","volume_suv","volume","","","target","2025 Toyota Highlander"
"1017","toyota-highlander-2025-limited","2025","Toyota","Highlander","Limited","","toyota","fixed_interval","volume_suv","volume","","","target","2025 Toyota Highlander"
"1018","toyota-highlander-2025-xle-hybrid","2025","Toyota","Highlander","XLE","Hybrid","toyota","fixed_interval","volume_suv","volume","","","target","2025 Toyota Highlander"
"1019","toyota-highlander-2024-le","2024","Toyota","Highlander","LE","","toyota","fixed_interval","volume_suv","volume","","","in_catalog","2024 Toyota Highlander"
"1020","toyota-highlander-2024-xle","2024","Toyota","Highlander","XLE","","toyota","fixed_interval","volume_suv","volume","","","target","2024 Toyota Highlander"
"1021","toyota-highlander-2024-limited","2024","Toyota","Highlander","Limited","","toyota","fixed_interval","volume_suv","volume","","","target","2024 Toyota Highlander"
"1022","toyota-highlander-2024-xle-hybrid","2024","Toyota","Highlander","XLE","Hybrid","toyota","fixed_interval","volume_suv","volume","","","target","2024 Toyota Highlander"
"1023","toyota-highlander-2023-le","2023","Toyota","Highlander","LE","","toyota","fixed_interval","volume_suv","volume","","","target","2023 Toyota Highlander"
"1024","toyota-highlander-2023-xle","2023","Toyota","Highlander","XLE","","toyota","fixed_interval","volume_suv","volume","","","target","2023 Toyota Highlander"
"1025","toyota-highlander-2023-limited","2023","Toyota","Highlander","Limited","","toyota","fixed_interval","volume_suv","volume","","","target","2023 Toyota Highlander"
"1026","toyota-highlander-2023-xle-hybrid","2023","Toyota","Highlander","XLE","Hybrid","toyota","fixed_interval","volume_suv","volume","","","target","2023 Toyota Highlander"
"1027","toyota-highlander-2022-le","2022","Toyota","Highlander","LE","","toyota","fixed_interval","volume_suv","volume","","","target","2022 Toyota Highlander"
"1028","toyota-highlander-2022-xle","2022","Toyota","Highlander","XLE","","toyota","fixed_interval","volume_suv","volume","","","target","2022 Toyota Highlander"
"1029","toyota-highlander-2022-limited","2022","Toyota","Highlander","Limited","","toyota","fixed_interval","volume_suv","volume","","","target","2022 Toyota Highlander"
"1030","toyota-highlander-2022-xle-hybrid","2022","Toyota","Highlander","XLE","Hybrid","toyota","fixed_interval","volume_suv","volume","","","target","2022 Toyota Highlander"
"1031","toyota-highlander-2021-le","2021","Toyota","Highlander","LE","","toyota","fixed_interval","volume_suv","volume","","","target","2021 Toyota Highlander"
"1032","toyota-highlander-2021-xle","2021","Toyota","Highlander","XLE","","toyota","fixed_interval","volume_suv","volume","","","target","2021 Toyota Highlander"
"1033","toyota-highlander-2021-limited","2021","Toyota","Highlander","Limited","","toyota","fixed_interval","volume_suv","volume","","","target","2021 Toyota Highlander"
"1034","toyota-highlander-2021-xle-hybrid","2021","Toyota","Highlander","XLE","Hybrid","toyota","fixed_interval","volume_suv","volume","","","target","2021 Toyota Highlander"
"1035","toyota-highlander-2020-le","2020","Toyota","Highlander","LE","","toyota","fixed_interval","volume_suv","volume","","","target","2020 Toyota Highlander"
"1036","toyota-highlander-2020-xle","2020","Toyota","Highlander","XLE","","toyota","fixed_interval","volume_suv","volume","","","target","2020 Toyota Highlander"
"1037","toyota-highlander-2020-limited","2020","Toyota","Highlander","Limited","","toyota","fixed_interval","volume_suv","volume","","","target","2020 Toyota Highlander"
"1038","toyota-highlander-2020-xle-hybrid","2020","Toyota","Highlander","XLE","Hybrid","toyota","fixed_interval","volume_suv","volume","","","target","2020 Toyota Highlander"
"1039","honda-accord-2025-ex","2025","Honda","Accord","EX","","honda","maintenance_minder","volume_sedan","volume","","","target","2025 Honda Accord"
"1040","honda-accord-2025-sport","2025","Honda","Accord","Sport","","honda","maintenance_minder","volume_sedan","volume","","","target","2025 Honda Accord"
"1041","honda-accord-2025-touring","2025","Honda","Accord","Touring","","honda","maintenance_minder","volume_sedan","volume","","","target","2025 Honda Accord"
"1042","honda-accord-2025-ex-hybrid","2025","Honda","Accord","EX","Hybrid","honda","maintenance_minder","volume_sedan","volume","","","target","2025 Honda Accord"
"1043","honda-accord-2024-ex","2024","Honda","Accord","EX","","honda","maintenance_minder","volume_sedan","volume","","","in_catalog","2024 Honda Accord"
"1044","honda-accord-2024-sport","2024","Honda","Accord","Sport","","honda","maintenance_minder","volume_sedan","volume","","","target","2024 Honda Accord"
"1045","honda-accord-2024-touring","2024","Honda","Accord","Touring","","honda","maintenance_minder","volume_sedan","volume","","","target","2024 Honda Accord"
"1046","honda-accord-2024-ex-hybrid","2024","Honda","Accord","EX","Hybrid","honda","maintenance_minder","volume_sedan","volume","","","target","2024 Honda Accord"
"1047","honda-accord-2023-ex","2023","Honda","Accord","EX","","honda","maintenance_minder","volume_sedan","volume","","","target","2023 Honda Accord"
"1048","honda-accord-2023-sport","2023","Honda","Accord","Sport","","honda","maintenance_minder","volume_sedan","volume","","","target","2023 Honda Accord"
"1049","honda-accord-2023-touring","2023","Honda","Accord","Touring","","honda","maintenance_minder","volume_sedan","volume","","","target","2023 Honda Accord"
"1050","honda-accord-2023-ex-hybrid","2023","Honda","Accord","EX","Hybrid","honda","maintenance_minder","volume_sedan","volume","","","target","2023 Honda Accord"
"1051","honda-accord-2022-ex","2022","Honda","Accord","EX","","honda","maintenance_minder","volume_sedan","volume","","","target","2022 Honda Accord"
"1052","honda-accord-2022-sport","2022","Honda","Accord","Sport","","honda","maintenance_minder","volume_sedan","volume","","","target","2022 Honda Accord"
"1053","honda-accord-2022-touring","2022","Honda","Accord","Touring","","honda","maintenance_minder","volume_sedan","volume","","","target","2022 Honda Accord"
"1054","honda-accord-2022-ex-hybrid","2022","Honda","Accord","EX","Hybrid","honda","maintenance_minder","volume_sedan","volume","","","target","2022 Honda Accord"
"1055","honda-accord-2021-ex","2021","Honda","Accord","EX","","honda","maintenance_minder","volume_sedan","volume","","","target","2021 Honda Accord"
"1056","honda-accord-2021-sport","2021","Honda","Accord","Sport","","honda","maintenance_minder","volume_sedan","volume","","","target","2021 Honda Accord"
"1057","honda-accord-2021-touring","2021","Honda","Accord","Touring","","honda","maintenance_minder","volume_sedan","volume","","","target","2021 Honda Accord"
"1058","honda-accord-2021-ex-hybrid","2021","Honda","Accord","EX","Hybrid","honda","maintenance_minder","volume_sedan","volume","","","target","2021 Honda Accord"
"1059","honda-accord-2020-ex","2020","Honda","Accord","EX","","honda","maintenance_minder","volume_sedan","volume","","","target","2020 Honda Accord"
"1060","honda-accord-2020-sport","2020","Honda","Accord","Sport","","honda","maintenance_minder","volume_sedan","volume","","","target","2020 Honda Accord"
"1061","honda-accord-2020-touring","2020","Honda","Accord","Touring","","honda","maintenance_minder","volume_sedan","volume","","","target","2020 Honda Accord"
"1062","honda-accord-2020-ex-hybrid","2020","Honda","Accord","EX","Hybrid","honda","maintenance_minder","volume_sedan","volume","","","target","2020 Honda Accord"
"1063","nissan-rogue-2025-s","2025","Nissan","Rogue","S","","nissan","fixed_interval","volume_suv","volume","","","target","2025 Nissan Rogue"
"1064","nissan-rogue-2025-sv","2025","Nissan","Rogue","SV","","nissan","fixed_interval","volume_suv","volume","","","target","2025 Nissan Rogue"
"1065","nissan-rogue-2025-sl","2025","Nissan","Rogue","SL","","nissan","fixed_interval","volume_suv","volume","","","target","2025 Nissan Rogue"
"1066","nissan-rogue-2024-s","2024","Nissan","Rogue","S","","nissan","fixed_interval","volume_suv","volume","","","target","2024 Nissan Rogue"
"1067","nissan-rogue-2024-sv","2024","Nissan","Rogue","SV","","nissan","fixed_interval","volume_suv","volume","","","in_catalog","2024 Nissan Rogue"
"1068","nissan-rogue-2024-sl","2024","Nissan","Rogue","SL","","nissan","fixed_interval","volume_suv","volume","","","target","2024 Nissan Rogue"
"1069","nissan-rogue-2023-s","2023","Nissan","Rogue","S","","nissan","fixed_interval","volume_suv","volume","","","target","2023 Nissan Rogue"
"1070","nissan-rogue-2023-sv","2023","Nissan","Rogue","SV","","nissan","fixed_interval","volume_suv","volume","","","target","2023 Nissan Rogue"
"1071","nissan-rogue-2023-sl","2023","Nissan","Rogue","SL","","nissan","fixed_interval","volume_suv","volume","","","target","2023 Nissan Rogue"
"1072","nissan-rogue-2022-s","2022","Nissan","Rogue","S","","nissan","fixed_interval","volume_suv","volume","","","target","2022 Nissan Rogue"
"1073","nissan-rogue-2022-sv","2022","Nissan","Rogue","SV","","nissan","fixed_interval","volume_suv","volume","","","target","2022 Nissan Rogue"
"1074","nissan-rogue-2022-sl","2022","Nissan","Rogue","SL","","nissan","fixed_interval","volume_suv","volume","","","target","2022 Nissan Rogue"
"1075","nissan-rogue-2021-s","2021","Nissan","Rogue","S","","nissan","fixed_interval","volume_suv","volume","","","target","2021 Nissan Rogue"
"1076","nissan-rogue-2021-sv","2021","Nissan","Rogue","SV","","nissan","fixed_interval","volume_suv","volume","","","target","2021 Nissan Rogue"
"1077","nissan-rogue-2021-sl","2021","Nissan","Rogue","SL","","nissan","fixed_interval","volume_suv","volume","","","target","2021 Nissan Rogue"
"1078","nissan-rogue-2020-s","2020","Nissan","Rogue","S","","nissan","fixed_interval","volume_suv","volume","","","target","2020 Nissan Rogue"
"1079","nissan-rogue-2020-sv","2020","Nissan","Rogue","SV","","nissan","fixed_interval","volume_suv","volume","","","target","2020 Nissan Rogue"
"1080","nissan-rogue-2020-sl","2020","Nissan","Rogue","SL","","nissan","fixed_interval","volume_suv","volume","","","target","2020 Nissan Rogue"
"1081","subaru-outback-2025-base","2025","Subaru","Outback","Base","","subaru","fixed_interval","volume_suv","volume","","","target","2025 Subaru Outback"
"1082","subaru-outback-2025-premium","2025","Subaru","Outback","Premium","","subaru","fixed_interval","volume_suv","volume","","","target","2025 Subaru Outback"
"1083","subaru-outback-2025-limited","2025","Subaru","Outback","Limited","","subaru","fixed_interval","volume_suv","volume","","","target","2025 Subaru Outback"
"1084","subaru-outback-2024-base","2024","Subaru","Outback","Base","","subaru","fixed_interval","volume_suv","volume","","","target","2024 Subaru Outback"
"1085","subaru-outback-2024-premium","2024","Subaru","Outback","Premium","","subaru","fixed_interval","volume_suv","volume","","","in_catalog","2024 Subaru Outback"
"1086","subaru-outback-2024-limited","2024","Subaru","Outback","Limited","","subaru","fixed_interval","volume_suv","volume","","","target","2024 Subaru Outback"
"1087","subaru-outback-2023-base","2023","Subaru","Outback","Base","","subaru","fixed_interval","volume_suv","volume","","","target","2023 Subaru Outback"
"1088","subaru-outback-2023-premium","2023","Subaru","Outback","Premium","","subaru","fixed_interval","volume_suv","volume","","","target","2023 Subaru Outback"
"1089","subaru-outback-2023-limited","2023","Subaru","Outback","Limited","","subaru","fixed_interval","volume_suv","volume","","","target","2023 Subaru Outback"
"1090","subaru-outback-2022-base","2022","Subaru","Outback","Base","","subaru","fixed_interval","volume_suv","volume","","","target","2022 Subaru Outback"
"1091","subaru-outback-2022-premium","2022","Subaru","Outback","Premium","","subaru","fixed_interval","volume_suv","volume","","","target","2022 Subaru Outback"
"1092","subaru-outback-2022-limited","2022","Subaru","Outback","Limited","","subaru","fixed_interval","volume_suv","volume","","","target","2022 Subaru Outback"
"1093","subaru-outback-2021-base","2021","Subaru","Outback","Base","","subaru","fixed_interval","volume_suv","volume","","","target","2021 Subaru Outback"
"1094","subaru-outback-2021-premium","2021","Subaru","Outback","Premium","","subaru","fixed_interval","volume_suv","volume","","","target","2021 Subaru Outback"
"1095","subaru-outback-2021-limited","2021","Subaru","Outback","Limited","","subaru","fixed_interval","volume_suv","volume","","","target","2021 Subaru Outback"
"1096","subaru-outback-2020-base","2020","Subaru","Outback","Base","","subaru","fixed_interval","volume_suv","volume","","","target","2020 Subaru Outback"
"1097","subaru-outback-2020-premium","2020","Subaru","Outback","Premium","","subaru","fixed_interval","volume_suv","volume","","","target","2020 Subaru Outback"
"1098","subaru-outback-2020-limited","2020","Subaru","Outback","Limited","","subaru","fixed_interval","volume_suv","volume","","","target","2020 Subaru Outback"
"1099","hyundai-tucson-2025-se","2025","Hyundai","Tucson","SE","","hyundai","fixed_interval","volume_suv","volume","","","target","2025 Hyundai Tucson"
"1100","hyundai-tucson-2025-sel","2025","Hyundai","Tucson","SEL","","hyundai","fixed_interval","volume_suv","volume","","","target","2025 Hyundai Tucson"
"1101","hyundai-tucson-2025-limited","2025","Hyundai","Tucson","Limited","","hyundai","fixed_interval","volume_suv","volume","","","target","2025 Hyundai Tucson"
"1102","hyundai-tucson-2024-se","2024","Hyundai","Tucson","SE","","hyundai","fixed_interval","volume_suv","volume","","","in_catalog","2024 Hyundai Tucson"
"1103","hyundai-tucson-2024-sel","2024","Hyundai","Tucson","SEL","","hyundai","fixed_interval","volume_suv","volume","","","target","2024 Hyundai Tucson"
"1104","hyundai-tucson-2024-limited","2024","Hyundai","Tucson","Limited","","hyundai","fixed_interval","volume_suv","volume","","","target","2024 Hyundai Tucson"
"1105","hyundai-tucson-2023-se","2023","Hyundai","Tucson","SE","","hyundai","fixed_interval","volume_suv","volume","","","target","2023 Hyundai Tucson"
"1106","hyundai-tucson-2023-sel","2023","Hyundai","Tucson","SEL","","hyundai","fixed_interval","volume_suv","volume","","","target","2023 Hyundai Tucson"
"1107","hyundai-tucson-2023-limited","2023","Hyundai","Tucson","Limited","","hyundai","fixed_interval","volume_suv","volume","","","target","2023 Hyundai Tucson"
"1108","hyundai-tucson-2022-se","2022","Hyundai","Tucson","SE","","hyundai","fixed_interval","volume_suv","volume","","","target","2022 Hyundai Tucson"
"1109","hyundai-tucson-2022-sel","2022","Hyundai","Tucson","SEL","","hyundai","fixed_interval","volume_suv","volume","","","target","2022 Hyundai Tucson"
"1110","hyundai-tucson-2022-limited","2022","Hyundai","Tucson","Limited","","hyundai","fixed_interval","volume_suv","volume","","","target","2022 Hyundai Tucson"
"1111","hyundai-tucson-2021-se","2021","Hyundai","Tucson","SE","","hyundai","fixed_interval","volume_suv","volume","","","target","2021 Hyundai Tucson"
"1112","hyundai-tucson-2021-sel","2021","Hyundai","Tucson","SEL","","hyundai","fixed_interval","volume_suv","volume","","","target","2021 Hyundai Tucson"
"1113","hyundai-tucson-2021-limited","2021","Hyundai","Tucson","Limited","","hyundai","fixed_interval","volume_suv","volume","","","target","2021 Hyundai Tucson"
"1114","hyundai-tucson-2020-se","2020","Hyundai","Tucson","SE","","hyundai","fixed_interval","volume_suv","volume","","","target","2020 Hyundai Tucson"
"1115","hyundai-tucson-2020-sel","2020","Hyundai","Tucson","SEL","","hyundai","fixed_interval","volume_suv","volume","","","target","2020 Hyundai Tucson"
"1116","hyundai-tucson-2020-limited","2020","Hyundai","Tucson","Limited","","hyundai","fixed_interval","volume_suv","volume","","","target","2020 Hyundai Tucson"
"1117","kia-sportage-2025-lx","2025","Kia","Sportage","LX","","kia","fixed_interval","volume_suv","volume","","","target","2025 Kia Sportage"
"1118","kia-sportage-2025-ex","2025","Kia","Sportage","EX","","kia","fixed_interval","volume_suv","volume","","","target","2025 Kia Sportage"
"1119","kia-sportage-2025-sx","2025","Kia","Sportage","SX","","kia","fixed_interval","volume_suv","volume","","","target","2025 Kia Sportage"
"1120","kia-sportage-2024-lx","2024","Kia","Sportage","LX","","kia","fixed_interval","volume_suv","volume","","","in_catalog","2024 Kia Sportage"
"1121","kia-sportage-2024-ex","2024","Kia","Sportage","EX","","kia","fixed_interval","volume_suv","volume","","","target","2024 Kia Sportage"
"1122","kia-sportage-2024-sx","2024","Kia","Sportage","SX","","kia","fixed_interval","volume_suv","volume","","","target","2024 Kia Sportage"
"1123","kia-sportage-2023-lx","2023","Kia","Sportage","LX","","kia","fixed_interval","volume_suv","volume","","","target","2023 Kia Sportage"
"1124","kia-sportage-2023-ex","2023","Kia","Sportage","EX","","kia","fixed_interval","volume_suv","volume","","","target","2023 Kia Sportage"
"1125","kia-sportage-2023-sx","2023","Kia","Sportage","SX","","kia","fixed_interval","volume_suv","volume","","","target","2023 Kia Sportage"
"1126","kia-sportage-2022-lx","2022","Kia","Sportage","LX","","kia","fixed_interval","volume_suv","volume","","","target","2022 Kia Sportage"
"1127","kia-sportage-2022-ex","2022","Kia","Sportage","EX","","kia","fixed_interval","volume_suv","volume","","","target","2022 Kia Sportage"
"1128","kia-sportage-2022-sx","2022","Kia","Sportage","SX","","kia","fixed_interval","volume_suv","volume","","","target","2022 Kia Sportage"
"1129","kia-sportage-2021-lx","2021","Kia","Sportage","LX","","kia","fixed_interval","volume_suv","volume","","","target","2021 Kia Sportage"
"1130","kia-sportage-2021-ex","2021","Kia","Sportage","EX","","kia","fixed_interval","volume_suv","volume","","","target","2021 Kia Sportage"
"1131","kia-sportage-2021-sx","2021","Kia","Sportage","SX","","kia","fixed_interval","volume_suv","volume","","","target","2021 Kia Sportage"
"1132","kia-sportage-2020-lx","2020","Kia","Sportage","LX","","kia","fixed_interval","volume_suv","volume","","","target","2020 Kia Sportage"
"1133","kia-sportage-2020-ex","2020","Kia","Sportage","EX","","kia","fixed_interval","volume_suv","volume","","","target","2020 Kia Sportage"
"1134","kia-sportage-2020-sx","2020","Kia","Sportage","SX","","kia","fixed_interval","volume_suv","volume","","","target","2020 Kia Sportage"
"1135","mazda-cx-5-2025-sport","2025","Mazda","CX-5","Sport","","mazda","fixed_interval","volume_suv","volume","","","target","2025 Mazda CX-5"
"1136","mazda-cx-5-2025-preferred","2025","Mazda","CX-5","Preferred","","mazda","fixed_interval","volume_suv","volume","","","target","2025 Mazda CX-5"
"1137","mazda-cx-5-2025-premium","2025","Mazda","CX-5","Premium","","mazda","fixed_interval","volume_suv","volume","","","target","2025 Mazda CX-5"
"1138","mazda-cx-5-2024-sport","2024","Mazda","CX-5","Sport","","mazda","fixed_interval","volume_suv","volume","","","target","2024 Mazda CX-5"
"1139","mazda-cx-5-2024-preferred","2024","Mazda","CX-5","Preferred","","mazda","fixed_interval","volume_suv","volume","","","target","2024 Mazda CX-5"
"1140","mazda-cx-5-2024-premium","2024","Mazda","CX-5","Premium","","mazda","fixed_interval","volume_suv","volume","","","target","2024 Mazda CX-5"
"1141","mazda-cx-5-2023-sport","2023","Mazda","CX-5","Sport","","mazda","fixed_interval","volume_suv","volume","","","target","2023 Mazda CX-5"
"1142","mazda-cx-5-2023-preferred","2023","Mazda","CX-5","Preferred","","mazda","fixed_interval","volume_suv","volume","","","target","2023 Mazda CX-5"
"1143","mazda-cx-5-2023-premium","2023","Mazda","CX-5","Premium","","mazda","fixed_interval","volume_suv","volume","","","target","2023 Mazda CX-5"
"1144","mazda-cx-5-2022-sport","2022","Mazda","CX-5","Sport","","mazda","fixed_interval","volume_suv","volume","","","target","2022 Mazda CX-5"
"1145","mazda-cx-5-2022-preferred","2022","Mazda","CX-5","Preferred","","mazda","fixed_interval","volume_suv","volume","","","target","2022 Mazda CX-5"
"1146","mazda-cx-5-2022-premium","2022","Mazda","CX-5","Premium","","mazda","fixed_interval","volume_suv","volume","","","target","2022 Mazda CX-5"
"1147","mazda-cx-5-2021-sport","2021","Mazda","CX-5","Sport","","mazda","fixed_interval","volume_suv","volume","","","target","2021 Mazda CX-5"
"1148","mazda-cx-5-2021-preferred","2021","Mazda","CX-5","Preferred","","mazda","fixed_interval","volume_suv","volume","","","target","2021 Mazda CX-5"
"1149","mazda-cx-5-2021-premium","2021","Mazda","CX-5","Premium","","mazda","fixed_interval","volume_suv","volume","","","target","2021 Mazda CX-5"
"1150","mazda-cx-5-2020-sport","2020","Mazda","CX-5","Sport","","mazda","fixed_interval","volume_suv","volume","","","target","2020 Mazda CX-5"
"1151","mazda-cx-5-2020-preferred","2020","Mazda","CX-5","Preferred","","mazda","fixed_interval","volume_suv","volume","","","target","2020 Mazda CX-5"
"1152","mazda-cx-5-2020-premium","2020","Mazda","CX-5","Premium","","mazda","fixed_interval","volume_suv","volume","","","target","2020 Mazda CX-5"
"1153","ford-explorer-2025-xlt","2025","Ford","Explorer","XLT","","ford","fixed_interval","volume_suv","volume","","","target","2025 Ford Explorer"
"1154","ford-explorer-2025-limited","2025","Ford","Explorer","Limited","","ford","fixed_interval","volume_suv","volume","","","target","2025 Ford Explorer"
"1155","ford-explorer-2025-st","2025","Ford","Explorer","ST","","ford","fixed_interval","volume_suv","volume","","","target","2025 Ford Explorer"
"1156","ford-explorer-2024-xlt","2024","Ford","Explorer","XLT","","ford","fixed_interval","volume_suv","volume","","","in_catalog","2024 Ford Explorer"
"1157","ford-explorer-2024-limited","2024","Ford","Explorer","Limited","","ford","fixed_interval","volume_suv","volume","","","target","2024 Ford Explorer"
"1158","ford-explorer-2024-st","2024","Ford","Explorer","ST","","ford","fixed_interval","volume_suv","volume","","","target","2024 Ford Explorer"
"1159","ford-explorer-2023-xlt","2023","Ford","Explorer","XLT","","ford","fixed_interval","volume_suv","volume","","","target","2023 Ford Explorer"
"1160","ford-explorer-2023-limited","2023","Ford","Explorer","Limited","","ford","fixed_interval","volume_suv","volume","","","target","2023 Ford Explorer"
"1161","ford-explorer-2023-st","2023","Ford","Explorer","ST","","ford","fixed_interval","volume_suv","volume","","","target","2023 Ford Explorer"
"1162","ford-explorer-2022-xlt","2022","Ford","Explorer","XLT","","ford","fixed_interval","volume_suv","volume","","","target","2022 Ford Explorer"
"1163","ford-explorer-2022-limited","2022","Ford","Explorer","Limited","","ford","fixed_interval","volume_suv","volume","","","target","2022 Ford Explorer"
"1164","ford-explorer-2022-st","2022","Ford","Explorer","ST","","ford","fixed_interval","volume_suv","volume","","","target","2022 Ford Explorer"
"1165","ford-explorer-2021-xlt","2021","Ford","Explorer","XLT","","ford","fixed_interval","volume_suv","volume","","","target","2021 Ford Explorer"
"1166","ford-explorer-2021-limited","2021","Ford","Explorer","Limited","","ford","fixed_interval","volume_suv","volume","","","target","2021 Ford Explorer"
"1167","ford-explorer-2021-st","2021","Ford","Explorer","ST","","ford","fixed_interval","volume_suv","volume","","","target","2021 Ford Explorer"
"1168","ford-explorer-2020-xlt","2020","Ford","Explorer","XLT","","ford","fixed_interval","volume_suv","volume","","","target","2020 Ford Explorer"
"1169","ford-explorer-2020-limited","2020","Ford","Explorer","Limited","","ford","fixed_interval","volume_suv","volume","","","target","2020 Ford Explorer"
"1170","ford-explorer-2020-st","2020","Ford","Explorer","ST","","ford","fixed_interval","volume_suv","volume","","","target","2020 Ford Explorer"
"1171","honda-pilot-2025-ex-l","2025","Honda","Pilot","EX-L","","honda","maintenance_minder","volume_suv","volume","","","target","2025 Honda Pilot"
"1172","honda-pilot-2025-touring","2025","Honda","Pilot","Touring","","honda","maintenance_minder","volume_suv","volume","","","target","2025 Honda Pilot"
"1173","honda-pilot-2025-elite","2025","Honda","Pilot","Elite","","honda","maintenance_minder","volume_suv","volume","","","target","2025 Honda Pilot"
"1174","honda-pilot-2024-ex-l","2024","Honda","Pilot","EX-L","","honda","maintenance_minder","volume_suv","volume","","","in_catalog","2024 Honda Pilot"
"1175","honda-pilot-2024-touring","2024","Honda","Pilot","Touring","","honda","maintenance_minder","volume_suv","volume","","","target","2024 Honda Pilot"
"1176","honda-pilot-2024-elite","2024","Honda","Pilot","Elite","","honda","maintenance_minder","volume_suv","volume","","","target","2024 Honda Pilot"
"1177","honda-pilot-2023-ex-l","2023","Honda","Pilot","EX-L","","honda","maintenance_minder","volume_suv","volume","","","target","2023 Honda Pilot"
"1178","honda-pilot-2023-touring","2023","Honda","Pilot","Touring","","honda","maintenance_minder","volume_suv","volume","","","target","2023 Honda Pilot"
"1179","honda-pilot-2023-elite","2023","Honda","Pilot","Elite","","honda","maintenance_minder","volume_suv","volume","","","target","2023 Honda Pilot"
"1180","honda-pilot-2022-ex-l","2022","Honda","Pilot","EX-L","","honda","maintenance_minder","volume_suv","volume","","","target","2022 Honda Pilot"
"1181","honda-pilot-2022-touring","2022","Honda","Pilot","Touring","","honda","maintenance_minder","volume_suv","volume","","","target","2022 Honda Pilot"
"1182","honda-pilot-2022-elite","2022","Honda","Pilot","Elite","","honda","maintenance_minder","volume_suv","volume","","","target","2022 Honda Pilot"
"1183","honda-pilot-2021-ex-l","2021","Honda","Pilot","EX-L","","honda","maintenance_minder","volume_suv","volume","","","target","2021 Honda Pilot"
"1184","honda-pilot-2021-touring","2021","Honda","Pilot","Touring","","honda","maintenance_minder","volume_suv","volume","","","target","2021 Honda Pilot"
"1185","honda-pilot-2021-elite","2021","Honda","Pilot","Elite","","honda","maintenance_minder","volume_suv","volume","","","target","2021 Honda Pilot"
"1186","honda-pilot-2020-ex-l","2020","Honda","Pilot","EX-L","","honda","maintenance_minder","volume_suv","volume","","","target","2020 Honda Pilot"
"1187","honda-pilot-2020-touring","2020","Honda","Pilot","Touring","","honda","maintenance_minder","volume_suv","volume","","","target","2020 Honda Pilot"
"1188","honda-pilot-2020-elite","2020","Honda","Pilot","Elite","","honda","maintenance_minder","volume_suv","volume","","","target","2020 Honda Pilot"
"1189","subaru-forester-2025-base","2025","Subaru","Forester","Base","","subaru","fixed_interval","volume_suv","volume","","","target","2025 Subaru Forester"
"1190","subaru-forester-2025-premium","2025","Subaru","Forester","Premium","","subaru","fixed_interval","volume_suv","volume","","","target","2025 Subaru Forester"
"1191","subaru-forester-2025-limited","2025","Subaru","Forester","Limited","","subaru","fixed_interval","volume_suv","volume","","","target","2025 Subaru Forester"
"1192","subaru-forester-2024-base","2024","Subaru","Forester","Base","","subaru","fixed_interval","volume_suv","volume","","","target","2024 Subaru Forester"
"1193","subaru-forester-2024-premium","2024","Subaru","Forester","Premium","","subaru","fixed_interval","volume_suv","volume","","","in_catalog","2024 Subaru Forester"
"1194","subaru-forester-2024-limited","2024","Subaru","Forester","Limited","","subaru","fixed_interval","volume_suv","volume","","","target","2024 Subaru Forester"
"1195","subaru-forester-2023-base","2023","Subaru","Forester","Base","","subaru","fixed_interval","volume_suv","volume","","","target","2023 Subaru Forester"
"1196","subaru-forester-2023-premium","2023","Subaru","Forester","Premium","","subaru","fixed_interval","volume_suv","volume","","","target","2023 Subaru Forester"
"1197","subaru-forester-2023-limited","2023","Subaru","Forester","Limited","","subaru","fixed_interval","volume_suv","volume","","","target","2023 Subaru Forester"
"1198","subaru-forester-2022-base","2022","Subaru","Forester","Base","","subaru","fixed_interval","volume_suv","volume","","","target","2022 Subaru Forester"
"1199","subaru-forester-2022-premium","2022","Subaru","Forester","Premium","","subaru","fixed_interval","volume_suv","volume","","","target","2022 Subaru Forester"
"1200","subaru-forester-2022-limited","2022","Subaru","Forester","Limited","","subaru","fixed_interval","volume_suv","volume","","","target","2022 Subaru Forester"
"1201","subaru-forester-2021-base","2021","Subaru","Forester","Base","","subaru","fixed_interval","volume_suv","volume","","","target","2021 Subaru Forester"
"1202","subaru-forester-2021-premium","2021","Subaru","Forester","Premium","","subaru","fixed_interval","volume_suv","volume","","","target","2021 Subaru Forester"
"1203","subaru-forester-2021-limited","2021","Subaru","Forester","Limited","","subaru","fixed_interval","volume_suv","volume","","","target","2021 Subaru Forester"
"1204","subaru-forester-2020-base","2020","Subaru","Forester","Base","","subaru","fixed_interval","volume_suv","volume","","","target","2020 Subaru Forester"
"1205","subaru-forester-2020-premium","2020","Subaru","Forester","Premium","","subaru","fixed_interval","volume_suv","volume","","","target","2020 Subaru Forester"
"1206","subaru-forester-2020-limited","2020","Subaru","Forester","Limited","","subaru","fixed_interval","volume_suv","volume","","","target","2020 Subaru Forester"
"1207","hyundai-santa-fe-2025-se","2025","Hyundai","Santa Fe","SE","","hyundai","fixed_interval","volume_suv","volume","","","target","2025 Hyundai Santa Fe"
"1208","hyundai-santa-fe-2025-sel","2025","Hyundai","Santa Fe","SEL","","hyundai","fixed_interval","volume_suv","volume","","","target","2025 Hyundai Santa Fe"
"1209","hyundai-santa-fe-2025-limited","2025","Hyundai","Santa Fe","Limited","","hyundai","fixed_interval","volume_suv","volume","","","target","2025 Hyundai Santa Fe"
"1210","hyundai-santa-fe-2024-se","2024","Hyundai","Santa Fe","SE","","hyundai","fixed_interval","volume_suv","volume","","","in_catalog","2024 Hyundai Santa Fe"
"1211","hyundai-santa-fe-2024-sel","2024","Hyundai","Santa Fe","SEL","","hyundai","fixed_interval","volume_suv","volume","","","target","2024 Hyundai Santa Fe"
"1212","hyundai-santa-fe-2024-limited","2024","Hyundai","Santa Fe","Limited","","hyundai","fixed_interval","volume_suv","volume","","","target","2024 Hyundai Santa Fe"
"1213","hyundai-santa-fe-2023-se","2023","Hyundai","Santa Fe","SE","","hyundai","fixed_interval","volume_suv","volume","","","target","2023 Hyundai Santa Fe"
"1214","hyundai-santa-fe-2023-sel","2023","Hyundai","Santa Fe","SEL","","hyundai","fixed_interval","volume_suv","volume","","","target","2023 Hyundai Santa Fe"
"1215","hyundai-santa-fe-2023-limited","2023","Hyundai","Santa Fe","Limited","","hyundai","fixed_interval","volume_suv","volume","","","target","2023 Hyundai Santa Fe"
"1216","hyundai-santa-fe-2022-se","2022","Hyundai","Santa Fe","SE","","hyundai","fixed_interval","volume_suv","volume","","","target","2022 Hyundai Santa Fe"
"1217","hyundai-santa-fe-2022-sel","2022","Hyundai","Santa Fe","SEL","","hyundai","fixed_interval","volume_suv","volume","","","target","2022 Hyundai Santa Fe"
"1218","hyundai-santa-fe-2022-limited","2022","Hyundai","Santa Fe","Limited","","hyundai","fixed_interval","volume_suv","volume","","","target","2022 Hyundai Santa Fe"
"1219","hyundai-santa-fe-2021-se","2021","Hyundai","Santa Fe","SE","","hyundai","fixed_interval","volume_suv","volume","","","target","2021 Hyundai Santa Fe"
"1220","hyundai-santa-fe-2021-sel","2021","Hyundai","Santa Fe","SEL","","hyundai","fixed_interval","volume_suv","volume","","","target","2021 Hyundai Santa Fe"
"1221","hyundai-santa-fe-2021-limited","2021","Hyundai","Santa Fe","Limited","","hyundai","fixed_interval","volume_suv","volume","","","target","2021 Hyundai Santa Fe"
"1222","hyundai-santa-fe-2020-se","2020","Hyundai","Santa Fe","SE","","hyundai","fixed_interval","volume_suv","volume","","","target","2020 Hyundai Santa Fe"
"1223","hyundai-santa-fe-2020-sel","2020","Hyundai","Santa Fe","SEL","","hyundai","fixed_interval","volume_suv","volume","","","target","2020 Hyundai Santa Fe"
"1224","hyundai-santa-fe-2020-limited","2020","Hyundai","Santa Fe","Limited","","hyundai","fixed_interval","volume_suv","volume","","","target","2020 Hyundai Santa Fe"
"1225","kia-telluride-2025-lx","2025","Kia","Telluride","LX","","kia","fixed_interval","volume_suv","volume","","","target","2025 Kia Telluride"
"1226","kia-telluride-2025-ex","2025","Kia","Telluride","EX","","kia","fixed_interval","volume_suv","volume","","","target","2025 Kia Telluride"
"1227","kia-telluride-2025-sx","2025","Kia","Telluride","SX","","kia","fixed_interval","volume_suv","volume","","","target","2025 Kia Telluride"
"1228","kia-telluride-2024-lx","2024","Kia","Telluride","LX","","kia","fixed_interval","volume_suv","volume","","","in_catalog","2024 Kia Telluride"
"1229","kia-telluride-2024-ex","2024","Kia","Telluride","EX","","kia","fixed_interval","volume_suv","volume","","","target","2024 Kia Telluride"
"1230","kia-telluride-2024-sx","2024","Kia","Telluride","SX","","kia","fixed_interval","volume_suv","volume","","","target","2024 Kia Telluride"
"1231","kia-telluride-2023-lx","2023","Kia","Telluride","LX","","kia","fixed_interval","volume_suv","volume","","","target","2023 Kia Telluride"
"1232","kia-telluride-2023-ex","2023","Kia","Telluride","EX","","kia","fixed_interval","volume_suv","volume","","","target","2023 Kia Telluride"
"1233","kia-telluride-2023-sx","2023","Kia","Telluride","SX","","kia","fixed_interval","volume_suv","volume","","","target","2023 Kia Telluride"
"1234","kia-telluride-2022-lx","2022","Kia","Telluride","LX","","kia","fixed_interval","volume_suv","volume","","","target","2022 Kia Telluride"
"1235","kia-telluride-2022-ex","2022","Kia","Telluride","EX","","kia","fixed_interval","volume_suv","volume","","","target","2022 Kia Telluride"
"1236","kia-telluride-2022-sx","2022","Kia","Telluride","SX","","kia","fixed_interval","volume_suv","volume","","","target","2022 Kia Telluride"
"1237","kia-telluride-2021-lx","2021","Kia","Telluride","LX","","kia","fixed_interval","volume_suv","volume","","","target","2021 Kia Telluride"
"1238","kia-telluride-2021-ex","2021","Kia","Telluride","EX","","kia","fixed_interval","volume_suv","volume","","","target","2021 Kia Telluride"
"1239","kia-telluride-2021-sx","2021","Kia","Telluride","SX","","kia","fixed_interval","volume_suv","volume","","","target","2021 Kia Telluride"
"1240","kia-telluride-2020-lx","2020","Kia","Telluride","LX","","kia","fixed_interval","volume_suv","volume","","","target","2020 Kia Telluride"
"1241","kia-telluride-2020-ex","2020","Kia","Telluride","EX","","kia","fixed_interval","volume_suv","volume","","","target","2020 Kia Telluride"
"1242","kia-telluride-2020-sx","2020","Kia","Telluride","SX","","kia","fixed_interval","volume_suv","volume","","","target","2020 Kia Telluride"
"1243","toyota-4runner-2025-sr5","2025","Toyota","4Runner","SR5","","toyota","fixed_interval","volume_suv","volume","","","target","2025 Toyota 4Runner"
"1244","toyota-4runner-2025-trd-off-road","2025","Toyota","4Runner","TRD Off-Road","","toyota","fixed_interval","volume_suv","volume","","","target","2025 Toyota 4Runner"
"1245","toyota-4runner-2025-limited","2025","Toyota","4Runner","Limited","","toyota","fixed_interval","volume_suv","volume","","","target","2025 Toyota 4Runner"
"1246","toyota-4runner-2024-sr5","2024","Toyota","4Runner","SR5","","toyota","fixed_interval","volume_suv","volume","","","in_catalog","2024 Toyota 4Runner"
"1247","toyota-4runner-2024-trd-off-road","2024","Toyota","4Runner","TRD Off-Road","","toyota","fixed_interval","volume_suv","volume","","","target","2024 Toyota 4Runner"
"1248","toyota-4runner-2024-limited","2024","Toyota","4Runner","Limited","","toyota","fixed_interval","volume_suv","volume","","","target","2024 Toyota 4Runner"
"1249","toyota-4runner-2023-sr5","2023","Toyota","4Runner","SR5","","toyota","fixed_interval","volume_suv","volume","","","target","2023 Toyota 4Runner"
"1250","toyota-4runner-2023-trd-off-road","2023","Toyota","4Runner","TRD Off-Road","","toyota","fixed_interval","volume_suv","volume","","","target","2023 Toyota 4Runner"
"1251","toyota-4runner-2023-limited","2023","Toyota","4Runner","Limited","","toyota","fixed_interval","volume_suv","volume","","","target","2023 Toyota 4Runner"
"1252","toyota-4runner-2022-sr5","2022","Toyota","4Runner","SR5","","toyota","fixed_interval","volume_suv","volume","","","target","2022 Toyota 4Runner"
"1253","toyota-4runner-2022-trd-off-road","2022","Toyota","4Runner","TRD Off-Road","","toyota","fixed_interval","volume_suv","volume","","","target","2022 Toyota 4Runner"
"1254","toyota-4runner-2022-limited","2022","Toyota","4Runner","Limited","","toyota","fixed_interval","volume_suv","volume","","","target","2022 Toyota 4Runner"
"1255","toyota-4runner-2021-sr5","2021","Toyota","4Runner","SR5","","toyota","fixed_interval","volume_suv","volume","","","target","2021 Toyota 4Runner"
"1256","toyota-4runner-2021-trd-off-road","2021","Toyota","4Runner","TRD Off-Road","","toyota","fixed_interval","volume_suv","volume","","","target","2021 Toyota 4Runner"
"1257","toyota-4runner-2021-limited","2021","Toyota","4Runner","Limited","","toyota","fixed_interval","volume_suv","volume","","","target","2021 Toyota 4Runner"
"1258","toyota-4runner-2020-sr5","2020","Toyota","4Runner","SR5","","toyota","fixed_interval","volume_suv","volume","","","target","2020 Toyota 4Runner"
"1259","toyota-4runner-2020-trd-off-road","2020","Toyota","4Runner","TRD Off-Road","","toyota","fixed_interval","volume_suv","volume","","","target","2020 Toyota 4Runner"
"1260","toyota-4runner-2020-limited","2020","Toyota","4Runner","Limited","","toyota","fixed_interval","volume_suv","volume","","","target","2020 Toyota 4Runner"
"1261","ford-escape-2025-se","2025","Ford","Escape","SE","","ford","fixed_interval","volume_suv","volume","","","target","2025 Ford Escape"
"1262","ford-escape-2025-sel","2025","Ford","Escape","SEL","","ford","fixed_interval","volume_suv","volume","","","target","2025 Ford Escape"
"1263","ford-escape-2025-titanium","2025","Ford","Escape","Titanium","","ford","fixed_interval","volume_suv","volume","","","target","2025 Ford Escape"
"1264","ford-escape-2024-se","2024","Ford","Escape","SE","","ford","fixed_interval","volume_suv","volume","","","in_catalog","2024 Ford Escape"
"1265","ford-escape-2024-sel","2024","Ford","Escape","SEL","","ford","fixed_interval","volume_suv","volume","","","target","2024 Ford Escape"
"1266","ford-escape-2024-titanium","2024","Ford","Escape","Titanium","","ford","fixed_interval","volume_suv","volume","","","target","2024 Ford Escape"
"1267","ford-escape-2023-se","2023","Ford","Escape","SE","","ford","fixed_interval","volume_suv","volume","","","target","2023 Ford Escape"
"1268","ford-escape-2023-sel","2023","Ford","Escape","SEL","","ford","fixed_interval","volume_suv","volume","","","target","2023 Ford Escape"
"1269","ford-escape-2023-titanium","2023","Ford","Escape","Titanium","","ford","fixed_interval","volume_suv","volume","","","target","2023 Ford Escape"
"1270","ford-escape-2022-se","2022","Ford","Escape","SE","","ford","fixed_interval","volume_suv","volume","","","target","2022 Ford Escape"
"1271","ford-escape-2022-sel","2022","Ford","Escape","SEL","","ford","fixed_interval","volume_suv","volume","","","target","2022 Ford Escape"
"1272","ford-escape-2022-titanium","2022","Ford","Escape","Titanium","","ford","fixed_interval","volume_suv","volume","","","target","2022 Ford Escape"
"1273","ford-escape-2021-se","2021","Ford","Escape","SE","","ford","fixed_interval","volume_suv","volume","","","target","2021 Ford Escape"
"1274","ford-escape-2021-sel","2021","Ford","Escape","SEL","","ford","fixed_interval","volume_suv","volume","","","target","2021 Ford Escape"
"1275","ford-escape-2021-titanium","2021","Ford","Escape","Titanium","","ford","fixed_interval","volume_suv","volume","","","target","2021 Ford Escape"
"1276","ford-escape-2020-se","2020","Ford","Escape","SE","","ford","fixed_interval","volume_suv","volume","","","target","2020 Ford Escape"
"1277","ford-escape-2020-sel","2020","Ford","Escape","SEL","","ford","fixed_interval","volume_suv","volume","","","target","2020 Ford Escape"
"1278","ford-escape-2020-titanium","2020","Ford","Escape","Titanium","","ford","fixed_interval","volume_suv","volume","","","target","2020 Ford Escape"
"1279","chevrolet-traverse-2025-lt","2025","Chevrolet","Traverse","LT","","chevy","fixed_interval","volume_suv","volume","","","target","2025 Chevrolet Traverse"
"1280","chevrolet-traverse-2025-rs","2025","Chevrolet","Traverse","RS","","chevy","fixed_interval","volume_suv","volume","","","target","2025 Chevrolet Traverse"
"1281","chevrolet-traverse-2025-premier","2025","Chevrolet","Traverse","Premier","","chevy","fixed_interval","volume_suv","volume","","","target","2025 Chevrolet Traverse"
"1282","chevrolet-traverse-2024-lt","2024","Chevrolet","Traverse","LT","","chevy","fixed_interval","volume_suv","volume","","","target","2024 Chevrolet Traverse"
"1283","chevrolet-traverse-2024-rs","2024","Chevrolet","Traverse","RS","","chevy","fixed_interval","volume_suv","volume","","","target","2024 Chevrolet Traverse"
"1284","chevrolet-traverse-2024-premier","2024","Chevrolet","Traverse","Premier","","chevy","fixed_interval","volume_suv","volume","","","target","2024 Chevrolet Traverse"
"1285","chevrolet-traverse-2023-lt","2023","Chevrolet","Traverse","LT","","chevy","fixed_interval","volume_suv","volume","","","target","2023 Chevrolet Traverse"
"1286","chevrolet-traverse-2023-rs","2023","Chevrolet","Traverse","RS","","chevy","fixed_interval","volume_suv","volume","","","target","2023 Chevrolet Traverse"
"1287","chevrolet-traverse-2023-premier","2023","Chevrolet","Traverse","Premier","","chevy","fixed_interval","volume_suv","volume","","","target","2023 Chevrolet Traverse"
"1288","chevrolet-traverse-2022-lt","2022","Chevrolet","Traverse","LT","","chevy","fixed_interval","volume_suv","volume","","","target","2022 Chevrolet Traverse"
"1289","chevrolet-traverse-2022-rs","2022","Chevrolet","Traverse","RS","","chevy","fixed_interval","volume_suv","volume","","","target","2022 Chevrolet Traverse"
"1290","chevrolet-traverse-2022-premier","2022","Chevrolet","Traverse","Premier","","chevy","fixed_interval","volume_suv","volume","","","target","2022 Chevrolet Traverse"
"1291","chevrolet-traverse-2021-lt","2021","Chevrolet","Traverse","LT","","chevy","fixed_interval","volume_suv","volume","","","target","2021 Chevrolet Traverse"
"1292","chevrolet-traverse-2021-rs","2021","Chevrolet","Traverse","RS","","chevy","fixed_interval","volume_suv","volume","","","target","2021 Chevrolet Traverse"
"1293","chevrolet-traverse-2021-premier","2021","Chevrolet","Traverse","Premier","","chevy","fixed_interval","volume_suv","volume","","","target","2021 Chevrolet Traverse"
"1294","chevrolet-traverse-2020-lt","2020","Chevrolet","Traverse","LT","","chevy","fixed_interval","volume_suv","volume","","","target","2020 Chevrolet Traverse"
"1295","chevrolet-traverse-2020-rs","2020","Chevrolet","Traverse","RS","","chevy","fixed_interval","volume_suv","volume","","","target","2020 Chevrolet Traverse"
"1296","chevrolet-traverse-2020-premier","2020","Chevrolet","Traverse","Premier","","chevy","fixed_interval","volume_suv","volume","","","target","2020 Chevrolet Traverse"
"1297","nissan-altima-2025-s","2025","Nissan","Altima","S","","nissan","fixed_interval","volume_sedan","volume","","","target","2025 Nissan Altima"
"1298","nissan-altima-2025-sv","2025","Nissan","Altima","SV","","nissan","fixed_interval","volume_sedan","volume","","","target","2025 Nissan Altima"
"1299","nissan-altima-2025-sr","2025","Nissan","Altima","SR","","nissan","fixed_interval","volume_sedan","volume","","","target","2025 Nissan Altima"
"1300","nissan-altima-2024-s","2024","Nissan","Altima","S","","nissan","fixed_interval","volume_sedan","volume","","","target","2024 Nissan Altima"
"1301","nissan-altima-2024-sv","2024","Nissan","Altima","SV","","nissan","fixed_interval","volume_sedan","volume","","","in_catalog","2024 Nissan Altima"
"1302","nissan-altima-2024-sr","2024","Nissan","Altima","SR","","nissan","fixed_interval","volume_sedan","volume","","","target","2024 Nissan Altima"
"1303","nissan-altima-2023-s","2023","Nissan","Altima","S","","nissan","fixed_interval","volume_sedan","volume","","","target","2023 Nissan Altima"
"1304","nissan-altima-2023-sv","2023","Nissan","Altima","SV","","nissan","fixed_interval","volume_sedan","volume","","","target","2023 Nissan Altima"
"1305","nissan-altima-2023-sr","2023","Nissan","Altima","SR","","nissan","fixed_interval","volume_sedan","volume","","","target","2023 Nissan Altima"
"1306","nissan-altima-2022-s","2022","Nissan","Altima","S","","nissan","fixed_interval","volume_sedan","volume","","","target","2022 Nissan Altima"
"1307","nissan-altima-2022-sv","2022","Nissan","Altima","SV","","nissan","fixed_interval","volume_sedan","volume","","","target","2022 Nissan Altima"
"1308","nissan-altima-2022-sr","2022","Nissan","Altima","SR","","nissan","fixed_interval","volume_sedan","volume","","","target","2022 Nissan Altima"
"1309","nissan-altima-2021-s","2021","Nissan","Altima","S","","nissan","fixed_interval","volume_sedan","volume","","","target","2021 Nissan Altima"
"1310","nissan-altima-2021-sv","2021","Nissan","Altima","SV","","nissan","fixed_interval","volume_sedan","volume","","","target","2021 Nissan Altima"
"1311","nissan-altima-2021-sr","2021","Nissan","Altima","SR","","nissan","fixed_interval","volume_sedan","volume","","","target","2021 Nissan Altima"
"1312","nissan-altima-2020-s","2020","Nissan","Altima","S","","nissan","fixed_interval","volume_sedan","volume","","","target","2020 Nissan Altima"
"1313","nissan-altima-2020-sv","2020","Nissan","Altima","SV","","nissan","fixed_interval","volume_sedan","volume","","","target","2020 Nissan Altima"
"1314","nissan-altima-2020-sr","2020","Nissan","Altima","SR","","nissan","fixed_interval","volume_sedan","volume","","","target","2020 Nissan Altima"
"1315","hyundai-elantra-2025-se","2025","Hyundai","Elantra","SE","","hyundai","fixed_interval","volume_sedan","volume","","","target","2025 Hyundai Elantra"
"1316","hyundai-elantra-2025-sel","2025","Hyundai","Elantra","SEL","","hyundai","fixed_interval","volume_sedan","volume","","","target","2025 Hyundai Elantra"
"1317","hyundai-elantra-2025-limited","2025","Hyundai","Elantra","Limited","","hyundai","fixed_interval","volume_sedan","volume","","","target","2025 Hyundai Elantra"
"1318","hyundai-elantra-2024-se","2024","Hyundai","Elantra","SE","","hyundai","fixed_interval","volume_sedan","volume","","","in_catalog","2024 Hyundai Elantra"
"1319","hyundai-elantra-2024-sel","2024","Hyundai","Elantra","SEL","","hyundai","fixed_interval","volume_sedan","volume","","","target","2024 Hyundai Elantra"
"1320","hyundai-elantra-2024-limited","2024","Hyundai","Elantra","Limited","","hyundai","fixed_interval","volume_sedan","volume","","","target","2024 Hyundai Elantra"
"1321","hyundai-elantra-2023-se","2023","Hyundai","Elantra","SE","","hyundai","fixed_interval","volume_sedan","volume","","","target","2023 Hyundai Elantra"
"1322","hyundai-elantra-2023-sel","2023","Hyundai","Elantra","SEL","","hyundai","fixed_interval","volume_sedan","volume","","","target","2023 Hyundai Elantra"
"1323","hyundai-elantra-2023-limited","2023","Hyundai","Elantra","Limited","","hyundai","fixed_interval","volume_sedan","volume","","","target","2023 Hyundai Elantra"
"1324","hyundai-elantra-2022-se","2022","Hyundai","Elantra","SE","","hyundai","fixed_interval","volume_sedan","volume","","","target","2022 Hyundai Elantra"
"1325","hyundai-elantra-2022-sel","2022","Hyundai","Elantra","SEL","","hyundai","fixed_interval","volume_sedan","volume","","","target","2022 Hyundai Elantra"
"1326","hyundai-elantra-2022-limited","2022","Hyundai","Elantra","Limited","","hyundai","fixed_interval","volume_sedan","volume","","","target","2022 Hyundai Elantra"
"1327","hyundai-elantra-2021-se","2021","Hyundai","Elantra","SE","","hyundai","fixed_interval","volume_sedan","volume","","","target","2021 Hyundai Elantra"
"1328","hyundai-elantra-2021-sel","2021","Hyundai","Elantra","SEL","","hyundai","fixed_interval","volume_sedan","volume","","","target","2021 Hyundai Elantra"
"1329","hyundai-elantra-2021-limited","2021","Hyundai","Elantra","Limited","","hyundai","fixed_interval","volume_sedan","volume","","","target","2021 Hyundai Elantra"
"1330","hyundai-elantra-2020-se","2020","Hyundai","Elantra","SE","","hyundai","fixed_interval","volume_sedan","volume","","","target","2020 Hyundai Elantra"
"1331","hyundai-elantra-2020-sel","2020","Hyundai","Elantra","SEL","","hyundai","fixed_interval","volume_sedan","volume","","","target","2020 Hyundai Elantra"
"1332","hyundai-elantra-2020-limited","2020","Hyundai","Elantra","Limited","","hyundai","fixed_interval","volume_sedan","volume","","","target","2020 Hyundai Elantra"
"1333","kia-k5-2025-lxs","2025","Kia","K5","LXS","","kia","fixed_interval","volume_sedan","volume","","","target","2025 Kia K5"
"1334","kia-k5-2025-gt-line","2025","Kia","K5","GT-Line","","kia","fixed_interval","volume_sedan","volume","","","target","2025 Kia K5"
"1335","kia-k5-2025-ex","2025","Kia","K5","EX","","kia","fixed_interval","volume_sedan","volume","","","target","2025 Kia K5"
"1336","kia-k5-2024-lxs","2024","Kia","K5","LXS","","kia","fixed_interval","volume_sedan","volume","","","in_catalog","2024 Kia K5"
"1337","kia-k5-2024-gt-line","2024","Kia","K5","GT-Line","","kia","fixed_interval","volume_sedan","volume","","","target","2024 Kia K5"
"1338","kia-k5-2024-ex","2024","Kia","K5","EX","","kia","fixed_interval","volume_sedan","volume","","","target","2024 Kia K5"
"1339","kia-k5-2023-lxs","2023","Kia","K5","LXS","","kia","fixed_interval","volume_sedan","volume","","","target","2023 Kia K5"
"1340","kia-k5-2023-gt-line","2023","Kia","K5","GT-Line","","kia","fixed_interval","volume_sedan","volume","","","target","2023 Kia K5"
"1341","kia-k5-2023-ex","2023","Kia","K5","EX","","kia","fixed_interval","volume_sedan","volume","","","target","2023 Kia K5"
"1342","kia-k5-2022-lxs","2022","Kia","K5","LXS","","kia","fixed_interval","volume_sedan","volume","","","target","2022 Kia K5"
"1343","kia-k5-2022-gt-line","2022","Kia","K5","GT-Line","","kia","fixed_interval","volume_sedan","volume","","","target","2022 Kia K5"
"1344","kia-k5-2022-ex","2022","Kia","K5","EX","","kia","fixed_interval","volume_sedan","volume","","","target","2022 Kia K5"
"1345","kia-k5-2021-lxs","2021","Kia","K5","LXS","","kia","fixed_interval","volume_sedan","volume","","","target","2021 Kia K5"
"1346","kia-k5-2021-gt-line","2021","Kia","K5","GT-Line","","kia","fixed_interval","volume_sedan","volume","","","target","2021 Kia K5"
"1347","kia-k5-2021-ex","2021","Kia","K5","EX","","kia","fixed_interval","volume_sedan","volume","","","target","2021 Kia K5"
"1348","subaru-crosstrek-2025-base","2025","Subaru","Crosstrek","Base","","subaru","fixed_interval","volume_suv","volume","","","target","2025 Subaru Crosstrek"
"1349","subaru-crosstrek-2025-premium","2025","Subaru","Crosstrek","Premium","","subaru","fixed_interval","volume_suv","volume","","","target","2025 Subaru Crosstrek"
"1350","subaru-crosstrek-2025-limited","2025","Subaru","Crosstrek","Limited","","subaru","fixed_interval","volume_suv","volume","","","target","2025 Subaru Crosstrek"
"1351","subaru-crosstrek-2024-base","2024","Subaru","Crosstrek","Base","","subaru","fixed_interval","volume_suv","volume","","","target","2024 Subaru Crosstrek"
"1352","subaru-crosstrek-2024-premium","2024","Subaru","Crosstrek","Premium","","subaru","fixed_interval","volume_suv","volume","","","in_catalog","2024 Subaru Crosstrek"
"1353","subaru-crosstrek-2024-limited","2024","Subaru","Crosstrek","Limited","","subaru","fixed_interval","volume_suv","volume","","","target","2024 Subaru Crosstrek"
"1354","subaru-crosstrek-2023-base","2023","Subaru","Crosstrek","Base","","subaru","fixed_interval","volume_suv","volume","","","target","2023 Subaru Crosstrek"
"1355","subaru-crosstrek-2023-premium","2023","Subaru","Crosstrek","Premium","","subaru","fixed_interval","volume_suv","volume","","","target","2023 Subaru Crosstrek"
"1356","subaru-crosstrek-2023-limited","2023","Subaru","Crosstrek","Limited","","subaru","fixed_interval","volume_suv","volume","","","target","2023 Subaru Crosstrek"
"1357","subaru-crosstrek-2022-base","2022","Subaru","Crosstrek","Base","","subaru","fixed_interval","volume_suv","volume","","","target","2022 Subaru Crosstrek"
"1358","subaru-crosstrek-2022-premium","2022","Subaru","Crosstrek","Premium","","subaru","fixed_interval","volume_suv","volume","","","target","2022 Subaru Crosstrek"
"1359","subaru-crosstrek-2022-limited","2022","Subaru","Crosstrek","Limited","","subaru","fixed_interval","volume_suv","volume","","","target","2022 Subaru Crosstrek"
"1360","subaru-crosstrek-2021-base","2021","Subaru","Crosstrek","Base","","subaru","fixed_interval","volume_suv","volume","","","target","2021 Subaru Crosstrek"
"1361","subaru-crosstrek-2021-premium","2021","Subaru","Crosstrek","Premium","","subaru","fixed_interval","volume_suv","volume","","","target","2021 Subaru Crosstrek"
"1362","subaru-crosstrek-2021-limited","2021","Subaru","Crosstrek","Limited","","subaru","fixed_interval","volume_suv","volume","","","target","2021 Subaru Crosstrek"
"1363","subaru-crosstrek-2020-base","2020","Subaru","Crosstrek","Base","","subaru","fixed_interval","volume_suv","volume","","","target","2020 Subaru Crosstrek"
"1364","subaru-crosstrek-2020-premium","2020","Subaru","Crosstrek","Premium","","subaru","fixed_interval","volume_suv","volume","","","target","2020 Subaru Crosstrek"
"1365","subaru-crosstrek-2020-limited","2020","Subaru","Crosstrek","Limited","","subaru","fixed_interval","volume_suv","volume","","","target","2020 Subaru Crosstrek"
"1366","toyota-prius-2025-le-hybrid","2025","Toyota","Prius","LE","Hybrid","toyota","fixed_interval","volume_hybrid","volume","","","target","2025 Toyota Prius"
"1367","toyota-prius-2025-xle-hybrid","2025","Toyota","Prius","XLE","Hybrid","toyota","fixed_interval","volume_hybrid","volume","","","target","2025 Toyota Prius"
"1368","toyota-prius-2025-limited-hybrid","2025","Toyota","Prius","Limited","Hybrid","toyota","fixed_interval","volume_hybrid","volume","","","target","2025 Toyota Prius"
"1369","toyota-prius-2024-le-hybrid","2024","Toyota","Prius","LE","Hybrid","toyota","fixed_interval","volume_hybrid","volume","","","target","2024 Toyota Prius"
"1370","toyota-prius-2024-xle-hybrid","2024","Toyota","Prius","XLE","Hybrid","toyota","fixed_interval","volume_hybrid","volume","","","target","2024 Toyota Prius"
"1371","toyota-prius-2024-limited-hybrid","2024","Toyota","Prius","Limited","Hybrid","toyota","fixed_interval","volume_hybrid","volume","","","target","2024 Toyota Prius"
"1372","toyota-prius-2023-le-hybrid","2023","Toyota","Prius","LE","Hybrid","toyota","fixed_interval","volume_hybrid","volume","","","target","2023 Toyota Prius"
"1373","toyota-prius-2023-xle-hybrid","2023","Toyota","Prius","XLE","Hybrid","toyota","fixed_interval","volume_hybrid","volume","","","target","2023 Toyota Prius"
"1374","toyota-prius-2023-limited-hybrid","2023","Toyota","Prius","Limited","Hybrid","toyota","fixed_interval","volume_hybrid","volume","","","target","2023 Toyota Prius"
"1375","toyota-prius-2022-le-hybrid","2022","Toyota","Prius","LE","Hybrid","toyota","fixed_interval","volume_hybrid","volume","","","target","2022 Toyota Prius"
"1376","toyota-prius-2022-xle-hybrid","2022","Toyota","Prius","XLE","Hybrid","toyota","fixed_interval","volume_hybrid","volume","","","target","2022 Toyota Prius"
"1377","toyota-prius-2022-limited-hybrid","2022","Toyota","Prius","Limited","Hybrid","toyota","fixed_interval","volume_hybrid","volume","","","target","2022 Toyota Prius"
"1378","toyota-prius-2021-le-hybrid","2021","Toyota","Prius","LE","Hybrid","toyota","fixed_interval","volume_hybrid","volume","","","target","2021 Toyota Prius"
"1379","toyota-prius-2021-xle-hybrid","2021","Toyota","Prius","XLE","Hybrid","toyota","fixed_interval","volume_hybrid","volume","","","target","2021 Toyota Prius"
"1380","toyota-prius-2021-limited-hybrid","2021","Toyota","Prius","Limited","Hybrid","toyota","fixed_interval","volume_hybrid","volume","","","target","2021 Toyota Prius"
"1381","toyota-prius-2020-le-hybrid","2020","Toyota","Prius","LE","Hybrid","toyota","fixed_interval","volume_hybrid","volume","","","target","2020 Toyota Prius"
"1382","toyota-prius-2020-xle-hybrid","2020","Toyota","Prius","XLE","Hybrid","toyota","fixed_interval","volume_hybrid","volume","","","target","2020 Toyota Prius"
"1383","toyota-prius-2020-limited-hybrid","2020","Toyota","Prius","Limited","Hybrid","toyota","fixed_interval","volume_hybrid","volume","","","target","2020 Toyota Prius"
"1384","toyota-corolla-cross-2025-l","2025","Toyota","Corolla Cross","L","","toyota","fixed_interval","volume_suv","volume","","","target","2025 Toyota Corolla Cross"
"1385","toyota-corolla-cross-2025-se","2025","Toyota","Corolla Cross","SE","","toyota","fixed_interval","volume_suv","volume","","","target","2025 Toyota Corolla Cross"
"1386","toyota-corolla-cross-2025-xse","2025","Toyota","Corolla Cross","XSE","","toyota","fixed_interval","volume_suv","volume","","","target","2025 Toyota Corolla Cross"
"1387","toyota-corolla-cross-2024-l","2024","Toyota","Corolla Cross","L","","toyota","fixed_interval","volume_suv","volume","","","target","2024 Toyota Corolla Cross"
"1388","toyota-corolla-cross-2024-se","2024","Toyota","Corolla Cross","SE","","toyota","fixed_interval","volume_suv","volume","","","in_catalog","2024 Toyota Corolla Cross"
"1389","toyota-corolla-cross-2024-xse","2024","Toyota","Corolla Cross","XSE","","toyota","fixed_interval","volume_suv","volume","","","target","2024 Toyota Corolla Cross"
"1390","toyota-corolla-cross-2023-l","2023","Toyota","Corolla Cross","L","","toyota","fixed_interval","volume_suv","volume","","","target","2023 Toyota Corolla Cross"
"1391","toyota-corolla-cross-2023-se","2023","Toyota","Corolla Cross","SE","","toyota","fixed_interval","volume_suv","volume","","","target","2023 Toyota Corolla Cross"
"1392","toyota-corolla-cross-2023-xse","2023","Toyota","Corolla Cross","XSE","","toyota","fixed_interval","volume_suv","volume","","","target","2023 Toyota Corolla Cross"
"1393","toyota-corolla-cross-2022-l","2022","Toyota","Corolla Cross","L","","toyota","fixed_interval","volume_suv","volume","","","target","2022 Toyota Corolla Cross"
"1394","toyota-corolla-cross-2022-se","2022","Toyota","Corolla Cross","SE","","toyota","fixed_interval","volume_suv","volume","","","target","2022 Toyota Corolla Cross"
"1395","toyota-corolla-cross-2022-xse","2022","Toyota","Corolla Cross","XSE","","toyota","fixed_interval","volume_suv","volume","","","target","2022 Toyota Corolla Cross"
"1396","honda-hr-v-2025-ex","2025","Honda","HR-V","EX","","honda","maintenance_minder","volume_suv","volume","","","target","2025 Honda HR-V"
"1397","honda-hr-v-2025-ex-l","2025","Honda","HR-V","EX-L","","honda","maintenance_minder","volume_suv","volume","","","target","2025 Honda HR-V"
"1398","honda-hr-v-2025-sport","2025","Honda","HR-V","Sport","","honda","maintenance_minder","volume_suv","volume","","","target","2025 Honda HR-V"
"1399","honda-hr-v-2024-ex","2024","Honda","HR-V","EX","","honda","maintenance_minder","volume_suv","volume","","","target","2024 Honda HR-V"
"1400","honda-hr-v-2024-ex-l","2024","Honda","HR-V","EX-L","","honda","maintenance_minder","volume_suv","volume","","","target","2024 Honda HR-V"
"1401","honda-hr-v-2024-sport","2024","Honda","HR-V","Sport","","honda","maintenance_minder","volume_suv","volume","","","target","2024 Honda HR-V"
"1402","honda-hr-v-2023-ex","2023","Honda","HR-V","EX","","honda","maintenance_minder","volume_suv","volume","","","target","2023 Honda HR-V"
"1403","honda-hr-v-2023-ex-l","2023","Honda","HR-V","EX-L","","honda","maintenance_minder","volume_suv","volume","","","target","2023 Honda HR-V"
"1404","honda-hr-v-2023-sport","2023","Honda","HR-V","Sport","","honda","maintenance_minder","volume_suv","volume","","","target","2023 Honda HR-V"
"1405","honda-hr-v-2022-ex","2022","Honda","HR-V","EX","","honda","maintenance_minder","volume_suv","volume","","","target","2022 Honda HR-V"
"1406","honda-hr-v-2022-ex-l","2022","Honda","HR-V","EX-L","","honda","maintenance_minder","volume_suv","volume","","","target","2022 Honda HR-V"
"1407","honda-hr-v-2022-sport","2022","Honda","HR-V","Sport","","honda","maintenance_minder","volume_suv","volume","","","target","2022 Honda HR-V"
"1408","honda-hr-v-2021-ex","2021","Honda","HR-V","EX","","honda","maintenance_minder","volume_suv","volume","","","target","2021 Honda HR-V"
"1409","honda-hr-v-2021-ex-l","2021","Honda","HR-V","EX-L","","honda","maintenance_minder","volume_suv","volume","","","target","2021 Honda HR-V"
"1410","honda-hr-v-2021-sport","2021","Honda","HR-V","Sport","","honda","maintenance_minder","volume_suv","volume","","","target","2021 Honda HR-V"
"1411","honda-hr-v-2020-ex","2020","Honda","HR-V","EX","","honda","maintenance_minder","volume_suv","volume","","","target","2020 Honda HR-V"
"1412","honda-hr-v-2020-ex-l","2020","Honda","HR-V","EX-L","","honda","maintenance_minder","volume_suv","volume","","","target","2020 Honda HR-V"
"1413","honda-hr-v-2020-sport","2020","Honda","HR-V","Sport","","honda","maintenance_minder","volume_suv","volume","","","target","2020 Honda HR-V"
"1414","mazda-cx-30-2025-select","2025","Mazda","CX-30","Select","","mazda","fixed_interval","volume_suv","volume","","","target","2025 Mazda CX-30"
"1415","mazda-cx-30-2025-preferred","2025","Mazda","CX-30","Preferred","","mazda","fixed_interval","volume_suv","volume","","","target","2025 Mazda CX-30"
"1416","mazda-cx-30-2025-premium","2025","Mazda","CX-30","Premium","","mazda","fixed_interval","volume_suv","volume","","","target","2025 Mazda CX-30"
"1417","mazda-cx-30-2024-select","2024","Mazda","CX-30","Select","","mazda","fixed_interval","volume_suv","volume","","","target","2024 Mazda CX-30"
"1418","mazda-cx-30-2024-preferred","2024","Mazda","CX-30","Preferred","","mazda","fixed_interval","volume_suv","volume","","","target","2024 Mazda CX-30"
"1419","mazda-cx-30-2024-premium","2024","Mazda","CX-30","Premium","","mazda","fixed_interval","volume_suv","volume","","","target","2024 Mazda CX-30"
"1420","mazda-cx-30-2023-select","2023","Mazda","CX-30","Select","","mazda","fixed_interval","volume_suv","volume","","","target","2023 Mazda CX-30"
"1421","mazda-cx-30-2023-preferred","2023","Mazda","CX-30","Preferred","","mazda","fixed_interval","volume_suv","volume","","","target","2023 Mazda CX-30"
"1422","mazda-cx-30-2023-premium","2023","Mazda","CX-30","Premium","","mazda","fixed_interval","volume_suv","volume","","","target","2023 Mazda CX-30"
"1423","mazda-cx-30-2022-select","2022","Mazda","CX-30","Select","","mazda","fixed_interval","volume_suv","volume","","","target","2022 Mazda CX-30"
"1424","mazda-cx-30-2022-preferred","2022","Mazda","CX-30","Preferred","","mazda","fixed_interval","volume_suv","volume","","","target","2022 Mazda CX-30"
"1425","mazda-cx-30-2022-premium","2022","Mazda","CX-30","Premium","","mazda","fixed_interval","volume_suv","volume","","","target","2022 Mazda CX-30"
"1426","mazda-cx-30-2021-select","2021","Mazda","CX-30","Select","","mazda","fixed_interval","volume_suv","volume","","","target","2021 Mazda CX-30"
"1427","mazda-cx-30-2021-preferred","2021","Mazda","CX-30","Preferred","","mazda","fixed_interval","volume_suv","volume","","","target","2021 Mazda CX-30"
"1428","mazda-cx-30-2021-premium","2021","Mazda","CX-30","Premium","","mazda","fixed_interval","volume_suv","volume","","","target","2021 Mazda CX-30"
"1429","mazda-cx-30-2020-select","2020","Mazda","CX-30","Select","","mazda","fixed_interval","volume_suv","volume","","","target","2020 Mazda CX-30"
"1430","mazda-cx-30-2020-preferred","2020","Mazda","CX-30","Preferred","","mazda","fixed_interval","volume_suv","volume","","","target","2020 Mazda CX-30"
"1431","mazda-cx-30-2020-premium","2020","Mazda","CX-30","Premium","","mazda","fixed_interval","volume_suv","volume","","","target","2020 Mazda CX-30"
"1432","volkswagen-jetta-2025-s","2025","Volkswagen","Jetta","S","","vw","fixed_interval","volume_sedan","volume","","","target","2025 Volkswagen Jetta"
"1433","volkswagen-jetta-2025-se","2025","Volkswagen","Jetta","SE","","vw","fixed_interval","volume_sedan","volume","","","target","2025 Volkswagen Jetta"
"1434","volkswagen-jetta-2025-sel","2025","Volkswagen","Jetta","SEL","","vw","fixed_interval","volume_sedan","volume","","","target","2025 Volkswagen Jetta"
"1435","volkswagen-jetta-2024-s","2024","Volkswagen","Jetta","S","","vw","fixed_interval","volume_sedan","volume","","","target","2024 Volkswagen Jetta"
"1436","volkswagen-jetta-2024-se","2024","Volkswagen","Jetta","SE","","vw","fixed_interval","volume_sedan","volume","","","target","2024 Volkswagen Jetta"
"1437","volkswagen-jetta-2024-sel","2024","Volkswagen","Jetta","SEL","","vw","fixed_interval","volume_sedan","volume","","","target","2024 Volkswagen Jetta"
"1438","volkswagen-jetta-2023-s","2023","Volkswagen","Jetta","S","","vw","fixed_interval","volume_sedan","volume","","","target","2023 Volkswagen Jetta"
"1439","volkswagen-jetta-2023-se","2023","Volkswagen","Jetta","SE","","vw","fixed_interval","volume_sedan","volume","","","target","2023 Volkswagen Jetta"
"1440","volkswagen-jetta-2023-sel","2023","Volkswagen","Jetta","SEL","","vw","fixed_interval","volume_sedan","volume","","","target","2023 Volkswagen Jetta"
"1441","volkswagen-jetta-2022-s","2022","Volkswagen","Jetta","S","","vw","fixed_interval","volume_sedan","volume","","","target","2022 Volkswagen Jetta"
"1442","volkswagen-jetta-2022-se","2022","Volkswagen","Jetta","SE","","vw","fixed_interval","volume_sedan","volume","","","target","2022 Volkswagen Jetta"
"1443","volkswagen-jetta-2022-sel","2022","Volkswagen","Jetta","SEL","","vw","fixed_interval","volume_sedan","volume","","","target","2022 Volkswagen Jetta"
"1444","volkswagen-jetta-2021-s","2021","Volkswagen","Jetta","S","","vw","fixed_interval","volume_sedan","volume","","","target","2021 Volkswagen Jetta"
"1445","volkswagen-jetta-2021-se","2021","Volkswagen","Jetta","SE","","vw","fixed_interval","volume_sedan","volume","","","target","2021 Volkswagen Jetta"
"1446","volkswagen-jetta-2021-sel","2021","Volkswagen","Jetta","SEL","","vw","fixed_interval","volume_sedan","volume","","","target","2021 Volkswagen Jetta"
"1447","volkswagen-jetta-2020-s","2020","Volkswagen","Jetta","S","","vw","fixed_interval","volume_sedan","volume","","","target","2020 Volkswagen Jetta"
"1448","volkswagen-jetta-2020-se","2020","Volkswagen","Jetta","SE","","vw","fixed_interval","volume_sedan","volume","","","target","2020 Volkswagen Jetta"
"1449","volkswagen-jetta-2020-sel","2020","Volkswagen","Jetta","SEL","","vw","fixed_interval","volume_sedan","volume","","","target","2020 Volkswagen Jetta"
"1450","subaru-impreza-2025-base","2025","Subaru","Impreza","Base","","subaru","fixed_interval","volume_sedan","volume","","","target","2025 Subaru Impreza"
"1451","subaru-impreza-2025-premium","2025","Subaru","Impreza","Premium","","subaru","fixed_interval","volume_sedan","volume","","","target","2025 Subaru Impreza"
"1452","subaru-impreza-2025-sport","2025","Subaru","Impreza","Sport","","subaru","fixed_interval","volume_sedan","volume","","","target","2025 Subaru Impreza"
"1453","subaru-impreza-2024-base","2024","Subaru","Impreza","Base","","subaru","fixed_interval","volume_sedan","volume","","","in_catalog","2024 Subaru Impreza"
"1454","subaru-impreza-2024-premium","2024","Subaru","Impreza","Premium","","subaru","fixed_interval","volume_sedan","volume","","","target","2024 Subaru Impreza"
"1455","subaru-impreza-2024-sport","2024","Subaru","Impreza","Sport","","subaru","fixed_interval","volume_sedan","volume","","","target","2024 Subaru Impreza"
"1456","subaru-impreza-2023-base","2023","Subaru","Impreza","Base","","subaru","fixed_interval","volume_sedan","volume","","","target","2023 Subaru Impreza"
"1457","subaru-impreza-2023-premium","2023","Subaru","Impreza","Premium","","subaru","fixed_interval","volume_sedan","volume","","","target","2023 Subaru Impreza"
"1458","subaru-impreza-2023-sport","2023","Subaru","Impreza","Sport","","subaru","fixed_interval","volume_sedan","volume","","","target","2023 Subaru Impreza"
"1459","subaru-impreza-2022-base","2022","Subaru","Impreza","Base","","subaru","fixed_interval","volume_sedan","volume","","","target","2022 Subaru Impreza"
"1460","subaru-impreza-2022-premium","2022","Subaru","Impreza","Premium","","subaru","fixed_interval","volume_sedan","volume","","","target","2022 Subaru Impreza"
"1461","subaru-impreza-2022-sport","2022","Subaru","Impreza","Sport","","subaru","fixed_interval","volume_sedan","volume","","","target","2022 Subaru Impreza"
"1462","subaru-impreza-2021-base","2021","Subaru","Impreza","Base","","subaru","fixed_interval","volume_sedan","volume","","","target","2021 Subaru Impreza"
"1463","subaru-impreza-2021-premium","2021","Subaru","Impreza","Premium","","subaru","fixed_interval","volume_sedan","volume","","","target","2021 Subaru Impreza"
"1464","subaru-impreza-2021-sport","2021","Subaru","Impreza","Sport","","subaru","fixed_interval","volume_sedan","volume","","","target","2021 Subaru Impreza"
"1465","subaru-impreza-2020-base","2020","Subaru","Impreza","Base","","subaru","fixed_interval","volume_sedan","volume","","","target","2020 Subaru Impreza"
"1466","subaru-impreza-2020-premium","2020","Subaru","Impreza","Premium","","subaru","fixed_interval","volume_sedan","volume","","","target","2020 Subaru Impreza"
"1467","subaru-impreza-2020-sport","2020","Subaru","Impreza","Sport","","subaru","fixed_interval","volume_sedan","volume","","","target","2020 Subaru Impreza"
"1468","honda-passport-2025-ex-l","2025","Honda","Passport","EX-L","","honda","maintenance_minder","volume_suv","volume","","","target","2025 Honda Passport"
"1469","honda-passport-2025-touring","2025","Honda","Passport","Touring","","honda","maintenance_minder","volume_suv","volume","","","target","2025 Honda Passport"
"1470","honda-passport-2025-elite","2025","Honda","Passport","Elite","","honda","maintenance_minder","volume_suv","volume","","","target","2025 Honda Passport"
"1471","honda-passport-2024-ex-l","2024","Honda","Passport","EX-L","","honda","maintenance_minder","volume_suv","volume","","","in_catalog","2024 Honda Passport"
"1472","honda-passport-2024-touring","2024","Honda","Passport","Touring","","honda","maintenance_minder","volume_suv","volume","","","target","2024 Honda Passport"
"1473","honda-passport-2024-elite","2024","Honda","Passport","Elite","","honda","maintenance_minder","volume_suv","volume","","","target","2024 Honda Passport"
"1474","honda-passport-2023-ex-l","2023","Honda","Passport","EX-L","","honda","maintenance_minder","volume_suv","volume","","","target","2023 Honda Passport"
"1475","honda-passport-2023-touring","2023","Honda","Passport","Touring","","honda","maintenance_minder","volume_suv","volume","","","target","2023 Honda Passport"
"1476","honda-passport-2023-elite","2023","Honda","Passport","Elite","","honda","maintenance_minder","volume_suv","volume","","","target","2023 Honda Passport"
"1477","honda-passport-2022-ex-l","2022","Honda","Passport","EX-L","","honda","maintenance_minder","volume_suv","volume","","","target","2022 Honda Passport"
"1478","honda-passport-2022-touring","2022","Honda","Passport","Touring","","honda","maintenance_minder","volume_suv","volume","","","target","2022 Honda Passport"
"1479","honda-passport-2022-elite","2022","Honda","Passport","Elite","","honda","maintenance_minder","volume_suv","volume","","","target","2022 Honda Passport"
"1480","honda-passport-2021-ex-l","2021","Honda","Passport","EX-L","","honda","maintenance_minder","volume_suv","volume","","","target","2021 Honda Passport"
"1481","honda-passport-2021-touring","2021","Honda","Passport","Touring","","honda","maintenance_minder","volume_suv","volume","","","target","2021 Honda Passport"
"1482","honda-passport-2021-elite","2021","Honda","Passport","Elite","","honda","maintenance_minder","volume_suv","volume","","","target","2021 Honda Passport"
"1483","honda-passport-2020-ex-l","2020","Honda","Passport","EX-L","","honda","maintenance_minder","volume_suv","volume","","","target","2020 Honda Passport"
"1484","honda-passport-2020-touring","2020","Honda","Passport","Touring","","honda","maintenance_minder","volume_suv","volume","","","target","2020 Honda Passport"
"1485","honda-passport-2020-elite","2020","Honda","Passport","Elite","","honda","maintenance_minder","volume_suv","volume","","","target","2020 Honda Passport"
"1486","honda-odyssey-2025-ex-l","2025","Honda","Odyssey","EX-L","","honda","maintenance_minder","volume_minivan","volume","","","target","2025 Honda Odyssey"
"1487","honda-odyssey-2025-touring","2025","Honda","Odyssey","Touring","","honda","maintenance_minder","volume_minivan","volume","","","target","2025 Honda Odyssey"
"1488","honda-odyssey-2025-elite","2025","Honda","Odyssey","Elite","","honda","maintenance_minder","volume_minivan","volume","","","target","2025 Honda Odyssey"
"1489","honda-odyssey-2024-ex-l","2024","Honda","Odyssey","EX-L","","honda","maintenance_minder","volume_minivan","volume","","","target","2024 Honda Odyssey"
"1490","honda-odyssey-2024-touring","2024","Honda","Odyssey","Touring","","honda","maintenance_minder","volume_minivan","volume","","","target","2024 Honda Odyssey"
"1491","honda-odyssey-2024-elite","2024","Honda","Odyssey","Elite","","honda","maintenance_minder","volume_minivan","volume","","","target","2024 Honda Odyssey"
"1492","honda-odyssey-2023-ex-l","2023","Honda","Odyssey","EX-L","","honda","maintenance_minder","volume_minivan","volume","","","target","2023 Honda Odyssey"
"1493","honda-odyssey-2023-touring","2023","Honda","Odyssey","Touring","","honda","maintenance_minder","volume_minivan","volume","","","target","2023 Honda Odyssey"
"1494","honda-odyssey-2023-elite","2023","Honda","Odyssey","Elite","","honda","maintenance_minder","volume_minivan","volume","","","target","2023 Honda Odyssey"
"1495","honda-odyssey-2022-ex-l","2022","Honda","Odyssey","EX-L","","honda","maintenance_minder","volume_minivan","volume","","","target","2022 Honda Odyssey"
"1496","honda-odyssey-2022-touring","2022","Honda","Odyssey","Touring","","honda","maintenance_minder","volume_minivan","volume","","","target","2022 Honda Odyssey"
"1497","honda-odyssey-2022-elite","2022","Honda","Odyssey","Elite","","honda","maintenance_minder","volume_minivan","volume","","","target","2022 Honda Odyssey"
"1498","honda-odyssey-2021-ex-l","2021","Honda","Odyssey","EX-L","","honda","maintenance_minder","volume_minivan","volume","","","target","2021 Honda Odyssey"
"1499","honda-odyssey-2021-touring","2021","Honda","Odyssey","Touring","","honda","maintenance_minder","volume_minivan","volume","","","target","2021 Honda Odyssey"
"1500","honda-odyssey-2021-elite","2021","Honda","Odyssey","Elite","","honda","maintenance_minder","volume_minivan","volume","","","target","2021 Honda Odyssey"
"1501","honda-odyssey-2020-ex-l","2020","Honda","Odyssey","EX-L","","honda","maintenance_minder","volume_minivan","volume","","","target","2020 Honda Odyssey"
"1502","honda-odyssey-2020-touring","2020","Honda","Odyssey","Touring","","honda","maintenance_minder","volume_minivan","volume","","","target","2020 Honda Odyssey"
"1503","honda-odyssey-2020-elite","2020","Honda","Odyssey","Elite","","honda","maintenance_minder","volume_minivan","volume","","","target","2020 Honda Odyssey"
"1504","toyota-sienna-2025-le-hybrid","2025","Toyota","Sienna","LE","Hybrid","toyota","fixed_interval","volume_minivan","volume","","","target","2025 Toyota Sienna"
"1505","toyota-sienna-2025-xle-hybrid","2025","Toyota","Sienna","XLE","Hybrid","toyota","fixed_interval","volume_minivan","volume","","","target","2025 Toyota Sienna"
"1506","toyota-sienna-2025-limited-hybrid","2025","Toyota","Sienna","Limited","Hybrid","toyota","fixed_interval","volume_minivan","volume","","","target","2025 Toyota Sienna"
"1507","toyota-sienna-2024-le-hybrid","2024","Toyota","Sienna","LE","Hybrid","toyota","fixed_interval","volume_minivan","volume","","","target","2024 Toyota Sienna"
"1508","toyota-sienna-2024-xle-hybrid","2024","Toyota","Sienna","XLE","Hybrid","toyota","fixed_interval","volume_minivan","volume","","","target","2024 Toyota Sienna"
"1509","toyota-sienna-2024-limited-hybrid","2024","Toyota","Sienna","Limited","Hybrid","toyota","fixed_interval","volume_minivan","volume","","","target","2024 Toyota Sienna"
"1510","toyota-sienna-2023-le-hybrid","2023","Toyota","Sienna","LE","Hybrid","toyota","fixed_interval","volume_minivan","volume","","","target","2023 Toyota Sienna"
"1511","toyota-sienna-2023-xle-hybrid","2023","Toyota","Sienna","XLE","Hybrid","toyota","fixed_interval","volume_minivan","volume","","","target","2023 Toyota Sienna"
"1512","toyota-sienna-2023-limited-hybrid","2023","Toyota","Sienna","Limited","Hybrid","toyota","fixed_interval","volume_minivan","volume","","","target","2023 Toyota Sienna"
"1513","toyota-sienna-2022-le-hybrid","2022","Toyota","Sienna","LE","Hybrid","toyota","fixed_interval","volume_minivan","volume","","","target","2022 Toyota Sienna"
"1514","toyota-sienna-2022-xle-hybrid","2022","Toyota","Sienna","XLE","Hybrid","toyota","fixed_interval","volume_minivan","volume","","","target","2022 Toyota Sienna"
"1515","toyota-sienna-2022-limited-hybrid","2022","Toyota","Sienna","Limited","Hybrid","toyota","fixed_interval","volume_minivan","volume","","","target","2022 Toyota Sienna"
"1516","toyota-sienna-2021-le-hybrid","2021","Toyota","Sienna","LE","Hybrid","toyota","fixed_interval","volume_minivan","volume","","","target","2021 Toyota Sienna"
"1517","toyota-sienna-2021-xle-hybrid","2021","Toyota","Sienna","XLE","Hybrid","toyota","fixed_interval","volume_minivan","volume","","","target","2021 Toyota Sienna"
"1518","toyota-sienna-2021-limited-hybrid","2021","Toyota","Sienna","Limited","Hybrid","toyota","fixed_interval","volume_minivan","volume","","","target","2021 Toyota Sienna"
"1519","tesla-model-y-2025-long-range","2025","Tesla","Model Y","Long Range","","tesla","ev_simplified","volume_ev","volume","","","target","2025 Tesla Model Y"
"1520","tesla-model-y-2025-performance","2025","Tesla","Model Y","Performance","","tesla","ev_simplified","volume_ev","volume","","","target","2025 Tesla Model Y"
"1521","tesla-model-y-2024-long-range","2024","Tesla","Model Y","Long Range","","tesla","ev_simplified","volume_ev","volume","","","in_catalog","2024 Tesla Model Y"
"1522","tesla-model-y-2024-performance","2024","Tesla","Model Y","Performance","","tesla","ev_simplified","volume_ev","volume","","","target","2024 Tesla Model Y"
"1523","tesla-model-y-2023-long-range","2023","Tesla","Model Y","Long Range","","tesla","ev_simplified","volume_ev","volume","","","target","2023 Tesla Model Y"
"1524","tesla-model-y-2023-performance","2023","Tesla","Model Y","Performance","","tesla","ev_simplified","volume_ev","volume","","","target","2023 Tesla Model Y"
"1525","tesla-model-y-2022-long-range","2022","Tesla","Model Y","Long Range","","tesla","ev_simplified","volume_ev","volume","","","target","2022 Tesla Model Y"
"1526","tesla-model-y-2022-performance","2022","Tesla","Model Y","Performance","","tesla","ev_simplified","volume_ev","volume","","","target","2022 Tesla Model Y"
"1527","tesla-model-y-2021-long-range","2021","Tesla","Model Y","Long Range","","tesla","ev_simplified","volume_ev","volume","","","target","2021 Tesla Model Y"
"1528","tesla-model-y-2021-performance","2021","Tesla","Model Y","Performance","","tesla","ev_simplified","volume_ev","volume","","","target","2021 Tesla Model Y"
"1529","tesla-model-y-2020-long-range","2020","Tesla","Model Y","Long Range","","tesla","ev_simplified","volume_ev","volume","","","target","2020 Tesla Model Y"
"1530","tesla-model-y-2020-performance","2020","Tesla","Model Y","Performance","","tesla","ev_simplified","volume_ev","volume","","","target","2020 Tesla Model Y"
"1531","tesla-model-3-2025-standard-range","2025","Tesla","Model 3","Standard Range","","tesla","ev_simplified","volume_ev","volume","","","target","2025 Tesla Model 3"
"1532","tesla-model-3-2025-long-range","2025","Tesla","Model 3","Long Range","","tesla","ev_simplified","volume_ev","volume","","","target","2025 Tesla Model 3"
"1533","tesla-model-3-2025-performance","2025","Tesla","Model 3","Performance","","tesla","ev_simplified","volume_ev","volume","","","target","2025 Tesla Model 3"
"1534","tesla-model-3-2024-standard-range","2024","Tesla","Model 3","Standard Range","","tesla","ev_simplified","volume_ev","volume","","","target","2024 Tesla Model 3"
"1535","tesla-model-3-2024-long-range","2024","Tesla","Model 3","Long Range","","tesla","ev_simplified","volume_ev","volume","","","in_catalog","2024 Tesla Model 3"
"1536","tesla-model-3-2024-performance","2024","Tesla","Model 3","Performance","","tesla","ev_simplified","volume_ev","volume","","","target","2024 Tesla Model 3"
"1537","tesla-model-3-2023-standard-range","2023","Tesla","Model 3","Standard Range","","tesla","ev_simplified","volume_ev","volume","","","target","2023 Tesla Model 3"
"1538","tesla-model-3-2023-long-range","2023","Tesla","Model 3","Long Range","","tesla","ev_simplified","volume_ev","volume","","","target","2023 Tesla Model 3"
"1539","tesla-model-3-2023-performance","2023","Tesla","Model 3","Performance","","tesla","ev_simplified","volume_ev","volume","","","target","2023 Tesla Model 3"
"1540","tesla-model-3-2022-standard-range","2022","Tesla","Model 3","Standard Range","","tesla","ev_simplified","volume_ev","volume","","","target","2022 Tesla Model 3"
"1541","tesla-model-3-2022-long-range","2022","Tesla","Model 3","Long Range","","tesla","ev_simplified","volume_ev","volume","","","target","2022 Tesla Model 3"
"1542","tesla-model-3-2022-performance","2022","Tesla","Model 3","Performance","","tesla","ev_simplified","volume_ev","volume","","","target","2022 Tesla Model 3"
"1543","tesla-model-3-2021-standard-range","2021","Tesla","Model 3","Standard Range","","tesla","ev_simplified","volume_ev","volume","","","target","2021 Tesla Model 3"
"1544","tesla-model-3-2021-long-range","2021","Tesla","Model 3","Long Range","","tesla","ev_simplified","volume_ev","volume","","","target","2021 Tesla Model 3"
"1545","tesla-model-3-2021-performance","2021","Tesla","Model 3","Performance","","tesla","ev_simplified","volume_ev","volume","","","target","2021 Tesla Model 3"
"1546","tesla-model-3-2020-standard-range","2020","Tesla","Model 3","Standard Range","","tesla","ev_simplified","volume_ev","volume","","","target","2020 Tesla Model 3"
"1547","tesla-model-3-2020-long-range","2020","Tesla","Model 3","Long Range","","tesla","ev_simplified","volume_ev","volume","","","target","2020 Tesla Model 3"
"1548","tesla-model-3-2020-performance","2020","Tesla","Model 3","Performance","","tesla","ev_simplified","volume_ev","volume","","","target","2020 Tesla Model 3"
"1549","hyundai-ioniq-5-2025-se","2025","Hyundai","IONIQ 5","SE","","ev-generic","ev_simplified","volume_ev","volume","","","target","2025 Hyundai IONIQ 5"
"1550","hyundai-ioniq-5-2025-sel","2025","Hyundai","IONIQ 5","SEL","","ev-generic","ev_simplified","volume_ev","volume","","","target","2025 Hyundai IONIQ 5"
"1551","hyundai-ioniq-5-2025-limited","2025","Hyundai","IONIQ 5","Limited","","ev-generic","ev_simplified","volume_ev","volume","","","target","2025 Hyundai IONIQ 5"
"1552","hyundai-ioniq-5-2024-se","2024","Hyundai","IONIQ 5","SE","","ev-generic","ev_simplified","volume_ev","volume","","","target","2024 Hyundai IONIQ 5"
"1553","hyundai-ioniq-5-2024-sel","2024","Hyundai","IONIQ 5","SEL","","ev-generic","ev_simplified","volume_ev","volume","","","target","2024 Hyundai IONIQ 5"
"1554","hyundai-ioniq-5-2024-limited","2024","Hyundai","IONIQ 5","Limited","","ev-generic","ev_simplified","volume_ev","volume","","","target","2024 Hyundai IONIQ 5"
"1555","hyundai-ioniq-5-2023-se","2023","Hyundai","IONIQ 5","SE","","ev-generic","ev_simplified","volume_ev","volume","","","target","2023 Hyundai IONIQ 5"
"1556","hyundai-ioniq-5-2023-sel","2023","Hyundai","IONIQ 5","SEL","","ev-generic","ev_simplified","volume_ev","volume","","","target","2023 Hyundai IONIQ 5"
"1557","hyundai-ioniq-5-2023-limited","2023","Hyundai","IONIQ 5","Limited","","ev-generic","ev_simplified","volume_ev","volume","","","target","2023 Hyundai IONIQ 5"
"1558","hyundai-ioniq-5-2022-se","2022","Hyundai","IONIQ 5","SE","","ev-generic","ev_simplified","volume_ev","volume","","","target","2022 Hyundai IONIQ 5"
"1559","hyundai-ioniq-5-2022-sel","2022","Hyundai","IONIQ 5","SEL","","ev-generic","ev_simplified","volume_ev","volume","","","target","2022 Hyundai IONIQ 5"
"1560","hyundai-ioniq-5-2022-limited","2022","Hyundai","IONIQ 5","Limited","","ev-generic","ev_simplified","volume_ev","volume","","","target","2022 Hyundai IONIQ 5"
"1561","kia-ev6-2025-light","2025","Kia","EV6","Light","","ev-generic","ev_simplified","volume_ev","volume","","","target","2025 Kia EV6"
"1562","kia-ev6-2025-wind","2025","Kia","EV6","Wind","","ev-generic","ev_simplified","volume_ev","volume","","","target","2025 Kia EV6"
"1563","kia-ev6-2025-gt-line","2025","Kia","EV6","GT-Line","","ev-generic","ev_simplified","volume_ev","volume","","","target","2025 Kia EV6"
"1564","kia-ev6-2024-light","2024","Kia","EV6","Light","","ev-generic","ev_simplified","volume_ev","volume","","","in_catalog","2024 Kia EV6"
"1565","kia-ev6-2024-wind","2024","Kia","EV6","Wind","","ev-generic","ev_simplified","volume_ev","volume","","","target","2024 Kia EV6"
"1566","kia-ev6-2024-gt-line","2024","Kia","EV6","GT-Line","","ev-generic","ev_simplified","volume_ev","volume","","","target","2024 Kia EV6"
"1567","kia-ev6-2023-light","2023","Kia","EV6","Light","","ev-generic","ev_simplified","volume_ev","volume","","","target","2023 Kia EV6"
"1568","kia-ev6-2023-wind","2023","Kia","EV6","Wind","","ev-generic","ev_simplified","volume_ev","volume","","","target","2023 Kia EV6"
"1569","kia-ev6-2023-gt-line","2023","Kia","EV6","GT-Line","","ev-generic","ev_simplified","volume_ev","volume","","","target","2023 Kia EV6"
"1570","kia-ev6-2022-light","2022","Kia","EV6","Light","","ev-generic","ev_simplified","volume_ev","volume","","","target","2022 Kia EV6"
"1571","kia-ev6-2022-wind","2022","Kia","EV6","Wind","","ev-generic","ev_simplified","volume_ev","volume","","","target","2022 Kia EV6"
"1572","kia-ev6-2022-gt-line","2022","Kia","EV6","GT-Line","","ev-generic","ev_simplified","volume_ev","volume","","","target","2022 Kia EV6"
"1573","ford-mustang-mach-e-2025-select","2025","Ford","Mustang Mach-E","Select","","ev-generic","ev_simplified","volume_ev","volume","","","target","2025 Ford Mustang Mach-E"
"1574","ford-mustang-mach-e-2025-premium","2025","Ford","Mustang Mach-E","Premium","","ev-generic","ev_simplified","volume_ev","volume","","","target","2025 Ford Mustang Mach-E"
"1575","ford-mustang-mach-e-2025-gt","2025","Ford","Mustang Mach-E","GT","","ev-generic","ev_simplified","volume_ev","volume","","","target","2025 Ford Mustang Mach-E"
"1576","ford-mustang-mach-e-2024-select","2024","Ford","Mustang Mach-E","Select","","ev-generic","ev_simplified","volume_ev","volume","","","target","2024 Ford Mustang Mach-E"
"1577","ford-mustang-mach-e-2024-premium","2024","Ford","Mustang Mach-E","Premium","","ev-generic","ev_simplified","volume_ev","volume","","","target","2024 Ford Mustang Mach-E"
"1578","ford-mustang-mach-e-2024-gt","2024","Ford","Mustang Mach-E","GT","","ev-generic","ev_simplified","volume_ev","volume","","","target","2024 Ford Mustang Mach-E"
"1579","ford-mustang-mach-e-2023-select","2023","Ford","Mustang Mach-E","Select","","ev-generic","ev_simplified","volume_ev","volume","","","target","2023 Ford Mustang Mach-E"
"1580","ford-mustang-mach-e-2023-premium","2023","Ford","Mustang Mach-E","Premium","","ev-generic","ev_simplified","volume_ev","volume","","","target","2023 Ford Mustang Mach-E"
"1581","ford-mustang-mach-e-2023-gt","2023","Ford","Mustang Mach-E","GT","","ev-generic","ev_simplified","volume_ev","volume","","","target","2023 Ford Mustang Mach-E"
"1582","ford-mustang-mach-e-2022-select","2022","Ford","Mustang Mach-E","Select","","ev-generic","ev_simplified","volume_ev","volume","","","target","2022 Ford Mustang Mach-E"
"1583","ford-mustang-mach-e-2022-premium","2022","Ford","Mustang Mach-E","Premium","","ev-generic","ev_simplified","volume_ev","volume","","","target","2022 Ford Mustang Mach-E"
"1584","ford-mustang-mach-e-2022-gt","2022","Ford","Mustang Mach-E","GT","","ev-generic","ev_simplified","volume_ev","volume","","","target","2022 Ford Mustang Mach-E"
"1585","ford-mustang-mach-e-2021-select","2021","Ford","Mustang Mach-E","Select","","ev-generic","ev_simplified","volume_ev","volume","","","target","2021 Ford Mustang Mach-E"
"1586","ford-mustang-mach-e-2021-premium","2021","Ford","Mustang Mach-E","Premium","","ev-generic","ev_simplified","volume_ev","volume","","","target","2021 Ford Mustang Mach-E"
"1587","ford-mustang-mach-e-2021-gt","2021","Ford","Mustang Mach-E","GT","","ev-generic","ev_simplified","volume_ev","volume","","","target","2021 Ford Mustang Mach-E"
"1588","volkswagen-id-4-2025-pro","2025","Volkswagen","ID.4","Pro","","ev-generic","ev_simplified","volume_ev","volume","","","target","2025 Volkswagen ID.4"
"1589","volkswagen-id-4-2025-pro-s","2025","Volkswagen","ID.4","Pro S","","ev-generic","ev_simplified","volume_ev","volume","","","target","2025 Volkswagen ID.4"
"1590","volkswagen-id-4-2025-awd-pro","2025","Volkswagen","ID.4","AWD Pro","","ev-generic","ev_simplified","volume_ev","volume","","","target","2025 Volkswagen ID.4"
"1591","volkswagen-id-4-2024-pro","2024","Volkswagen","ID.4","Pro","","ev-generic","ev_simplified","volume_ev","volume","","","target","2024 Volkswagen ID.4"
"1592","volkswagen-id-4-2024-pro-s","2024","Volkswagen","ID.4","Pro S","","ev-generic","ev_simplified","volume_ev","volume","","","target","2024 Volkswagen ID.4"
"1593","volkswagen-id-4-2024-awd-pro","2024","Volkswagen","ID.4","AWD Pro","","ev-generic","ev_simplified","volume_ev","volume","","","target","2024 Volkswagen ID.4"
"1594","volkswagen-id-4-2023-pro","2023","Volkswagen","ID.4","Pro","","ev-generic","ev_simplified","volume_ev","volume","","","target","2023 Volkswagen ID.4"
"1595","volkswagen-id-4-2023-pro-s","2023","Volkswagen","ID.4","Pro S","","ev-generic","ev_simplified","volume_ev","volume","","","target","2023 Volkswagen ID.4"
"1596","volkswagen-id-4-2023-awd-pro","2023","Volkswagen","ID.4","AWD Pro","","ev-generic","ev_simplified","volume_ev","volume","","","target","2023 Volkswagen ID.4"
"1597","volkswagen-id-4-2022-pro","2022","Volkswagen","ID.4","Pro","","ev-generic","ev_simplified","volume_ev","volume","","","target","2022 Volkswagen ID.4"
"1598","volkswagen-id-4-2022-pro-s","2022","Volkswagen","ID.4","Pro S","","ev-generic","ev_simplified","volume_ev","volume","","","target","2022 Volkswagen ID.4"
"1599","volkswagen-id-4-2022-awd-pro","2022","Volkswagen","ID.4","AWD Pro","","ev-generic","ev_simplified","volume_ev","volume","","","target","2022 Volkswagen ID.4"
"1600","volkswagen-id-4-2021-pro","2021","Volkswagen","ID.4","Pro","","ev-generic","ev_simplified","volume_ev","volume","","","target","2021 Volkswagen ID.4"
"1601","volkswagen-id-4-2021-pro-s","2021","Volkswagen","ID.4","Pro S","","ev-generic","ev_simplified","volume_ev","volume","","","target","2021 Volkswagen ID.4"
"1602","volkswagen-id-4-2021-awd-pro","2021","Volkswagen","ID.4","AWD Pro","","ev-generic","ev_simplified","volume_ev","volume","","","target","2021 Volkswagen ID.4"
"1603","chevrolet-bolt-ev-2023-1lt","2023","Chevrolet","Bolt EV","1LT","","ev-generic","ev_simplified","volume_ev","volume","","","target","2023 Chevrolet Bolt EV"
"1604","chevrolet-bolt-ev-2023-2lt","2023","Chevrolet","Bolt EV","2LT","","ev-generic","ev_simplified","volume_ev","volume","","","target","2023 Chevrolet Bolt EV"
"1605","chevrolet-bolt-ev-2022-1lt","2022","Chevrolet","Bolt EV","1LT","","ev-generic","ev_simplified","volume_ev","volume","","","target","2022 Chevrolet Bolt EV"
"1606","chevrolet-bolt-ev-2022-2lt","2022","Chevrolet","Bolt EV","2LT","","ev-generic","ev_simplified","volume_ev","volume","","","target","2022 Chevrolet Bolt EV"
"1607","chevrolet-bolt-ev-2021-1lt","2021","Chevrolet","Bolt EV","1LT","","ev-generic","ev_simplified","volume_ev","volume","","","target","2021 Chevrolet Bolt EV"
"1608","chevrolet-bolt-ev-2021-2lt","2021","Chevrolet","Bolt EV","2LT","","ev-generic","ev_simplified","volume_ev","volume","","","target","2021 Chevrolet Bolt EV"
"1609","chevrolet-bolt-ev-2020-1lt","2020","Chevrolet","Bolt EV","1LT","","ev-generic","ev_simplified","volume_ev","volume","","","target","2020 Chevrolet Bolt EV"
"1610","chevrolet-bolt-ev-2020-2lt","2020","Chevrolet","Bolt EV","2LT","","ev-generic","ev_simplified","volume_ev","volume","","","target","2020 Chevrolet Bolt EV"
"1611","nissan-leaf-2025-s","2025","Nissan","LEAF","S","","ev-generic","ev_simplified","volume_ev","volume","","","target","2025 Nissan LEAF"
"1612","nissan-leaf-2025-sv","2025","Nissan","LEAF","SV","","ev-generic","ev_simplified","volume_ev","volume","","","target","2025 Nissan LEAF"
"1613","nissan-leaf-2025-sl-plus","2025","Nissan","LEAF","SL Plus","","ev-generic","ev_simplified","volume_ev","volume","","","target","2025 Nissan LEAF"
"1614","nissan-leaf-2024-s","2024","Nissan","LEAF","S","","ev-generic","ev_simplified","volume_ev","volume","","","in_catalog","2024 Nissan LEAF"
"1615","nissan-leaf-2024-sv","2024","Nissan","LEAF","SV","","ev-generic","ev_simplified","volume_ev","volume","","","target","2024 Nissan LEAF"
"1616","nissan-leaf-2024-sl-plus","2024","Nissan","LEAF","SL Plus","","ev-generic","ev_simplified","volume_ev","volume","","","target","2024 Nissan LEAF"
"1617","nissan-leaf-2023-s","2023","Nissan","LEAF","S","","ev-generic","ev_simplified","volume_ev","volume","","","target","2023 Nissan LEAF"
"1618","nissan-leaf-2023-sv","2023","Nissan","LEAF","SV","","ev-generic","ev_simplified","volume_ev","volume","","","target","2023 Nissan LEAF"
"1619","nissan-leaf-2023-sl-plus","2023","Nissan","LEAF","SL Plus","","ev-generic","ev_simplified","volume_ev","volume","","","target","2023 Nissan LEAF"
"1620","nissan-leaf-2022-s","2022","Nissan","LEAF","S","","ev-generic","ev_simplified","volume_ev","volume","","","target","2022 Nissan LEAF"
"1621","nissan-leaf-2022-sv","2022","Nissan","LEAF","SV","","ev-generic","ev_simplified","volume_ev","volume","","","target","2022 Nissan LEAF"
"1622","nissan-leaf-2022-sl-plus","2022","Nissan","LEAF","SL Plus","","ev-generic","ev_simplified","volume_ev","volume","","","target","2022 Nissan LEAF"
"1623","nissan-leaf-2021-s","2021","Nissan","LEAF","S","","ev-generic","ev_simplified","volume_ev","volume","","","target","2021 Nissan LEAF"
"1624","nissan-leaf-2021-sv","2021","Nissan","LEAF","SV","","ev-generic","ev_simplified","volume_ev","volume","","","target","2021 Nissan LEAF"
"1625","nissan-leaf-2021-sl-plus","2021","Nissan","LEAF","SL Plus","","ev-generic","ev_simplified","volume_ev","volume","","","target","2021 Nissan LEAF"
"1626","nissan-leaf-2020-s","2020","Nissan","LEAF","S","","ev-generic","ev_simplified","volume_ev","volume","","","target","2020 Nissan LEAF"
"1627","nissan-leaf-2020-sv","2020","Nissan","LEAF","SV","","ev-generic","ev_simplified","volume_ev","volume","","","target","2020 Nissan LEAF"
"1628","nissan-leaf-2020-sl-plus","2020","Nissan","LEAF","SL Plus","","ev-generic","ev_simplified","volume_ev","volume","","","target","2020 Nissan LEAF"
"1629","nissan-pathfinder-2025-s","2025","Nissan","Pathfinder","S","","nissan","fixed_interval","volume_suv","volume","","","target","2025 Nissan Pathfinder"
"1630","nissan-pathfinder-2025-sv","2025","Nissan","Pathfinder","SV","","nissan","fixed_interval","volume_suv","volume","","","target","2025 Nissan Pathfinder"
"1631","nissan-pathfinder-2025-platinum","2025","Nissan","Pathfinder","Platinum","","nissan","fixed_interval","volume_suv","volume","","","target","2025 Nissan Pathfinder"
"1632","nissan-pathfinder-2024-s","2024","Nissan","Pathfinder","S","","nissan","fixed_interval","volume_suv","volume","","","target","2024 Nissan Pathfinder"
"1633","nissan-pathfinder-2024-sv","2024","Nissan","Pathfinder","SV","","nissan","fixed_interval","volume_suv","volume","","","in_catalog","2024 Nissan Pathfinder"
"1634","nissan-pathfinder-2024-platinum","2024","Nissan","Pathfinder","Platinum","","nissan","fixed_interval","volume_suv","volume","","","target","2024 Nissan Pathfinder"
"1635","nissan-pathfinder-2023-s","2023","Nissan","Pathfinder","S","","nissan","fixed_interval","volume_suv","volume","","","target","2023 Nissan Pathfinder"
"1636","nissan-pathfinder-2023-sv","2023","Nissan","Pathfinder","SV","","nissan","fixed_interval","volume_suv","volume","","","target","2023 Nissan Pathfinder"
"1637","nissan-pathfinder-2023-platinum","2023","Nissan","Pathfinder","Platinum","","nissan","fixed_interval","volume_suv","volume","","","target","2023 Nissan Pathfinder"
"1638","nissan-pathfinder-2022-s","2022","Nissan","Pathfinder","S","","nissan","fixed_interval","volume_suv","volume","","","target","2022 Nissan Pathfinder"
"1639","nissan-pathfinder-2022-sv","2022","Nissan","Pathfinder","SV","","nissan","fixed_interval","volume_suv","volume","","","target","2022 Nissan Pathfinder"
"1640","nissan-pathfinder-2022-platinum","2022","Nissan","Pathfinder","Platinum","","nissan","fixed_interval","volume_suv","volume","","","target","2022 Nissan Pathfinder"
"1641","nissan-pathfinder-2021-s","2021","Nissan","Pathfinder","S","","nissan","fixed_interval","volume_suv","volume","","","target","2021 Nissan Pathfinder"
"1642","nissan-pathfinder-2021-sv","2021","Nissan","Pathfinder","SV","","nissan","fixed_interval","volume_suv","volume","","","target","2021 Nissan Pathfinder"
"1643","nissan-pathfinder-2021-platinum","2021","Nissan","Pathfinder","Platinum","","nissan","fixed_interval","volume_suv","volume","","","target","2021 Nissan Pathfinder"
"1644","nissan-pathfinder-2020-s","2020","Nissan","Pathfinder","S","","nissan","fixed_interval","volume_suv","volume","","","target","2020 Nissan Pathfinder"
"1645","nissan-pathfinder-2020-sv","2020","Nissan","Pathfinder","SV","","nissan","fixed_interval","volume_suv","volume","","","target","2020 Nissan Pathfinder"
"1646","nissan-pathfinder-2020-platinum","2020","Nissan","Pathfinder","Platinum","","nissan","fixed_interval","volume_suv","volume","","","target","2020 Nissan Pathfinder"
"1647","mazda-3-2025-select","2025","Mazda","3","Select","","mazda","fixed_interval","volume_sedan","volume","","","target","2025 Mazda 3"
"1648","mazda-3-2025-preferred","2025","Mazda","3","Preferred","","mazda","fixed_interval","volume_sedan","volume","","","target","2025 Mazda 3"
"1649","mazda-3-2025-premium","2025","Mazda","3","Premium","","mazda","fixed_interval","volume_sedan","volume","","","target","2025 Mazda 3"
"1650","mazda-3-2024-select","2024","Mazda","3","Select","","mazda","fixed_interval","volume_sedan","volume","","","target","2024 Mazda 3"
"1651","mazda-3-2024-preferred","2024","Mazda","3","Preferred","","mazda","fixed_interval","volume_sedan","volume","","","target","2024 Mazda 3"
"1652","mazda-3-2024-premium","2024","Mazda","3","Premium","","mazda","fixed_interval","volume_sedan","volume","","","target","2024 Mazda 3"
"1653","mazda-3-2023-select","2023","Mazda","3","Select","","mazda","fixed_interval","volume_sedan","volume","","","target","2023 Mazda 3"
"1654","mazda-3-2023-preferred","2023","Mazda","3","Preferred","","mazda","fixed_interval","volume_sedan","volume","","","target","2023 Mazda 3"
"1655","mazda-3-2023-premium","2023","Mazda","3","Premium","","mazda","fixed_interval","volume_sedan","volume","","","target","2023 Mazda 3"
"1656","mazda-3-2022-select","2022","Mazda","3","Select","","mazda","fixed_interval","volume_sedan","volume","","","target","2022 Mazda 3"
"1657","mazda-3-2022-preferred","2022","Mazda","3","Preferred","","mazda","fixed_interval","volume_sedan","volume","","","target","2022 Mazda 3"
"1658","mazda-3-2022-premium","2022","Mazda","3","Premium","","mazda","fixed_interval","volume_sedan","volume","","","target","2022 Mazda 3"
"1659","mazda-3-2021-select","2021","Mazda","3","Select","","mazda","fixed_interval","volume_sedan","volume","","","target","2021 Mazda 3"
"1660","mazda-3-2021-preferred","2021","Mazda","3","Preferred","","mazda","fixed_interval","volume_sedan","volume","","","target","2021 Mazda 3"
"1661","mazda-3-2021-premium","2021","Mazda","3","Premium","","mazda","fixed_interval","volume_sedan","volume","","","target","2021 Mazda 3"
"1662","mazda-3-2020-select","2020","Mazda","3","Select","","mazda","fixed_interval","volume_sedan","volume","","","target","2020 Mazda 3"
"1663","mazda-3-2020-preferred","2020","Mazda","3","Preferred","","mazda","fixed_interval","volume_sedan","volume","","","target","2020 Mazda 3"
"1664","mazda-3-2020-premium","2020","Mazda","3","Premium","","mazda","fixed_interval","volume_sedan","volume","","","target","2020 Mazda 3"
"1665","mazda-cx-50-2025-select","2025","Mazda","CX-50","Select","","mazda","fixed_interval","volume_suv","volume","","","target","2025 Mazda CX-50"
"1666","mazda-cx-50-2025-preferred","2025","Mazda","CX-50","Preferred","","mazda","fixed_interval","volume_suv","volume","","","target","2025 Mazda CX-50"
"1667","mazda-cx-50-2025-premium","2025","Mazda","CX-50","Premium","","mazda","fixed_interval","volume_suv","volume","","","target","2025 Mazda CX-50"
"1668","mazda-cx-50-2024-select","2024","Mazda","CX-50","Select","","mazda","fixed_interval","volume_suv","volume","","","target","2024 Mazda CX-50"
"1669","mazda-cx-50-2024-preferred","2024","Mazda","CX-50","Preferred","","mazda","fixed_interval","volume_suv","volume","","","target","2024 Mazda CX-50"
"1670","mazda-cx-50-2024-premium","2024","Mazda","CX-50","Premium","","mazda","fixed_interval","volume_suv","volume","","","target","2024 Mazda CX-50"
"1671","mazda-cx-50-2023-select","2023","Mazda","CX-50","Select","","mazda","fixed_interval","volume_suv","volume","","","target","2023 Mazda CX-50"
"1672","mazda-cx-50-2023-preferred","2023","Mazda","CX-50","Preferred","","mazda","fixed_interval","volume_suv","volume","","","target","2023 Mazda CX-50"
"1673","mazda-cx-50-2023-premium","2023","Mazda","CX-50","Premium","","mazda","fixed_interval","volume_suv","volume","","","target","2023 Mazda CX-50"
"1674","jeep-grand-cherokee-2025-laredo","2025","Jeep","Grand Cherokee","Laredo","","jeep","fixed_interval","volume_suv","volume","","","target","2025 Jeep Grand Cherokee"
"1675","jeep-grand-cherokee-2025-limited","2025","Jeep","Grand Cherokee","Limited","","jeep","fixed_interval","volume_suv","volume","","","target","2025 Jeep Grand Cherokee"
"1676","jeep-grand-cherokee-2025-overland","2025","Jeep","Grand Cherokee","Overland","","jeep","fixed_interval","volume_suv","volume","","","target","2025 Jeep Grand Cherokee"
"1677","jeep-grand-cherokee-2024-laredo","2024","Jeep","Grand Cherokee","Laredo","","jeep","fixed_interval","volume_suv","volume","","","in_catalog","2024 Jeep Grand Cherokee"
"1678","jeep-grand-cherokee-2024-limited","2024","Jeep","Grand Cherokee","Limited","","jeep","fixed_interval","volume_suv","volume","","","target","2024 Jeep Grand Cherokee"
"1679","jeep-grand-cherokee-2024-overland","2024","Jeep","Grand Cherokee","Overland","","jeep","fixed_interval","volume_suv","volume","","","target","2024 Jeep Grand Cherokee"
"1680","jeep-grand-cherokee-2023-laredo","2023","Jeep","Grand Cherokee","Laredo","","jeep","fixed_interval","volume_suv","volume","","","target","2023 Jeep Grand Cherokee"
"1681","jeep-grand-cherokee-2023-limited","2023","Jeep","Grand Cherokee","Limited","","jeep","fixed_interval","volume_suv","volume","","","target","2023 Jeep Grand Cherokee"
"1682","jeep-grand-cherokee-2023-overland","2023","Jeep","Grand Cherokee","Overland","","jeep","fixed_interval","volume_suv","volume","","","target","2023 Jeep Grand Cherokee"
"1683","jeep-grand-cherokee-2022-laredo","2022","Jeep","Grand Cherokee","Laredo","","jeep","fixed_interval","volume_suv","volume","","","target","2022 Jeep Grand Cherokee"
"1684","jeep-grand-cherokee-2022-limited","2022","Jeep","Grand Cherokee","Limited","","jeep","fixed_interval","volume_suv","volume","","","target","2022 Jeep Grand Cherokee"
"1685","jeep-grand-cherokee-2022-overland","2022","Jeep","Grand Cherokee","Overland","","jeep","fixed_interval","volume_suv","volume","","","target","2022 Jeep Grand Cherokee"
"1686","jeep-grand-cherokee-2021-laredo","2021","Jeep","Grand Cherokee","Laredo","","jeep","fixed_interval","volume_suv","volume","","","target","2021 Jeep Grand Cherokee"
"1687","jeep-grand-cherokee-2021-limited","2021","Jeep","Grand Cherokee","Limited","","jeep","fixed_interval","volume_suv","volume","","","target","2021 Jeep Grand Cherokee"
"1688","jeep-grand-cherokee-2021-overland","2021","Jeep","Grand Cherokee","Overland","","jeep","fixed_interval","volume_suv","volume","","","target","2021 Jeep Grand Cherokee"
"1689","jeep-grand-cherokee-2020-laredo","2020","Jeep","Grand Cherokee","Laredo","","jeep","fixed_interval","volume_suv","volume","","","target","2020 Jeep Grand Cherokee"
"1690","jeep-grand-cherokee-2020-limited","2020","Jeep","Grand Cherokee","Limited","","jeep","fixed_interval","volume_suv","volume","","","target","2020 Jeep Grand Cherokee"
"1691","jeep-grand-cherokee-2020-overland","2020","Jeep","Grand Cherokee","Overland","","jeep","fixed_interval","volume_suv","volume","","","target","2020 Jeep Grand Cherokee"
"1692","ford-bronco-sport-2025-base","2025","Ford","Bronco Sport","Base","","ford","fixed_interval","volume_suv","volume","","","target","2025 Ford Bronco Sport"
"1693","ford-bronco-sport-2025-big-bend","2025","Ford","Bronco Sport","Big Bend","","ford","fixed_interval","volume_suv","volume","","","target","2025 Ford Bronco Sport"
"1694","ford-bronco-sport-2025-outer-banks","2025","Ford","Bronco Sport","Outer Banks","","ford","fixed_interval","volume_suv","volume","","","target","2025 Ford Bronco Sport"
"1695","ford-bronco-sport-2024-base","2024","Ford","Bronco Sport","Base","","ford","fixed_interval","volume_suv","volume","","","target","2024 Ford Bronco Sport"
"1696","ford-bronco-sport-2024-big-bend","2024","Ford","Bronco Sport","Big Bend","","ford","fixed_interval","volume_suv","volume","","","target","2024 Ford Bronco Sport"
"1697","ford-bronco-sport-2024-outer-banks","2024","Ford","Bronco Sport","Outer Banks","","ford","fixed_interval","volume_suv","volume","","","target","2024 Ford Bronco Sport"
"1698","ford-bronco-sport-2023-base","2023","Ford","Bronco Sport","Base","","ford","fixed_interval","volume_suv","volume","","","target","2023 Ford Bronco Sport"
"1699","ford-bronco-sport-2023-big-bend","2023","Ford","Bronco Sport","Big Bend","","ford","fixed_interval","volume_suv","volume","","","target","2023 Ford Bronco Sport"
"1700","ford-bronco-sport-2023-outer-banks","2023","Ford","Bronco Sport","Outer Banks","","ford","fixed_interval","volume_suv","volume","","","target","2023 Ford Bronco Sport"
"1701","ford-bronco-sport-2022-base","2022","Ford","Bronco Sport","Base","","ford","fixed_interval","volume_suv","volume","","","target","2022 Ford Bronco Sport"
"1702","ford-bronco-sport-2022-big-bend","2022","Ford","Bronco Sport","Big Bend","","ford","fixed_interval","volume_suv","volume","","","target","2022 Ford Bronco Sport"
"1703","ford-bronco-sport-2022-outer-banks","2022","Ford","Bronco Sport","Outer Banks","","ford","fixed_interval","volume_suv","volume","","","target","2022 Ford Bronco Sport"
"1704","ford-bronco-sport-2021-base","2021","Ford","Bronco Sport","Base","","ford","fixed_interval","volume_suv","volume","","","target","2021 Ford Bronco Sport"
"1705","ford-bronco-sport-2021-big-bend","2021","Ford","Bronco Sport","Big Bend","","ford","fixed_interval","volume_suv","volume","","","target","2021 Ford Bronco Sport"
"1706","ford-bronco-sport-2021-outer-banks","2021","Ford","Bronco Sport","Outer Banks","","ford","fixed_interval","volume_suv","volume","","","target","2021 Ford Bronco Sport"
"1707","volkswagen-tiguan-2025-s","2025","Volkswagen","Tiguan","S","","vw","fixed_interval","volume_suv","volume","","","target","2025 Volkswagen Tiguan"
"1708","volkswagen-tiguan-2025-se","2025","Volkswagen","Tiguan","SE","","vw","fixed_interval","volume_suv","volume","","","target","2025 Volkswagen Tiguan"
"1709","volkswagen-tiguan-2025-sel-r-line","2025","Volkswagen","Tiguan","SEL R-Line","","vw","fixed_interval","volume_suv","volume","","","target","2025 Volkswagen Tiguan"
"1710","volkswagen-tiguan-2024-s","2024","Volkswagen","Tiguan","S","","vw","fixed_interval","volume_suv","volume","","","target","2024 Volkswagen Tiguan"
"1711","volkswagen-tiguan-2024-se","2024","Volkswagen","Tiguan","SE","","vw","fixed_interval","volume_suv","volume","","","target","2024 Volkswagen Tiguan"
"1712","volkswagen-tiguan-2024-sel-r-line","2024","Volkswagen","Tiguan","SEL R-Line","","vw","fixed_interval","volume_suv","volume","","","target","2024 Volkswagen Tiguan"
"1713","volkswagen-tiguan-2023-s","2023","Volkswagen","Tiguan","S","","vw","fixed_interval","volume_suv","volume","","","target","2023 Volkswagen Tiguan"
"1714","volkswagen-tiguan-2023-se","2023","Volkswagen","Tiguan","SE","","vw","fixed_interval","volume_suv","volume","","","target","2023 Volkswagen Tiguan"
"1715","volkswagen-tiguan-2023-sel-r-line","2023","Volkswagen","Tiguan","SEL R-Line","","vw","fixed_interval","volume_suv","volume","","","target","2023 Volkswagen Tiguan"
"1716","volkswagen-tiguan-2022-s","2022","Volkswagen","Tiguan","S","","vw","fixed_interval","volume_suv","volume","","","target","2022 Volkswagen Tiguan"
"1717","volkswagen-tiguan-2022-se","2022","Volkswagen","Tiguan","SE","","vw","fixed_interval","volume_suv","volume","","","target","2022 Volkswagen Tiguan"
"1718","volkswagen-tiguan-2022-sel-r-line","2022","Volkswagen","Tiguan","SEL R-Line","","vw","fixed_interval","volume_suv","volume","","","target","2022 Volkswagen Tiguan"
"1719","volkswagen-tiguan-2021-s","2021","Volkswagen","Tiguan","S","","vw","fixed_interval","volume_suv","volume","","","target","2021 Volkswagen Tiguan"
"1720","volkswagen-tiguan-2021-se","2021","Volkswagen","Tiguan","SE","","vw","fixed_interval","volume_suv","volume","","","target","2021 Volkswagen Tiguan"
"1721","volkswagen-tiguan-2021-sel-r-line","2021","Volkswagen","Tiguan","SEL R-Line","","vw","fixed_interval","volume_suv","volume","","","target","2021 Volkswagen Tiguan"
"1722","volkswagen-tiguan-2020-s","2020","Volkswagen","Tiguan","S","","vw","fixed_interval","volume_suv","volume","","","target","2020 Volkswagen Tiguan"
"1723","volkswagen-tiguan-2020-se","2020","Volkswagen","Tiguan","SE","","vw","fixed_interval","volume_suv","volume","","","target","2020 Volkswagen Tiguan"
"1724","volkswagen-tiguan-2020-sel-r-line","2020","Volkswagen","Tiguan","SEL R-Line","","vw","fixed_interval","volume_suv","volume","","","target","2020 Volkswagen Tiguan"
"1725","hyundai-palisade-2025-se","2025","Hyundai","Palisade","SE","","hyundai","fixed_interval","volume_suv","volume","","","target","2025 Hyundai Palisade"
"1726","hyundai-palisade-2025-sel","2025","Hyundai","Palisade","SEL","","hyundai","fixed_interval","volume_suv","volume","","","target","2025 Hyundai Palisade"
"1727","hyundai-palisade-2025-limited","2025","Hyundai","Palisade","Limited","","hyundai","fixed_interval","volume_suv","volume","","","target","2025 Hyundai Palisade"
"1728","hyundai-palisade-2024-se","2024","Hyundai","Palisade","SE","","hyundai","fixed_interval","volume_suv","volume","","","target","2024 Hyundai Palisade"
"1729","hyundai-palisade-2024-sel","2024","Hyundai","Palisade","SEL","","hyundai","fixed_interval","volume_suv","volume","","","target","2024 Hyundai Palisade"
"1730","hyundai-palisade-2024-limited","2024","Hyundai","Palisade","Limited","","hyundai","fixed_interval","volume_suv","volume","","","target","2024 Hyundai Palisade"
"1731","hyundai-palisade-2023-se","2023","Hyundai","Palisade","SE","","hyundai","fixed_interval","volume_suv","volume","","","target","2023 Hyundai Palisade"
"1732","hyundai-palisade-2023-sel","2023","Hyundai","Palisade","SEL","","hyundai","fixed_interval","volume_suv","volume","","","target","2023 Hyundai Palisade"
"1733","hyundai-palisade-2023-limited","2023","Hyundai","Palisade","Limited","","hyundai","fixed_interval","volume_suv","volume","","","target","2023 Hyundai Palisade"
"1734","hyundai-palisade-2022-se","2022","Hyundai","Palisade","SE","","hyundai","fixed_interval","volume_suv","volume","","","target","2022 Hyundai Palisade"
"1735","hyundai-palisade-2022-sel","2022","Hyundai","Palisade","SEL","","hyundai","fixed_interval","volume_suv","volume","","","target","2022 Hyundai Palisade"
"1736","hyundai-palisade-2022-limited","2022","Hyundai","Palisade","Limited","","hyundai","fixed_interval","volume_suv","volume","","","target","2022 Hyundai Palisade"
"1737","hyundai-palisade-2021-se","2021","Hyundai","Palisade","SE","","hyundai","fixed_interval","volume_suv","volume","","","target","2021 Hyundai Palisade"
"1738","hyundai-palisade-2021-sel","2021","Hyundai","Palisade","SEL","","hyundai","fixed_interval","volume_suv","volume","","","target","2021 Hyundai Palisade"
"1739","hyundai-palisade-2021-limited","2021","Hyundai","Palisade","Limited","","hyundai","fixed_interval","volume_suv","volume","","","target","2021 Hyundai Palisade"
"1740","hyundai-palisade-2020-se","2020","Hyundai","Palisade","SE","","hyundai","fixed_interval","volume_suv","volume","","","target","2020 Hyundai Palisade"
"1741","hyundai-palisade-2020-sel","2020","Hyundai","Palisade","SEL","","hyundai","fixed_interval","volume_suv","volume","","","target","2020 Hyundai Palisade"
"1742","hyundai-palisade-2020-limited","2020","Hyundai","Palisade","Limited","","hyundai","fixed_interval","volume_suv","volume","","","target","2020 Hyundai Palisade"
"1743","kia-sorento-2025-lx","2025","Kia","Sorento","LX","","kia","fixed_interval","volume_suv","volume","","","target","2025 Kia Sorento"
"1744","kia-sorento-2025-ex","2025","Kia","Sorento","EX","","kia","fixed_interval","volume_suv","volume","","","target","2025 Kia Sorento"
"1745","kia-sorento-2025-sx","2025","Kia","Sorento","SX","","kia","fixed_interval","volume_suv","volume","","","target","2025 Kia Sorento"
"1746","kia-sorento-2024-lx","2024","Kia","Sorento","LX","","kia","fixed_interval","volume_suv","volume","","","target","2024 Kia Sorento"
"1747","kia-sorento-2024-ex","2024","Kia","Sorento","EX","","kia","fixed_interval","volume_suv","volume","","","target","2024 Kia Sorento"
"1748","kia-sorento-2024-sx","2024","Kia","Sorento","SX","","kia","fixed_interval","volume_suv","volume","","","target","2024 Kia Sorento"
"1749","kia-sorento-2023-lx","2023","Kia","Sorento","LX","","kia","fixed_interval","volume_suv","volume","","","target","2023 Kia Sorento"
"1750","kia-sorento-2023-ex","2023","Kia","Sorento","EX","","kia","fixed_interval","volume_suv","volume","","","target","2023 Kia Sorento"
"1751","kia-sorento-2023-sx","2023","Kia","Sorento","SX","","kia","fixed_interval","volume_suv","volume","","","target","2023 Kia Sorento"
"1752","kia-sorento-2022-lx","2022","Kia","Sorento","LX","","kia","fixed_interval","volume_suv","volume","","","target","2022 Kia Sorento"
"1753","kia-sorento-2022-ex","2022","Kia","Sorento","EX","","kia","fixed_interval","volume_suv","volume","","","target","2022 Kia Sorento"
"1754","kia-sorento-2022-sx","2022","Kia","Sorento","SX","","kia","fixed_interval","volume_suv","volume","","","target","2022 Kia Sorento"
"1755","kia-sorento-2021-lx","2021","Kia","Sorento","LX","","kia","fixed_interval","volume_suv","volume","","","target","2021 Kia Sorento"
"1756","kia-sorento-2021-ex","2021","Kia","Sorento","EX","","kia","fixed_interval","volume_suv","volume","","","target","2021 Kia Sorento"
"1757","kia-sorento-2021-sx","2021","Kia","Sorento","SX","","kia","fixed_interval","volume_suv","volume","","","target","2021 Kia Sorento"
"1758","kia-sorento-2020-lx","2020","Kia","Sorento","LX","","kia","fixed_interval","volume_suv","volume","","","target","2020 Kia Sorento"
"1759","kia-sorento-2020-ex","2020","Kia","Sorento","EX","","kia","fixed_interval","volume_suv","volume","","","target","2020 Kia Sorento"
"1760","kia-sorento-2020-sx","2020","Kia","Sorento","SX","","kia","fixed_interval","volume_suv","volume","","","target","2020 Kia Sorento"
"1761","kia-forte-2025-fe","2025","Kia","Forte","FE","","kia","fixed_interval","volume_sedan","volume","","","target","2025 Kia Forte"
"1762","kia-forte-2025-lxs","2025","Kia","Forte","LXS","","kia","fixed_interval","volume_sedan","volume","","","target","2025 Kia Forte"
"1763","kia-forte-2025-gt-line","2025","Kia","Forte","GT-Line","","kia","fixed_interval","volume_sedan","volume","","","target","2025 Kia Forte"
"1764","kia-forte-2024-fe","2024","Kia","Forte","FE","","kia","fixed_interval","volume_sedan","volume","","","target","2024 Kia Forte"
"1765","kia-forte-2024-lxs","2024","Kia","Forte","LXS","","kia","fixed_interval","volume_sedan","volume","","","target","2024 Kia Forte"
"1766","kia-forte-2024-gt-line","2024","Kia","Forte","GT-Line","","kia","fixed_interval","volume_sedan","volume","","","target","2024 Kia Forte"
"1767","kia-forte-2023-fe","2023","Kia","Forte","FE","","kia","fixed_interval","volume_sedan","volume","","","target","2023 Kia Forte"
"1768","kia-forte-2023-lxs","2023","Kia","Forte","LXS","","kia","fixed_interval","volume_sedan","volume","","","target","2023 Kia Forte"
"1769","kia-forte-2023-gt-line","2023","Kia","Forte","GT-Line","","kia","fixed_interval","volume_sedan","volume","","","target","2023 Kia Forte"
"1770","kia-forte-2022-fe","2022","Kia","Forte","FE","","kia","fixed_interval","volume_sedan","volume","","","target","2022 Kia Forte"
"1771","kia-forte-2022-lxs","2022","Kia","Forte","LXS","","kia","fixed_interval","volume_sedan","volume","","","target","2022 Kia Forte"
"1772","kia-forte-2022-gt-line","2022","Kia","Forte","GT-Line","","kia","fixed_interval","volume_sedan","volume","","","target","2022 Kia Forte"
"1773","kia-forte-2021-fe","2021","Kia","Forte","FE","","kia","fixed_interval","volume_sedan","volume","","","target","2021 Kia Forte"
"1774","kia-forte-2021-lxs","2021","Kia","Forte","LXS","","kia","fixed_interval","volume_sedan","volume","","","target","2021 Kia Forte"
"1775","kia-forte-2021-gt-line","2021","Kia","Forte","GT-Line","","kia","fixed_interval","volume_sedan","volume","","","target","2021 Kia Forte"
"1776","kia-forte-2020-fe","2020","Kia","Forte","FE","","kia","fixed_interval","volume_sedan","volume","","","target","2020 Kia Forte"
"1777","kia-forte-2020-lxs","2020","Kia","Forte","LXS","","kia","fixed_interval","volume_sedan","volume","","","target","2020 Kia Forte"
"1778","kia-forte-2020-gt-line","2020","Kia","Forte","GT-Line","","kia","fixed_interval","volume_sedan","volume","","","target","2020 Kia Forte"
"1779","nissan-sentra-2025-s","2025","Nissan","Sentra","S","","nissan","fixed_interval","volume_sedan","volume","","","target","2025 Nissan Sentra"
"1780","nissan-sentra-2025-sv","2025","Nissan","Sentra","SV","","nissan","fixed_interval","volume_sedan","volume","","","target","2025 Nissan Sentra"
"1781","nissan-sentra-2025-sr","2025","Nissan","Sentra","SR","","nissan","fixed_interval","volume_sedan","volume","","","target","2025 Nissan Sentra"
"1782","nissan-sentra-2024-s","2024","Nissan","Sentra","S","","nissan","fixed_interval","volume_sedan","volume","","","target","2024 Nissan Sentra"
"1783","nissan-sentra-2024-sv","2024","Nissan","Sentra","SV","","nissan","fixed_interval","volume_sedan","volume","","","target","2024 Nissan Sentra"
"1784","nissan-sentra-2024-sr","2024","Nissan","Sentra","SR","","nissan","fixed_interval","volume_sedan","volume","","","target","2024 Nissan Sentra"
"1785","nissan-sentra-2023-s","2023","Nissan","Sentra","S","","nissan","fixed_interval","volume_sedan","volume","","","target","2023 Nissan Sentra"
"1786","nissan-sentra-2023-sv","2023","Nissan","Sentra","SV","","nissan","fixed_interval","volume_sedan","volume","","","target","2023 Nissan Sentra"
"1787","nissan-sentra-2023-sr","2023","Nissan","Sentra","SR","","nissan","fixed_interval","volume_sedan","volume","","","target","2023 Nissan Sentra"
"1788","nissan-sentra-2022-s","2022","Nissan","Sentra","S","","nissan","fixed_interval","volume_sedan","volume","","","target","2022 Nissan Sentra"
"1789","nissan-sentra-2022-sv","2022","Nissan","Sentra","SV","","nissan","fixed_interval","volume_sedan","volume","","","target","2022 Nissan Sentra"
"1790","nissan-sentra-2022-sr","2022","Nissan","Sentra","SR","","nissan","fixed_interval","volume_sedan","volume","","","target","2022 Nissan Sentra"
"1791","nissan-sentra-2021-s","2021","Nissan","Sentra","S","","nissan","fixed_interval","volume_sedan","volume","","","target","2021 Nissan Sentra"
"1792","nissan-sentra-2021-sv","2021","Nissan","Sentra","SV","","nissan","fixed_interval","volume_sedan","volume","","","target","2021 Nissan Sentra"
"1793","nissan-sentra-2021-sr","2021","Nissan","Sentra","SR","","nissan","fixed_interval","volume_sedan","volume","","","target","2021 Nissan Sentra"
"1794","nissan-sentra-2020-s","2020","Nissan","Sentra","S","","nissan","fixed_interval","volume_sedan","volume","","","target","2020 Nissan Sentra"
"1795","nissan-sentra-2020-sv","2020","Nissan","Sentra","SV","","nissan","fixed_interval","volume_sedan","volume","","","target","2020 Nissan Sentra"
"1796","nissan-sentra-2020-sr","2020","Nissan","Sentra","SR","","nissan","fixed_interval","volume_sedan","volume","","","target","2020 Nissan Sentra"
"1797","toyota-venza-2025-le-hybrid","2025","Toyota","Venza","LE","Hybrid","toyota","fixed_interval","volume_suv","volume","","","target","2025 Toyota Venza"
"1798","toyota-venza-2025-xle-hybrid","2025","Toyota","Venza","XLE","Hybrid","toyota","fixed_interval","volume_suv","volume","","","target","2025 Toyota Venza"
"1799","toyota-venza-2025-limited-hybrid","2025","Toyota","Venza","Limited","Hybrid","toyota","fixed_interval","volume_suv","volume","","","target","2025 Toyota Venza"
"1800","toyota-venza-2024-le-hybrid","2024","Toyota","Venza","LE","Hybrid","toyota","fixed_interval","volume_suv","volume","","","target","2024 Toyota Venza"
"1801","toyota-venza-2024-xle-hybrid","2024","Toyota","Venza","XLE","Hybrid","toyota","fixed_interval","volume_suv","volume","","","target","2024 Toyota Venza"
"1802","toyota-venza-2024-limited-hybrid","2024","Toyota","Venza","Limited","Hybrid","toyota","fixed_interval","volume_suv","volume","","","target","2024 Toyota Venza"
"1803","toyota-venza-2023-le-hybrid","2023","Toyota","Venza","LE","Hybrid","toyota","fixed_interval","volume_suv","volume","","","target","2023 Toyota Venza"
"1804","toyota-venza-2023-xle-hybrid","2023","Toyota","Venza","XLE","Hybrid","toyota","fixed_interval","volume_suv","volume","","","target","2023 Toyota Venza"
"1805","toyota-venza-2023-limited-hybrid","2023","Toyota","Venza","Limited","Hybrid","toyota","fixed_interval","volume_suv","volume","","","target","2023 Toyota Venza"
"1806","toyota-venza-2022-le-hybrid","2022","Toyota","Venza","LE","Hybrid","toyota","fixed_interval","volume_suv","volume","","","target","2022 Toyota Venza"
"1807","toyota-venza-2022-xle-hybrid","2022","Toyota","Venza","XLE","Hybrid","toyota","fixed_interval","volume_suv","volume","","","target","2022 Toyota Venza"
"1808","toyota-venza-2022-limited-hybrid","2022","Toyota","Venza","Limited","Hybrid","toyota","fixed_interval","volume_suv","volume","","","target","2022 Toyota Venza"
"1809","toyota-venza-2021-le-hybrid","2021","Toyota","Venza","LE","Hybrid","toyota","fixed_interval","volume_suv","volume","","","target","2021 Toyota Venza"
"1810","toyota-venza-2021-xle-hybrid","2021","Toyota","Venza","XLE","Hybrid","toyota","fixed_interval","volume_suv","volume","","","target","2021 Toyota Venza"
"1811","toyota-venza-2021-limited-hybrid","2021","Toyota","Venza","Limited","Hybrid","toyota","fixed_interval","volume_suv","volume","","","target","2021 Toyota Venza"
"1812","toyota-bz4x-2025-xle","2025","Toyota","bZ4X","XLE","","ev-generic","ev_simplified","volume_ev","volume","","","target","2025 Toyota bZ4X"
"1813","toyota-bz4x-2025-limited","2025","Toyota","bZ4X","Limited","","ev-generic","ev_simplified","volume_ev","volume","","","target","2025 Toyota bZ4X"
"1814","toyota-bz4x-2024-xle","2024","Toyota","bZ4X","XLE","","ev-generic","ev_simplified","volume_ev","volume","","","target","2024 Toyota bZ4X"
"1815","toyota-bz4x-2024-limited","2024","Toyota","bZ4X","Limited","","ev-generic","ev_simplified","volume_ev","volume","","","target","2024 Toyota bZ4X"
"1816","toyota-bz4x-2023-xle","2023","Toyota","bZ4X","XLE","","ev-generic","ev_simplified","volume_ev","volume","","","target","2023 Toyota bZ4X"
"1817","toyota-bz4x-2023-limited","2023","Toyota","bZ4X","Limited","","ev-generic","ev_simplified","volume_ev","volume","","","target","2023 Toyota bZ4X"
"1818","hyundai-sonata-2025-se","2025","Hyundai","Sonata","SE","","hyundai","fixed_interval","volume_sedan","volume","","","target","2025 Hyundai Sonata"
"1819","hyundai-sonata-2025-sel","2025","Hyundai","Sonata","SEL","","hyundai","fixed_interval","volume_sedan","volume","","","target","2025 Hyundai Sonata"
"1820","hyundai-sonata-2025-limited","2025","Hyundai","Sonata","Limited","","hyundai","fixed_interval","volume_sedan","volume","","","target","2025 Hyundai Sonata"
"1821","hyundai-sonata-2024-se","2024","Hyundai","Sonata","SE","","hyundai","fixed_interval","volume_sedan","volume","","","target","2024 Hyundai Sonata"
"1822","hyundai-sonata-2024-sel","2024","Hyundai","Sonata","SEL","","hyundai","fixed_interval","volume_sedan","volume","","","target","2024 Hyundai Sonata"
"1823","hyundai-sonata-2024-limited","2024","Hyundai","Sonata","Limited","","hyundai","fixed_interval","volume_sedan","volume","","","target","2024 Hyundai Sonata"
"1824","hyundai-sonata-2023-se","2023","Hyundai","Sonata","SE","","hyundai","fixed_interval","volume_sedan","volume","","","target","2023 Hyundai Sonata"
"1825","hyundai-sonata-2023-sel","2023","Hyundai","Sonata","SEL","","hyundai","fixed_interval","volume_sedan","volume","","","target","2023 Hyundai Sonata"
"1826","hyundai-sonata-2023-limited","2023","Hyundai","Sonata","Limited","","hyundai","fixed_interval","volume_sedan","volume","","","target","2023 Hyundai Sonata"
"1827","hyundai-sonata-2022-se","2022","Hyundai","Sonata","SE","","hyundai","fixed_interval","volume_sedan","volume","","","target","2022 Hyundai Sonata"
"1828","hyundai-sonata-2022-sel","2022","Hyundai","Sonata","SEL","","hyundai","fixed_interval","volume_sedan","volume","","","target","2022 Hyundai Sonata"
"1829","hyundai-sonata-2022-limited","2022","Hyundai","Sonata","Limited","","hyundai","fixed_interval","volume_sedan","volume","","","target","2022 Hyundai Sonata"
"1830","hyundai-sonata-2021-se","2021","Hyundai","Sonata","SE","","hyundai","fixed_interval","volume_sedan","volume","","","target","2021 Hyundai Sonata"
"1831","hyundai-sonata-2021-sel","2021","Hyundai","Sonata","SEL","","hyundai","fixed_interval","volume_sedan","volume","","","target","2021 Hyundai Sonata"
"1832","hyundai-sonata-2021-limited","2021","Hyundai","Sonata","Limited","","hyundai","fixed_interval","volume_sedan","volume","","","target","2021 Hyundai Sonata"
"1833","hyundai-sonata-2020-se","2020","Hyundai","Sonata","SE","","hyundai","fixed_interval","volume_sedan","volume","","","target","2020 Hyundai Sonata"
"1834","hyundai-sonata-2020-sel","2020","Hyundai","Sonata","SEL","","hyundai","fixed_interval","volume_sedan","volume","","","target","2020 Hyundai Sonata"
"1835","hyundai-sonata-2020-limited","2020","Hyundai","Sonata","Limited","","hyundai","fixed_interval","volume_sedan","volume","","","target","2020 Hyundai Sonata"
"1836","hyundai-kona-2025-se","2025","Hyundai","Kona","SE","","hyundai","fixed_interval","volume_suv","volume","","","target","2025 Hyundai Kona"
"1837","hyundai-kona-2025-sel","2025","Hyundai","Kona","SEL","","hyundai","fixed_interval","volume_suv","volume","","","target","2025 Hyundai Kona"
"1838","hyundai-kona-2025-limited","2025","Hyundai","Kona","Limited","","hyundai","fixed_interval","volume_suv","volume","","","target","2025 Hyundai Kona"
"1839","hyundai-kona-2024-se","2024","Hyundai","Kona","SE","","hyundai","fixed_interval","volume_suv","volume","","","target","2024 Hyundai Kona"
"1840","hyundai-kona-2024-sel","2024","Hyundai","Kona","SEL","","hyundai","fixed_interval","volume_suv","volume","","","target","2024 Hyundai Kona"
"1841","hyundai-kona-2024-limited","2024","Hyundai","Kona","Limited","","hyundai","fixed_interval","volume_suv","volume","","","target","2024 Hyundai Kona"
"1842","hyundai-kona-2023-se","2023","Hyundai","Kona","SE","","hyundai","fixed_interval","volume_suv","volume","","","target","2023 Hyundai Kona"
"1843","hyundai-kona-2023-sel","2023","Hyundai","Kona","SEL","","hyundai","fixed_interval","volume_suv","volume","","","target","2023 Hyundai Kona"
"1844","hyundai-kona-2023-limited","2023","Hyundai","Kona","Limited","","hyundai","fixed_interval","volume_suv","volume","","","target","2023 Hyundai Kona"
"1845","hyundai-kona-2022-se","2022","Hyundai","Kona","SE","","hyundai","fixed_interval","volume_suv","volume","","","target","2022 Hyundai Kona"
"1846","hyundai-kona-2022-sel","2022","Hyundai","Kona","SEL","","hyundai","fixed_interval","volume_suv","volume","","","target","2022 Hyundai Kona"
"1847","hyundai-kona-2022-limited","2022","Hyundai","Kona","Limited","","hyundai","fixed_interval","volume_suv","volume","","","target","2022 Hyundai Kona"
"1848","hyundai-kona-2021-se","2021","Hyundai","Kona","SE","","hyundai","fixed_interval","volume_suv","volume","","","target","2021 Hyundai Kona"
"1849","hyundai-kona-2021-sel","2021","Hyundai","Kona","SEL","","hyundai","fixed_interval","volume_suv","volume","","","target","2021 Hyundai Kona"
"1850","hyundai-kona-2021-limited","2021","Hyundai","Kona","Limited","","hyundai","fixed_interval","volume_suv","volume","","","target","2021 Hyundai Kona"
"1851","hyundai-kona-2020-se","2020","Hyundai","Kona","SE","","hyundai","fixed_interval","volume_suv","volume","","","target","2020 Hyundai Kona"
"1852","hyundai-kona-2020-sel","2020","Hyundai","Kona","SEL","","hyundai","fixed_interval","volume_suv","volume","","","target","2020 Hyundai Kona"
"1853","hyundai-kona-2020-limited","2020","Hyundai","Kona","Limited","","hyundai","fixed_interval","volume_suv","volume","","","target","2020 Hyundai Kona"
"1854","chevrolet-malibu-2024-ls","2024","Chevrolet","Malibu","LS","","chevy","fixed_interval","volume_sedan","volume","","","target","2024 Chevrolet Malibu"
"1855","chevrolet-malibu-2024-rs","2024","Chevrolet","Malibu","RS","","chevy","fixed_interval","volume_sedan","volume","","","target","2024 Chevrolet Malibu"
"1856","chevrolet-malibu-2024-premier","2024","Chevrolet","Malibu","Premier","","chevy","fixed_interval","volume_sedan","volume","","","target","2024 Chevrolet Malibu"
"1857","chevrolet-malibu-2023-ls","2023","Chevrolet","Malibu","LS","","chevy","fixed_interval","volume_sedan","volume","","","target","2023 Chevrolet Malibu"
"1858","chevrolet-malibu-2023-rs","2023","Chevrolet","Malibu","RS","","chevy","fixed_interval","volume_sedan","volume","","","target","2023 Chevrolet Malibu"
"1859","chevrolet-malibu-2023-premier","2023","Chevrolet","Malibu","Premier","","chevy","fixed_interval","volume_sedan","volume","","","target","2023 Chevrolet Malibu"
"1860","chevrolet-malibu-2022-ls","2022","Chevrolet","Malibu","LS","","chevy","fixed_interval","volume_sedan","volume","","","target","2022 Chevrolet Malibu"
"1861","chevrolet-malibu-2022-rs","2022","Chevrolet","Malibu","RS","","chevy","fixed_interval","volume_sedan","volume","","","target","2022 Chevrolet Malibu"
"1862","chevrolet-malibu-2022-premier","2022","Chevrolet","Malibu","Premier","","chevy","fixed_interval","volume_sedan","volume","","","target","2022 Chevrolet Malibu"
"1863","chevrolet-malibu-2021-ls","2021","Chevrolet","Malibu","LS","","chevy","fixed_interval","volume_sedan","volume","","","target","2021 Chevrolet Malibu"
"1864","chevrolet-malibu-2021-rs","2021","Chevrolet","Malibu","RS","","chevy","fixed_interval","volume_sedan","volume","","","target","2021 Chevrolet Malibu"
"1865","chevrolet-malibu-2021-premier","2021","Chevrolet","Malibu","Premier","","chevy","fixed_interval","volume_sedan","volume","","","target","2021 Chevrolet Malibu"
"1866","chevrolet-malibu-2020-ls","2020","Chevrolet","Malibu","LS","","chevy","fixed_interval","volume_sedan","volume","","","target","2020 Chevrolet Malibu"
"1867","chevrolet-malibu-2020-rs","2020","Chevrolet","Malibu","RS","","chevy","fixed_interval","volume_sedan","volume","","","target","2020 Chevrolet Malibu"
"1868","chevrolet-malibu-2020-premier","2020","Chevrolet","Malibu","Premier","","chevy","fixed_interval","volume_sedan","volume","","","target","2020 Chevrolet Malibu"
"1869","chevrolet-blazer-2025-lt","2025","Chevrolet","Blazer","LT","","chevy","fixed_interval","volume_suv","volume","","","target","2025 Chevrolet Blazer"
"1870","chevrolet-blazer-2025-rs","2025","Chevrolet","Blazer","RS","","chevy","fixed_interval","volume_suv","volume","","","target","2025 Chevrolet Blazer"
"1871","chevrolet-blazer-2025-premier","2025","Chevrolet","Blazer","Premier","","chevy","fixed_interval","volume_suv","volume","","","target","2025 Chevrolet Blazer"
"1872","chevrolet-blazer-2024-lt","2024","Chevrolet","Blazer","LT","","chevy","fixed_interval","volume_suv","volume","","","target","2024 Chevrolet Blazer"
"1873","chevrolet-blazer-2024-rs","2024","Chevrolet","Blazer","RS","","chevy","fixed_interval","volume_suv","volume","","","target","2024 Chevrolet Blazer"
"1874","chevrolet-blazer-2024-premier","2024","Chevrolet","Blazer","Premier","","chevy","fixed_interval","volume_suv","volume","","","target","2024 Chevrolet Blazer"
"1875","chevrolet-blazer-2023-lt","2023","Chevrolet","Blazer","LT","","chevy","fixed_interval","volume_suv","volume","","","target","2023 Chevrolet Blazer"
"1876","chevrolet-blazer-2023-rs","2023","Chevrolet","Blazer","RS","","chevy","fixed_interval","volume_suv","volume","","","target","2023 Chevrolet Blazer"
"1877","chevrolet-blazer-2023-premier","2023","Chevrolet","Blazer","Premier","","chevy","fixed_interval","volume_suv","volume","","","target","2023 Chevrolet Blazer"
"1878","chevrolet-blazer-2022-lt","2022","Chevrolet","Blazer","LT","","chevy","fixed_interval","volume_suv","volume","","","target","2022 Chevrolet Blazer"
"1879","chevrolet-blazer-2022-rs","2022","Chevrolet","Blazer","RS","","chevy","fixed_interval","volume_suv","volume","","","target","2022 Chevrolet Blazer"
"1880","chevrolet-blazer-2022-premier","2022","Chevrolet","Blazer","Premier","","chevy","fixed_interval","volume_suv","volume","","","target","2022 Chevrolet Blazer"
"1881","chevrolet-blazer-2021-lt","2021","Chevrolet","Blazer","LT","","chevy","fixed_interval","volume_suv","volume","","","target","2021 Chevrolet Blazer"
"1882","chevrolet-blazer-2021-rs","2021","Chevrolet","Blazer","RS","","chevy","fixed_interval","volume_suv","volume","","","target","2021 Chevrolet Blazer"
"1883","chevrolet-blazer-2021-premier","2021","Chevrolet","Blazer","Premier","","chevy","fixed_interval","volume_suv","volume","","","target","2021 Chevrolet Blazer"
"1884","chevrolet-blazer-2020-lt","2020","Chevrolet","Blazer","LT","","chevy","fixed_interval","volume_suv","volume","","","target","2020 Chevrolet Blazer"
"1885","chevrolet-blazer-2020-rs","2020","Chevrolet","Blazer","RS","","chevy","fixed_interval","volume_suv","volume","","","target","2020 Chevrolet Blazer"
"1886","chevrolet-blazer-2020-premier","2020","Chevrolet","Blazer","Premier","","chevy","fixed_interval","volume_suv","volume","","","target","2020 Chevrolet Blazer"
"1887","mini-cooper-2025-classic","2025","MINI","Cooper","Classic","","mini","cbs_condition_based","luxury_sedan","volume","shared_bmw_group","","target","2025 MINI Cooper"
"1888","mini-cooper-2025-s","2025","MINI","Cooper","S","","mini","cbs_condition_based","luxury_sedan","volume","shared_bmw_group","","target","2025 MINI Cooper"
"1889","mini-cooper-2025-jcw","2025","MINI","Cooper","JCW","","mini","cbs_condition_based","luxury_sedan","volume","shared_bmw_group","","target","2025 MINI Cooper"
"1890","mini-cooper-2024-classic","2024","MINI","Cooper","Classic","","mini","cbs_condition_based","luxury_sedan","volume","shared_bmw_group","","target","2024 MINI Cooper"
"1891","mini-cooper-2024-s","2024","MINI","Cooper","S","","mini","cbs_condition_based","luxury_sedan","volume","shared_bmw_group","","target","2024 MINI Cooper"
"1892","mini-cooper-2024-jcw","2024","MINI","Cooper","JCW","","mini","cbs_condition_based","luxury_sedan","volume","shared_bmw_group","","target","2024 MINI Cooper"
"1893","mini-cooper-2023-classic","2023","MINI","Cooper","Classic","","mini","cbs_condition_based","luxury_sedan","volume","shared_bmw_group","","target","2023 MINI Cooper"
"1894","mini-cooper-2023-s","2023","MINI","Cooper","S","","mini","cbs_condition_based","luxury_sedan","volume","shared_bmw_group","","target","2023 MINI Cooper"
"1895","mini-cooper-2023-jcw","2023","MINI","Cooper","JCW","","mini","cbs_condition_based","luxury_sedan","volume","shared_bmw_group","","target","2023 MINI Cooper"
"1896","mini-cooper-2022-classic","2022","MINI","Cooper","Classic","","mini","cbs_condition_based","luxury_sedan","volume","shared_bmw_group","","target","2022 MINI Cooper"
"1897","mini-cooper-2022-s","2022","MINI","Cooper","S","","mini","cbs_condition_based","luxury_sedan","volume","shared_bmw_group","","target","2022 MINI Cooper"
"1898","mini-cooper-2022-jcw","2022","MINI","Cooper","JCW","","mini","cbs_condition_based","luxury_sedan","volume","shared_bmw_group","","target","2022 MINI Cooper"
"1899","mini-cooper-2021-classic","2021","MINI","Cooper","Classic","","mini","cbs_condition_based","luxury_sedan","volume","shared_bmw_group","","target","2021 MINI Cooper"
"1900","mini-cooper-2021-s","2021","MINI","Cooper","S","","mini","cbs_condition_based","luxury_sedan","volume","shared_bmw_group","","target","2021 MINI Cooper"
"1901","mini-cooper-2021-jcw","2021","MINI","Cooper","JCW","","mini","cbs_condition_based","luxury_sedan","volume","shared_bmw_group","","target","2021 MINI Cooper"
"1902","mini-cooper-2020-classic","2020","MINI","Cooper","Classic","","mini","cbs_condition_based","luxury_sedan","volume","shared_bmw_group","","target","2020 MINI Cooper"
"1903","mini-cooper-2020-s","2020","MINI","Cooper","S","","mini","cbs_condition_based","luxury_sedan","volume","shared_bmw_group","","target","2020 MINI Cooper"
"1904","mini-cooper-2020-jcw","2020","MINI","Cooper","JCW","","mini","cbs_condition_based","luxury_sedan","volume","shared_bmw_group","","target","2020 MINI Cooper"
"1905","mini-countryman-2025-classic","2025","MINI","Countryman","Classic","","mini","cbs_condition_based","luxury_suv","volume","shared_bmw_group","","target","2025 MINI Countryman"
"1906","mini-countryman-2025-s","2025","MINI","Countryman","S","","mini","cbs_condition_based","luxury_suv","volume","shared_bmw_group","","target","2025 MINI Countryman"
"1907","mini-countryman-2025-jcw","2025","MINI","Countryman","JCW","","mini","cbs_condition_based","luxury_suv","volume","shared_bmw_group","","target","2025 MINI Countryman"
"1908","mini-countryman-2024-classic","2024","MINI","Countryman","Classic","","mini","cbs_condition_based","luxury_suv","volume","shared_bmw_group","","target","2024 MINI Countryman"
"1909","mini-countryman-2024-s","2024","MINI","Countryman","S","","mini","cbs_condition_based","luxury_suv","volume","shared_bmw_group","","target","2024 MINI Countryman"
"1910","mini-countryman-2024-jcw","2024","MINI","Countryman","JCW","","mini","cbs_condition_based","luxury_suv","volume","shared_bmw_group","","target","2024 MINI Countryman"
"1911","mini-countryman-2023-classic","2023","MINI","Countryman","Classic","","mini","cbs_condition_based","luxury_suv","volume","shared_bmw_group","","target","2023 MINI Countryman"
"1912","mini-countryman-2023-s","2023","MINI","Countryman","S","","mini","cbs_condition_based","luxury_suv","volume","shared_bmw_group","","target","2023 MINI Countryman"
"1913","mini-countryman-2023-jcw","2023","MINI","Countryman","JCW","","mini","cbs_condition_based","luxury_suv","volume","shared_bmw_group","","target","2023 MINI Countryman"
"1914","mini-countryman-2022-classic","2022","MINI","Countryman","Classic","","mini","cbs_condition_based","luxury_suv","volume","shared_bmw_group","","target","2022 MINI Countryman"
"1915","mini-countryman-2022-s","2022","MINI","Countryman","S","","mini","cbs_condition_based","luxury_suv","volume","shared_bmw_group","","target","2022 MINI Countryman"
"1916","mini-countryman-2022-jcw","2022","MINI","Countryman","JCW","","mini","cbs_condition_based","luxury_suv","volume","shared_bmw_group","","target","2022 MINI Countryman"
"1917","mini-countryman-2021-classic","2021","MINI","Countryman","Classic","","mini","cbs_condition_based","luxury_suv","volume","shared_bmw_group","","target","2021 MINI Countryman"
"1918","mini-countryman-2021-s","2021","MINI","Countryman","S","","mini","cbs_condition_based","luxury_suv","volume","shared_bmw_group","","target","2021 MINI Countryman"
"1919","mini-countryman-2021-jcw","2021","MINI","Countryman","JCW","","mini","cbs_condition_based","luxury_suv","volume","shared_bmw_group","","target","2021 MINI Countryman"
"1920","mini-countryman-2020-classic","2020","MINI","Countryman","Classic","","mini","cbs_condition_based","luxury_suv","volume","shared_bmw_group","","target","2020 MINI Countryman"
"1921","mini-countryman-2020-s","2020","MINI","Countryman","S","","mini","cbs_condition_based","luxury_suv","volume","shared_bmw_group","","target","2020 MINI Countryman"
"1922","mini-countryman-2020-jcw","2020","MINI","Countryman","JCW","","mini","cbs_condition_based","luxury_suv","volume","shared_bmw_group","","target","2020 MINI Countryman"
"1923","buick-enclave-2025-preferred","2025","Buick","Enclave","Preferred","","buick","fixed_interval","volume_suv","volume","","","target","2025 Buick Enclave"
"1924","buick-enclave-2025-essence","2025","Buick","Enclave","Essence","","buick","fixed_interval","volume_suv","volume","","","target","2025 Buick Enclave"
"1925","buick-enclave-2025-avenir","2025","Buick","Enclave","Avenir","","buick","fixed_interval","volume_suv","volume","","","target","2025 Buick Enclave"
"1926","buick-enclave-2024-preferred","2024","Buick","Enclave","Preferred","","buick","fixed_interval","volume_suv","volume","","","target","2024 Buick Enclave"
"1927","buick-enclave-2024-essence","2024","Buick","Enclave","Essence","","buick","fixed_interval","volume_suv","volume","","","target","2024 Buick Enclave"
"1928","buick-enclave-2024-avenir","2024","Buick","Enclave","Avenir","","buick","fixed_interval","volume_suv","volume","","","target","2024 Buick Enclave"
"1929","buick-enclave-2023-preferred","2023","Buick","Enclave","Preferred","","buick","fixed_interval","volume_suv","volume","","","target","2023 Buick Enclave"
"1930","buick-enclave-2023-essence","2023","Buick","Enclave","Essence","","buick","fixed_interval","volume_suv","volume","","","target","2023 Buick Enclave"
"1931","buick-enclave-2023-avenir","2023","Buick","Enclave","Avenir","","buick","fixed_interval","volume_suv","volume","","","target","2023 Buick Enclave"
"1932","buick-enclave-2022-preferred","2022","Buick","Enclave","Preferred","","buick","fixed_interval","volume_suv","volume","","","target","2022 Buick Enclave"
"1933","buick-enclave-2022-essence","2022","Buick","Enclave","Essence","","buick","fixed_interval","volume_suv","volume","","","target","2022 Buick Enclave"
"1934","buick-enclave-2022-avenir","2022","Buick","Enclave","Avenir","","buick","fixed_interval","volume_suv","volume","","","target","2022 Buick Enclave"
"1935","buick-enclave-2021-preferred","2021","Buick","Enclave","Preferred","","buick","fixed_interval","volume_suv","volume","","","target","2021 Buick Enclave"
"1936","buick-enclave-2021-essence","2021","Buick","Enclave","Essence","","buick","fixed_interval","volume_suv","volume","","","target","2021 Buick Enclave"
"1937","buick-enclave-2021-avenir","2021","Buick","Enclave","Avenir","","buick","fixed_interval","volume_suv","volume","","","target","2021 Buick Enclave"
"1938","buick-enclave-2020-preferred","2020","Buick","Enclave","Preferred","","buick","fixed_interval","volume_suv","volume","","","target","2020 Buick Enclave"
"1939","buick-enclave-2020-essence","2020","Buick","Enclave","Essence","","buick","fixed_interval","volume_suv","volume","","","target","2020 Buick Enclave"
"1940","buick-enclave-2020-avenir","2020","Buick","Enclave","Avenir","","buick","fixed_interval","volume_suv","volume","","","target","2020 Buick Enclave"
"1941","buick-encore-gx-2025-preferred","2025","Buick","Encore GX","Preferred","","buick","fixed_interval","volume_suv","volume","","","target","2025 Buick Encore GX"
"1942","buick-encore-gx-2025-essence","2025","Buick","Encore GX","Essence","","buick","fixed_interval","volume_suv","volume","","","target","2025 Buick Encore GX"
"1943","buick-encore-gx-2025-avenir","2025","Buick","Encore GX","Avenir","","buick","fixed_interval","volume_suv","volume","","","target","2025 Buick Encore GX"
"1944","buick-encore-gx-2024-preferred","2024","Buick","Encore GX","Preferred","","buick","fixed_interval","volume_suv","volume","","","target","2024 Buick Encore GX"
"1945","buick-encore-gx-2024-essence","2024","Buick","Encore GX","Essence","","buick","fixed_interval","volume_suv","volume","","","target","2024 Buick Encore GX"
"1946","buick-encore-gx-2024-avenir","2024","Buick","Encore GX","Avenir","","buick","fixed_interval","volume_suv","volume","","","target","2024 Buick Encore GX"
"1947","buick-encore-gx-2023-preferred","2023","Buick","Encore GX","Preferred","","buick","fixed_interval","volume_suv","volume","","","target","2023 Buick Encore GX"
"1948","buick-encore-gx-2023-essence","2023","Buick","Encore GX","Essence","","buick","fixed_interval","volume_suv","volume","","","target","2023 Buick Encore GX"
"1949","buick-encore-gx-2023-avenir","2023","Buick","Encore GX","Avenir","","buick","fixed_interval","volume_suv","volume","","","target","2023 Buick Encore GX"
"1950","buick-encore-gx-2022-preferred","2022","Buick","Encore GX","Preferred","","buick","fixed_interval","volume_suv","volume","","","target","2022 Buick Encore GX"
"1951","buick-encore-gx-2022-essence","2022","Buick","Encore GX","Essence","","buick","fixed_interval","volume_suv","volume","","","target","2022 Buick Encore GX"
"1952","buick-encore-gx-2022-avenir","2022","Buick","Encore GX","Avenir","","buick","fixed_interval","volume_suv","volume","","","target","2022 Buick Encore GX"
"1953","buick-encore-gx-2021-preferred","2021","Buick","Encore GX","Preferred","","buick","fixed_interval","volume_suv","volume","","","target","2021 Buick Encore GX"
"1954","buick-encore-gx-2021-essence","2021","Buick","Encore GX","Essence","","buick","fixed_interval","volume_suv","volume","","","target","2021 Buick Encore GX"
"1955","buick-encore-gx-2021-avenir","2021","Buick","Encore GX","Avenir","","buick","fixed_interval","volume_suv","volume","","","target","2021 Buick Encore GX"
"1956","buick-encore-gx-2020-preferred","2020","Buick","Encore GX","Preferred","","buick","fixed_interval","volume_suv","volume","","","target","2020 Buick Encore GX"
"1957","buick-encore-gx-2020-essence","2020","Buick","Encore GX","Essence","","buick","fixed_interval","volume_suv","volume","","","target","2020 Buick Encore GX"
"1958","buick-encore-gx-2020-avenir","2020","Buick","Encore GX","Avenir","","buick","fixed_interval","volume_suv","volume","","","target","2020 Buick Encore GX"
"1959","chrysler-pacifica-2025-touring","2025","Chrysler","Pacifica","Touring","","chrysler","fixed_interval","volume_minivan","volume","","","target","2025 Chrysler Pacifica"
"1960","chrysler-pacifica-2025-touring-l","2025","Chrysler","Pacifica","Touring L","","chrysler","fixed_interval","volume_minivan","volume","","","target","2025 Chrysler Pacifica"
"1961","chrysler-pacifica-2025-limited","2025","Chrysler","Pacifica","Limited","","chrysler","fixed_interval","volume_minivan","volume","","","target","2025 Chrysler Pacifica"
"1962","chrysler-pacifica-2024-touring","2024","Chrysler","Pacifica","Touring","","chrysler","fixed_interval","volume_minivan","volume","","","target","2024 Chrysler Pacifica"
"1963","chrysler-pacifica-2024-touring-l","2024","Chrysler","Pacifica","Touring L","","chrysler","fixed_interval","volume_minivan","volume","","","target","2024 Chrysler Pacifica"
"1964","chrysler-pacifica-2024-limited","2024","Chrysler","Pacifica","Limited","","chrysler","fixed_interval","volume_minivan","volume","","","target","2024 Chrysler Pacifica"
"1965","chrysler-pacifica-2023-touring","2023","Chrysler","Pacifica","Touring","","chrysler","fixed_interval","volume_minivan","volume","","","target","2023 Chrysler Pacifica"
"1966","chrysler-pacifica-2023-touring-l","2023","Chrysler","Pacifica","Touring L","","chrysler","fixed_interval","volume_minivan","volume","","","target","2023 Chrysler Pacifica"
"1967","chrysler-pacifica-2023-limited","2023","Chrysler","Pacifica","Limited","","chrysler","fixed_interval","volume_minivan","volume","","","target","2023 Chrysler Pacifica"
"1968","chrysler-pacifica-2022-touring","2022","Chrysler","Pacifica","Touring","","chrysler","fixed_interval","volume_minivan","volume","","","target","2022 Chrysler Pacifica"
"1969","chrysler-pacifica-2022-touring-l","2022","Chrysler","Pacifica","Touring L","","chrysler","fixed_interval","volume_minivan","volume","","","target","2022 Chrysler Pacifica"
"1970","chrysler-pacifica-2022-limited","2022","Chrysler","Pacifica","Limited","","chrysler","fixed_interval","volume_minivan","volume","","","target","2022 Chrysler Pacifica"
"1971","chrysler-pacifica-2021-touring","2021","Chrysler","Pacifica","Touring","","chrysler","fixed_interval","volume_minivan","volume","","","target","2021 Chrysler Pacifica"
"1972","chrysler-pacifica-2021-touring-l","2021","Chrysler","Pacifica","Touring L","","chrysler","fixed_interval","volume_minivan","volume","","","target","2021 Chrysler Pacifica"
"1973","chrysler-pacifica-2021-limited","2021","Chrysler","Pacifica","Limited","","chrysler","fixed_interval","volume_minivan","volume","","","target","2021 Chrysler Pacifica"
"1974","chrysler-pacifica-2020-touring","2020","Chrysler","Pacifica","Touring","","chrysler","fixed_interval","volume_minivan","volume","","","target","2020 Chrysler Pacifica"
"1975","chrysler-pacifica-2020-touring-l","2020","Chrysler","Pacifica","Touring L","","chrysler","fixed_interval","volume_minivan","volume","","","target","2020 Chrysler Pacifica"
"1976","chrysler-pacifica-2020-limited","2020","Chrysler","Pacifica","Limited","","chrysler","fixed_interval","volume_minivan","volume","","","target","2020 Chrysler Pacifica"
"1977","mitsubishi-outlander-2025-es","2025","Mitsubishi","Outlander","ES","","mitsubishi","fixed_interval","volume_suv","volume","","","target","2025 Mitsubishi Outlander"
"1978","mitsubishi-outlander-2025-se","2025","Mitsubishi","Outlander","SE","","mitsubishi","fixed_interval","volume_suv","volume","","","target","2025 Mitsubishi Outlander"
"1979","mitsubishi-outlander-2025-sel","2025","Mitsubishi","Outlander","SEL","","mitsubishi","fixed_interval","volume_suv","volume","","","target","2025 Mitsubishi Outlander"
"1980","mitsubishi-outlander-2024-es","2024","Mitsubishi","Outlander","ES","","mitsubishi","fixed_interval","volume_suv","volume","","","target","2024 Mitsubishi Outlander"
"1981","mitsubishi-outlander-2024-se","2024","Mitsubishi","Outlander","SE","","mitsubishi","fixed_interval","volume_suv","volume","","","target","2024 Mitsubishi Outlander"
"1982","mitsubishi-outlander-2024-sel","2024","Mitsubishi","Outlander","SEL","","mitsubishi","fixed_interval","volume_suv","volume","","","target","2024 Mitsubishi Outlander"
"1983","mitsubishi-outlander-2023-es","2023","Mitsubishi","Outlander","ES","","mitsubishi","fixed_interval","volume_suv","volume","","","target","2023 Mitsubishi Outlander"
"1984","mitsubishi-outlander-2023-se","2023","Mitsubishi","Outlander","SE","","mitsubishi","fixed_interval","volume_suv","volume","","","target","2023 Mitsubishi Outlander"
"1985","mitsubishi-outlander-2023-sel","2023","Mitsubishi","Outlander","SEL","","mitsubishi","fixed_interval","volume_suv","volume","","","target","2023 Mitsubishi Outlander"
"1986","mitsubishi-outlander-2022-es","2022","Mitsubishi","Outlander","ES","","mitsubishi","fixed_interval","volume_suv","volume","","","target","2022 Mitsubishi Outlander"
"1987","mitsubishi-outlander-2022-se","2022","Mitsubishi","Outlander","SE","","mitsubishi","fixed_interval","volume_suv","volume","","","target","2022 Mitsubishi Outlander"
"1988","mitsubishi-outlander-2022-sel","2022","Mitsubishi","Outlander","SEL","","mitsubishi","fixed_interval","volume_suv","volume","","","target","2022 Mitsubishi Outlander"
"1989","mitsubishi-outlander-2021-es","2021","Mitsubishi","Outlander","ES","","mitsubishi","fixed_interval","volume_suv","volume","","","target","2021 Mitsubishi Outlander"
"1990","mitsubishi-outlander-2021-se","2021","Mitsubishi","Outlander","SE","","mitsubishi","fixed_interval","volume_suv","volume","","","target","2021 Mitsubishi Outlander"
"1991","mitsubishi-outlander-2021-sel","2021","Mitsubishi","Outlander","SEL","","mitsubishi","fixed_interval","volume_suv","volume","","","target","2021 Mitsubishi Outlander"
"1992","mitsubishi-outlander-2020-es","2020","Mitsubishi","Outlander","ES","","mitsubishi","fixed_interval","volume_suv","volume","","","target","2020 Mitsubishi Outlander"
"1993","mitsubishi-outlander-2020-se","2020","Mitsubishi","Outlander","SE","","mitsubishi","fixed_interval","volume_suv","volume","","","target","2020 Mitsubishi Outlander"
"1994","mitsubishi-outlander-2020-sel","2020","Mitsubishi","Outlander","SEL","","mitsubishi","fixed_interval","volume_suv","volume","","","target","2020 Mitsubishi Outlander"
"1995","volvo-xc60-2019-recharge","2019","Volvo","XC60","Recharge","","volvo","fixed_interval","luxury_suv","luxury","shared_spa_generation","","target","2019 Volvo XC60"
"1996","volvo-xc60-2018-b5-core","2018","Volvo","XC60","B5 Core","","volvo","fixed_interval","luxury_suv","luxury","shared_spa_generation","","target","2018 Volvo XC60"
"1997","volvo-xc60-2018-b5-plus","2018","Volvo","XC60","B5 Plus","","volvo","fixed_interval","luxury_suv","luxury","shared_spa_generation","","target","2018 Volvo XC60"
"1998","volvo-xc60-2018-recharge","2018","Volvo","XC60","Recharge","","volvo","fixed_interval","luxury_suv","luxury","shared_spa_generation","","target","2018 Volvo XC60"
"1999","volvo-xc90-2025-b5-core","2025","Volvo","XC90","B5 Core","","volvo","fixed_interval","luxury_suv","luxury","shared_spa_generation","","target","2025 Volvo XC90"
"2000","volvo-xc90-2025-b6-plus","2025","Volvo","XC90","B6 Plus","","volvo","fixed_interval","luxury_suv","luxury","shared_spa_generation","","target","2025 Volvo XC90"
