"priority","pack_id","year","make","model","trim","powertrain","segment","oem_family","schedule_kind","source_tier","primary_pdf_url","alternate_pdf_urls","manual_type","maintenance_section_title","manual_share_applied","shared_from_pack_id","estimated_pdf_pages","http_status","content_type","sha256_if_downloaded","confidence","notes","blocked_reason"
"1","bmw-3-series-2025-330i","2025","BMW","3 Series","330i","","luxury_sedan","bmw","cbs_condition_based","B","https://www.bmwusa.com/content/dam/bmw/marketUS/common/warranty-books/2025/BMW_MY25_Maintenance_with_BEVs.pdf","","maintenance_booklet","The BMW Maintenance System / Maintenance Service Summary","no","","32","200","application/pdf","9f556e4ec58b90ae1d5e97808a45dfb379ce2768faddb638f0995ffb3fffeca0","0.90","Official US model-year BMW Maintenance booklet; extractable CBS and Maintenance Service Summary; canonical source for same-MY 3 Series trims. URL verification passed: HTTP 200, application/pdf, %PDF magic, 633540 bytes. v2 retry validation passed 2026-07-26: HTTP 200, application/pdf, %PDF magic, 633540 bytes, SHA-256 9f556e4ec58b90ae1d5e97808a45dfb379ce2768faddb638f0995ffb3fffeca0. Source discovery is valid; remaining dual_extract_mismatch state requires extractor or creator-review remediation.",""
"2","bmw-3-series-2025-330e","2025","BMW","3 Series","330e","","luxury_sedan","bmw","cbs_condition_based","B","https://www.bmwusa.com/content/dam/bmw/marketUS/common/warranty-books/2025/BMW_MY25_Maintenance_with_BEVs.pdf","","maintenance_booklet","The BMW Maintenance System / Maintenance Service Summary","yes","bmw-3-series-2025-330i","32","200","application/pdf","9f556e4ec58b90ae1d5e97808a45dfb379ce2768faddb638f0995ffb3fffeca0","0.88","Schedule shared across trims per manual_share_policy; official US model-year BMW Maintenance booklet; extractable CBS and Maintenance Service Summary; shared from bmw-3-series-2025-330i. URL verification passed: HTTP 200, application/pdf, %PDF magic, 633540 bytes. v2 retry validation passed 2026-07-26: HTTP 200, application/pdf, %PDF magic, 633540 bytes, SHA-256 9f556e4ec58b90ae1d5e97808a45dfb379ce2768faddb638f0995ffb3fffeca0. Source discovery is valid; remaining dual_extract_mismatch state requires extractor or creator-review remediation.",""
"3","bmw-3-series-2025-m340i","2025","BMW","3 Series","M340i","","luxury_sedan","bmw","cbs_condition_based","B","https://www.bmwusa.com/content/dam/bmw/marketUS/common/warranty-books/2025/BMW_MY25_Maintenance_with_BEVs.pdf","","maintenance_booklet","The BMW Maintenance System / Maintenance Service Summary","yes","bmw-3-series-2025-330i","32","200","application/pdf","9f556e4ec58b90ae1d5e97808a45dfb379ce2768faddb638f0995ffb3fffeca0","0.88","Schedule shared across trims per manual_share_policy; official US model-year BMW Maintenance booklet; extractable CBS and Maintenance Service Summary; shared from bmw-3-series-2025-330i. URL verification passed: HTTP 200, application/pdf, %PDF magic, 633540 bytes. v2 retry validation passed 2026-07-26: HTTP 200, application/pdf, %PDF magic, 633540 bytes, SHA-256 9f556e4ec58b90ae1d5e97808a45dfb379ce2768faddb638f0995ffb3fffeca0. Source discovery is valid; remaining dual_extract_mismatch state requires extractor or creator-review remediation.",""
"4","bmw-3-series-2024-330i","2024","BMW","3 Series","330i","","luxury_sedan","bmw","cbs_condition_based","B","https://www.bmwusa.com/content/dam/bmw/marketUS/common/warranty-books/2024/BMW_MY_2024_All_Models_Maintenance_with_BEVs_PC2_4C.pdf","","maintenance_booklet","The BMW Maintenance System / Maintenance Service Summary","no","","36","200","application/pdf","5b0d2ac407e169e5e3bae42bd49c59cf42e6b6cb0f98f41befbc8112c1e84aec","0.90","Official US model-year BMW Maintenance booklet; extractable CBS and Maintenance Service Summary; canonical source for same-MY 3 Series trims. URL verification passed: HTTP 200, application/pdf, %PDF magic, 445964 bytes. v2 retry validation passed 2026-07-26: HTTP 200, application/pdf, %PDF magic, 445964 bytes, SHA-256 5b0d2ac407e169e5e3bae42bd49c59cf42e6b6cb0f98f41befbc8112c1e84aec. Source discovery is valid; remaining dual_extract_mismatch state requires extractor or creator-review remediation.",""
"5","bmw-3-series-2024-330e","2024","BMW","3 Series","330e","","luxury_sedan","bmw","cbs_condition_based","B","https://www.bmwusa.com/content/dam/bmw/marketUS/common/warranty-books/2024/BMW_MY_2024_All_Models_Maintenance_with_BEVs_PC2_4C.pdf","","maintenance_booklet","The BMW Maintenance System / Maintenance Service Summary","yes","bmw-3-series-2024-330i","36","200","application/pdf","5b0d2ac407e169e5e3bae42bd49c59cf42e6b6cb0f98f41befbc8112c1e84aec","0.88","Schedule shared across trims per manual_share_policy; official US model-year BMW Maintenance booklet; extractable CBS and Maintenance Service Summary; shared from bmw-3-series-2024-330i. URL verification passed: HTTP 200, application/pdf, %PDF magic, 445964 bytes. v2 retry validation passed 2026-07-26: HTTP 200, application/pdf, %PDF magic, 445964 bytes, SHA-256 5b0d2ac407e169e5e3bae42bd49c59cf42e6b6cb0f98f41befbc8112c1e84aec. Source discovery is valid; remaining dual_extract_mismatch state requires extractor or creator-review remediation.",""
"6","bmw-3-series-2024-m340i","2024","BMW","3 Series","M340i","","luxury_sedan","bmw","cbs_condition_based","B","https://www.bmwusa.com/content/dam/bmw/marketUS/common/warranty-books/2024/BMW_MY_2024_All_Models_Maintenance_with_BEVs_PC2_4C.pdf","","maintenance_booklet","The BMW Maintenance System / Maintenance Service Summary","yes","bmw-3-series-2024-330i","36","200","application/pdf","5b0d2ac407e169e5e3bae42bd49c59cf42e6b6cb0f98f41befbc8112c1e84aec","0.88","Schedule shared across trims per manual_share_policy; official US model-year BMW Maintenance booklet; extractable CBS and Maintenance Service Summary; shared from bmw-3-series-2024-330i. URL verification passed: HTTP 200, application/pdf, %PDF magic, 445964 bytes. v2 retry validation passed 2026-07-26: HTTP 200, application/pdf, %PDF magic, 445964 bytes, SHA-256 5b0d2ac407e169e5e3bae42bd49c59cf42e6b6cb0f98f41befbc8112c1e84aec. Source discovery is valid; remaining dual_extract_mismatch state requires extractor or creator-review remediation.",""
"7","bmw-3-series-2023-330i","2023","BMW","3 Series","330i","","luxury_sedan","bmw","cbs_condition_based","B","https://www.bmwusa.com/content/dam/bmw/marketUS/common/warranty-books/2023/BMW-MY-2023-All-Models-Maintenance-(On-line).pdf","","maintenance_booklet","The BMW Maintenance System / Maintenance Service Summary","no","","24","200","application/pdf","f77926d943328b1465e48c161e2151b0e310dd3f3c24e8c693452025157bb4d3","0.90","Official US model-year BMW Maintenance booklet; extractable CBS and Maintenance Service Summary; canonical source for same-MY 3 Series trims. URL verification passed: HTTP 200, application/pdf, %PDF magic, 836848 bytes. v2 retry validation passed 2026-07-26: HTTP 200, application/pdf, %PDF magic, 836848 bytes, SHA-256 f77926d943328b1465e48c161e2151b0e310dd3f3c24e8c693452025157bb4d3. Source discovery is valid; remaining dual_extract_mismatch state requires extractor or creator-review remediation.",""
"8","bmw-3-series-2023-330e","2023","BMW","3 Series","330e","","luxury_sedan","bmw","cbs_condition_based","B","https://www.bmwusa.com/content/dam/bmw/marketUS/common/warranty-books/2023/BMW-MY-2023-All-Models-Maintenance-(On-line).pdf","","maintenance_booklet","The BMW Maintenance System / Maintenance Service Summary","yes","bmw-3-series-2023-330i","24","200","application/pdf","f77926d943328b1465e48c161e2151b0e310dd3f3c24e8c693452025157bb4d3","0.88","Schedule shared across trims per manual_share_policy; official US model-year BMW Maintenance booklet; extractable CBS and Maintenance Service Summary; shared from bmw-3-series-2023-330i. URL verification passed: HTTP 200, application/pdf, %PDF magic, 836848 bytes. v2 retry validation passed 2026-07-26: HTTP 200, application/pdf, %PDF magic, 836848 bytes, SHA-256 f77926d943328b1465e48c161e2151b0e310dd3f3c24e8c693452025157bb4d3. Source discovery is valid; remaining dual_extract_mismatch state requires extractor or creator-review remediation.",""
"9","bmw-3-series-2023-m340i","2023","BMW","3 Series","M340i","","luxury_sedan","bmw","cbs_condition_based","B","https://www.bmwusa.com/content/dam/bmw/marketUS/common/warranty-books/2023/BMW-MY-2023-All-Models-Maintenance-(On-line).pdf","","maintenance_booklet","The BMW Maintenance System / Maintenance Service Summary","yes","bmw-3-series-2023-330i","24","200","application/pdf","f77926d943328b1465e48c161e2151b0e310dd3f3c24e8c693452025157bb4d3","0.88","Schedule shared across trims per manual_share_policy; official US model-year BMW Maintenance booklet; extractable CBS and Maintenance Service Summary; shared from bmw-3-series-2023-330i. URL verification passed: HTTP 200, application/pdf, %PDF magic, 836848 bytes. v2 retry validation passed 2026-07-26: HTTP 200, application/pdf, %PDF magic, 836848 bytes, SHA-256 f77926d943328b1465e48c161e2151b0e310dd3f3c24e8c693452025157bb4d3. Source discovery is valid; remaining dual_extract_mismatch state requires extractor or creator-review remediation.",""
"10","bmw-3-series-2022-330i","2022","BMW","3 Series","330i","","luxury_sedan","bmw","cbs_condition_based","B","https://www.bmwusa.com/content/dam/bmw/marketUS/common/warranty-books/2022/BMW_2022_All_Models_Maintenance_ADA.pdf","","maintenance_booklet","The BMW Maintenance System / Maintenance Service Summary","no","","27","200","application/pdf","bde6822fd8b30af841919e52d6f192e5ebdd07a0cde44e852d91db022bae0cfb","0.90","Official US model-year BMW Maintenance booklet; extractable CBS and Maintenance Service Summary; canonical source for same-MY 3 Series trims. URL verification passed: HTTP 200, application/pdf, %PDF magic, 921173 bytes. v2 retry validation passed 2026-07-26: HTTP 200, application/pdf, %PDF magic, 921173 bytes, SHA-256 bde6822fd8b30af841919e52d6f192e5ebdd07a0cde44e852d91db022bae0cfb. Source discovery is valid; remaining dual_extract_mismatch state requires extractor or creator-review remediation.",""
"11","bmw-3-series-2022-330e","2022","BMW","3 Series","330e","","luxury_sedan","bmw","cbs_condition_based","B","https://www.bmwusa.com/content/dam/bmw/marketUS/common/warranty-books/2022/BMW_2022_All_Models_Maintenance_ADA.pdf","","maintenance_booklet","The BMW Maintenance System / Maintenance Service Summary","yes","bmw-3-series-2022-330i","27","200","application/pdf","bde6822fd8b30af841919e52d6f192e5ebdd07a0cde44e852d91db022bae0cfb","0.88","Schedule shared across trims per manual_share_policy; official US model-year BMW Maintenance booklet; extractable CBS and Maintenance Service Summary; shared from bmw-3-series-2022-330i. URL verification passed: HTTP 200, application/pdf, %PDF magic, 921173 bytes. v2 retry validation passed 2026-07-26: HTTP 200, application/pdf, %PDF magic, 921173 bytes, SHA-256 bde6822fd8b30af841919e52d6f192e5ebdd07a0cde44e852d91db022bae0cfb. Source discovery is valid; remaining dual_extract_mismatch state requires extractor or creator-review remediation.",""
"12","bmw-3-series-2022-m340i","2022","BMW","3 Series","M340i","","luxury_sedan","bmw","cbs_condition_based","B","https://www.bmwusa.com/content/dam/bmw/marketUS/common/warranty-books/2022/BMW_2022_All_Models_Maintenance_ADA.pdf","","maintenance_booklet","The BMW Maintenance System / Maintenance Service Summary","yes","bmw-3-series-2022-330i","27","200","application/pdf","bde6822fd8b30af841919e52d6f192e5ebdd07a0cde44e852d91db022bae0cfb","0.88","Schedule shared across trims per manual_share_policy; official US model-year BMW Maintenance booklet; extractable CBS and Maintenance Service Summary; shared from bmw-3-series-2022-330i. URL verification passed: HTTP 200, application/pdf, %PDF magic, 921173 bytes. v2 retry validation passed 2026-07-26: HTTP 200, application/pdf, %PDF magic, 921173 bytes, SHA-256 bde6822fd8b30af841919e52d6f192e5ebdd07a0cde44e852d91db022bae0cfb. Source discovery is valid; remaining dual_extract_mismatch state requires extractor or creator-review remediation.",""
"13","bmw-3-series-2021-330i","2021","BMW","3 Series","330i","","luxury_sedan","bmw","cbs_condition_based","B","https://www.bmwusa.com/content/dam/bmw/marketUS/common/warranty-books/2021/5A1BC92_21MY_BMW_Maintenance_FINAL_Print_withCover_111220.pdf","","maintenance_booklet","The BMW Maintenance System / Maintenance Service Summary","no","","26","200","application/pdf","3596c1ae0c3e8a25be5da00290b807bebcc75ecacbb8eb102a539622fd63b317","0.90","Official US model-year BMW Maintenance booklet; extractable CBS and Maintenance Service Summary; canonical source for same-MY 3 Series trims. URL verification passed: HTTP 200, application/pdf, %PDF magic, 1346051 bytes. v2 retry validation passed 2026-07-26: HTTP 200, application/pdf, %PDF magic, 1346051 bytes, SHA-256 3596c1ae0c3e8a25be5da00290b807bebcc75ecacbb8eb102a539622fd63b317. Source discovery is valid; remaining dual_extract_mismatch state requires extractor or creator-review remediation.",""
"14","bmw-3-series-2021-330e","2021","BMW","3 Series","330e","","luxury_sedan","bmw","cbs_condition_based","B","https://www.bmwusa.com/content/dam/bmw/marketUS/common/warranty-books/2021/5A1BC92_21MY_BMW_Maintenance_FINAL_Print_withCover_111220.pdf","","maintenance_booklet","The BMW Maintenance System / Maintenance Service Summary","yes","bmw-3-series-2021-330i","26","200","application/pdf","3596c1ae0c3e8a25be5da00290b807bebcc75ecacbb8eb102a539622fd63b317","0.88","Schedule shared across trims per manual_share_policy; official US model-year BMW Maintenance booklet; extractable CBS and Maintenance Service Summary; shared from bmw-3-series-2021-330i. URL verification passed: HTTP 200, application/pdf, %PDF magic, 1346051 bytes. v2 retry validation passed 2026-07-26: HTTP 200, application/pdf, %PDF magic, 1346051 bytes, SHA-256 3596c1ae0c3e8a25be5da00290b807bebcc75ecacbb8eb102a539622fd63b317. Source discovery is valid; remaining dual_extract_mismatch state requires extractor or creator-review remediation.",""
"15","bmw-3-series-2021-m340i","2021","BMW","3 Series","M340i","","luxury_sedan","bmw","cbs_condition_based","B","https://www.bmwusa.com/content/dam/bmw/marketUS/common/warranty-books/2021/5A1BC92_21MY_BMW_Maintenance_FINAL_Print_withCover_111220.pdf","","maintenance_booklet","The BMW Maintenance System / Maintenance Service Summary","yes","bmw-3-series-2021-330i","26","200","application/pdf","3596c1ae0c3e8a25be5da00290b807bebcc75ecacbb8eb102a539622fd63b317","0.88","Schedule shared across trims per manual_share_policy; official US model-year BMW Maintenance booklet; extractable CBS and Maintenance Service Summary; shared from bmw-3-series-2021-330i. URL verification passed: HTTP 200, application/pdf, %PDF magic, 1346051 bytes. v2 retry validation passed 2026-07-26: HTTP 200, application/pdf, %PDF magic, 1346051 bytes, SHA-256 3596c1ae0c3e8a25be5da00290b807bebcc75ecacbb8eb102a539622fd63b317. Source discovery is valid; remaining dual_extract_mismatch state requires extractor or creator-review remediation.",""
"16","bmw-3-series-2020-330i","2020","BMW","3 Series","330i","","luxury_sedan","bmw","cbs_condition_based","B","https://www.bmwusa.com/content/dam/bmw/marketUS/common/warranty-books/2020/5A0BC07_20MY_BMW_Maintenance_FINAL_Print_withCover_042220.pdf","","maintenance_booklet","The BMW Maintenance System / Maintenance Service Summary","no","","27","200","application/pdf","54ce5e875bee4f11673c2ab308f5a776e136a254dd87d9ed6af304b52cd7db2a","0.90","Official US model-year BMW Maintenance booklet; extractable CBS and Maintenance Service Summary; canonical source for same-MY 3 Series trims. URL verification passed: HTTP 200, application/pdf, %PDF magic, 2042684 bytes. v2 retry validation passed 2026-07-26: HTTP 200, application/pdf, %PDF magic, 2042684 bytes, SHA-256 54ce5e875bee4f11673c2ab308f5a776e136a254dd87d9ed6af304b52cd7db2a. Source discovery is valid; remaining dual_extract_mismatch state requires extractor or creator-review remediation.",""
"17","bmw-3-series-2020-330e","2020","BMW","3 Series","330e","","luxury_sedan","bmw","cbs_condition_based","B","https://www.bmwusa.com/content/dam/bmw/marketUS/common/warranty-books/2020/5A0BC07_20MY_BMW_Maintenance_FINAL_Print_withCover_042220.pdf","","maintenance_booklet","The BMW Maintenance System / Maintenance Service Summary","yes","bmw-3-series-2020-330i","27","200","application/pdf","54ce5e875bee4f11673c2ab308f5a776e136a254dd87d9ed6af304b52cd7db2a","0.88","Schedule shared across trims per manual_share_policy; official US model-year BMW Maintenance booklet; extractable CBS and Maintenance Service Summary; shared from bmw-3-series-2020-330i. URL verification passed: HTTP 200, application/pdf, %PDF magic, 2042684 bytes. v2 retry validation passed 2026-07-26: HTTP 200, application/pdf, %PDF magic, 2042684 bytes, SHA-256 54ce5e875bee4f11673c2ab308f5a776e136a254dd87d9ed6af304b52cd7db2a. Source discovery is valid; remaining dual_extract_mismatch state requires extractor or creator-review remediation.",""
"18","bmw-3-series-2020-m340i","2020","BMW","3 Series","M340i","","luxury_sedan","bmw","cbs_condition_based","B","https://www.bmwusa.com/content/dam/bmw/marketUS/common/warranty-books/2020/5A0BC07_20MY_BMW_Maintenance_FINAL_Print_withCover_042220.pdf","","maintenance_booklet","The BMW Maintenance System / Maintenance Service Summary","yes","bmw-3-series-2020-330i","27","200","application/pdf","54ce5e875bee4f11673c2ab308f5a776e136a254dd87d9ed6af304b52cd7db2a","0.88","Schedule shared across trims per manual_share_policy; official US model-year BMW Maintenance booklet; extractable CBS and Maintenance Service Summary; shared from bmw-3-series-2020-330i. URL verification passed: HTTP 200, application/pdf, %PDF magic, 2042684 bytes. v2 retry validation passed 2026-07-26: HTTP 200, application/pdf, %PDF magic, 2042684 bytes, SHA-256 54ce5e875bee4f11673c2ab308f5a776e136a254dd87d9ed6af304b52cd7db2a. Source discovery is valid; remaining dual_extract_mismatch state requires extractor or creator-review remediation.",""
"19","bmw-3-series-2019-330i","2019","BMW","3 Series","330i","","luxury_sedan","bmw","cbs_condition_based","B","https://www.bmwusa.com/content/dam/bmw/marketUS/common/warranty-books/2019/2019-BMW-Maintenance.pdf","","maintenance_booklet","The BMW Maintenance System / Maintenance Service Summary","no","","36","200","application/pdf","9378017163d6ff1a1e9b6f6ff519474d05832c448db619a36edc573a1dcd259e","0.90","Official US model-year BMW Maintenance booklet; extractable CBS and Maintenance Service Summary; canonical source for same-MY 3 Series trims. URL verification passed: HTTP 200, application/pdf, %PDF magic, 1027813 bytes. v2 retry validation passed 2026-07-26: HTTP 200, application/pdf, %PDF magic, 1027813 bytes, SHA-256 9378017163d6ff1a1e9b6f6ff519474d05832c448db619a36edc573a1dcd259e. Source discovery is valid; remaining dual_extract_mismatch state requires extractor or creator-review remediation.",""
"20","bmw-3-series-2019-330e","2019","BMW","3 Series","330e","","luxury_sedan","bmw","cbs_condition_based","B","https://www.bmwusa.com/content/dam/bmw/marketUS/common/warranty-books/2019/2019-BMW-Maintenance.pdf","","maintenance_booklet","The BMW Maintenance System / Maintenance Service Summary","yes","bmw-3-series-2019-330i","36","200","application/pdf","9378017163d6ff1a1e9b6f6ff519474d05832c448db619a36edc573a1dcd259e","0.88","Schedule shared across trims per manual_share_policy; official US model-year BMW Maintenance booklet; extractable CBS and Maintenance Service Summary; shared from bmw-3-series-2019-330i. URL verification passed: HTTP 200, application/pdf, %PDF magic, 1027813 bytes. v2 retry validation passed 2026-07-26: HTTP 200, application/pdf, %PDF magic, 1027813 bytes, SHA-256 9378017163d6ff1a1e9b6f6ff519474d05832c448db619a36edc573a1dcd259e. Source discovery is valid; remaining dual_extract_mismatch state requires extractor or creator-review remediation.",""
"21","bmw-3-series-2019-m340i","2019","BMW","3 Series","M340i","","luxury_sedan","bmw","cbs_condition_based","B","https://www.bmwusa.com/content/dam/bmw/marketUS/common/warranty-books/2019/2019-BMW-Maintenance.pdf","","maintenance_booklet","The BMW Maintenance System / Maintenance Service Summary","yes","bmw-3-series-2019-330i","36","200","application/pdf","9378017163d6ff1a1e9b6f6ff519474d05832c448db619a36edc573a1dcd259e","0.88","Schedule shared across trims per manual_share_policy; official US model-year BMW Maintenance booklet; extractable CBS and Maintenance Service Summary; shared from bmw-3-series-2019-330i. URL verification passed: HTTP 200, application/pdf, %PDF magic, 1027813 bytes. v2 retry validation passed 2026-07-26: HTTP 200, application/pdf, %PDF magic, 1027813 bytes, SHA-256 9378017163d6ff1a1e9b6f6ff519474d05832c448db619a36edc573a1dcd259e. Source discovery is valid; remaining dual_extract_mismatch state requires extractor or creator-review remediation.",""
"22","bmw-5-series-2025-530i","2025","BMW","5 Series","530i","","luxury_sedan","bmw","cbs_condition_based","B","https://www.bmwusa.com/content/dam/bmw/marketUS/common/warranty-books/2025/BMW_MY25_Maintenance_with_BEVs.pdf","","maintenance_booklet","The BMW Maintenance System / Maintenance Service Summary","no","","32","200","application/pdf","9f556e4ec58b90ae1d5e97808a45dfb379ce2768faddb638f0995ffb3fffeca0","0.90","Official US model-year BMW Maintenance booklet; extractable CBS and Maintenance Service Summary; canonical source for same-MY 5 Series trims. URL verification passed: HTTP 200, application/pdf, %PDF magic, 633540 bytes. v2 retry validation passed 2026-07-26: HTTP 200, application/pdf, %PDF magic, 633540 bytes, SHA-256 9f556e4ec58b90ae1d5e97808a45dfb379ce2768faddb638f0995ffb3fffeca0. Source discovery is valid; remaining dual_extract_mismatch state requires extractor or creator-review remediation.",""
"23","bmw-5-series-2025-530e","2025","BMW","5 Series","530e","","luxury_sedan","bmw","cbs_condition_based","B","https://www.bmwusa.com/content/dam/bmw/marketUS/common/warranty-books/2025/BMW_MY25_Maintenance_with_BEVs.pdf","","maintenance_booklet","The BMW Maintenance System / Maintenance Service Summary","yes","bmw-5-series-2025-530i","32","200","application/pdf","9f556e4ec58b90ae1d5e97808a45dfb379ce2768faddb638f0995ffb3fffeca0","0.88","Schedule shared across trims per manual_share_policy; official US model-year BMW Maintenance booklet; extractable CBS and Maintenance Service Summary; shared from bmw-5-series-2025-530i. URL verification passed: HTTP 200, application/pdf, %PDF magic, 633540 bytes. v2 retry validation passed 2026-07-26: HTTP 200, application/pdf, %PDF magic, 633540 bytes, SHA-256 9f556e4ec58b90ae1d5e97808a45dfb379ce2768faddb638f0995ffb3fffeca0. Source discovery is valid; remaining dual_extract_mismatch state requires extractor or creator-review remediation.",""
"24","bmw-5-series-2025-540i","2025","BMW","5 Series","540i","","luxury_sedan","bmw","cbs_condition_based","B","https://www.bmwusa.com/content/dam/bmw/marketUS/common/warranty-books/2025/BMW_MY25_Maintenance_with_BEVs.pdf","","maintenance_booklet","The BMW Maintenance System / Maintenance Service Summary","yes","bmw-5-series-2025-530i","32","200","application/pdf","9f556e4ec58b90ae1d5e97808a45dfb379ce2768faddb638f0995ffb3fffeca0","0.88","Schedule shared across trims per manual_share_policy; official US model-year BMW Maintenance booklet; extractable CBS and Maintenance Service Summary; shared from bmw-5-series-2025-530i. URL verification passed: HTTP 200, application/pdf, %PDF magic, 633540 bytes. v2 retry validation passed 2026-07-26: HTTP 200, application/pdf, %PDF magic, 633540 bytes, SHA-256 9f556e4ec58b90ae1d5e97808a45dfb379ce2768faddb638f0995ffb3fffeca0. Source discovery is valid; remaining dual_extract_mismatch state requires extractor or creator-review remediation.",""
"25","bmw-5-series-2024-530i","2024","BMW","5 Series","530i","","luxury_sedan","bmw","cbs_condition_based","B","https://www.bmwusa.com/content/dam/bmw/marketUS/common/warranty-books/2024/BMW_MY_2024_All_Models_Maintenance_with_BEVs_PC2_4C.pdf","","maintenance_booklet","The BMW Maintenance System / Maintenance Service Summary","no","","36","200","application/pdf","5b0d2ac407e169e5e3bae42bd49c59cf42e6b6cb0f98f41befbc8112c1e84aec","0.90","Official US model-year BMW Maintenance booklet; extractable CBS and Maintenance Service Summary; canonical source for same-MY 5 Series trims. URL verification passed: HTTP 200, application/pdf, %PDF magic, 445964 bytes. v2 retry validation passed 2026-07-26: HTTP 200, application/pdf, %PDF magic, 445964 bytes, SHA-256 5b0d2ac407e169e5e3bae42bd49c59cf42e6b6cb0f98f41befbc8112c1e84aec. Source discovery is valid; remaining dual_extract_mismatch state requires extractor or creator-review remediation.",""
"26","bmw-5-series-2024-530e","2024","BMW","5 Series","530e","","luxury_sedan","bmw","cbs_condition_based","B","https://www.bmwusa.com/content/dam/bmw/marketUS/common/warranty-books/2024/BMW_MY_2024_All_Models_Maintenance_with_BEVs_PC2_4C.pdf","","maintenance_booklet","The BMW Maintenance System / Maintenance Service Summary","yes","bmw-5-series-2024-530i","36","200","application/pdf","5b0d2ac407e169e5e3bae42bd49c59cf42e6b6cb0f98f41befbc8112c1e84aec","0.88","Schedule shared across trims per manual_share_policy; official US model-year BMW Maintenance booklet; extractable CBS and Maintenance Service Summary; shared from bmw-5-series-2024-530i. URL verification passed: HTTP 200, application/pdf, %PDF magic, 445964 bytes. v2 retry validation passed 2026-07-26: HTTP 200, application/pdf, %PDF magic, 445964 bytes, SHA-256 5b0d2ac407e169e5e3bae42bd49c59cf42e6b6cb0f98f41befbc8112c1e84aec. Source discovery is valid; remaining dual_extract_mismatch state requires extractor or creator-review remediation.",""
"27","bmw-5-series-2024-540i","2024","BMW","5 Series","540i","","luxury_sedan","bmw","cbs_condition_based","B","https://www.bmwusa.com/content/dam/bmw/marketUS/common/warranty-books/2024/BMW_MY_2024_All_Models_Maintenance_with_BEVs_PC2_4C.pdf","","maintenance_booklet","The BMW Maintenance System / Maintenance Service Summary","yes","bmw-5-series-2024-530i","36","200","application/pdf","5b0d2ac407e169e5e3bae42bd49c59cf42e6b6cb0f98f41befbc8112c1e84aec","0.88","Schedule shared across trims per manual_share_policy; official US model-year BMW Maintenance booklet; extractable CBS and Maintenance Service Summary; shared from bmw-5-series-2024-530i. URL verification passed: HTTP 200, application/pdf, %PDF magic, 445964 bytes. v2 retry validation passed 2026-07-26: HTTP 200, application/pdf, %PDF magic, 445964 bytes, SHA-256 5b0d2ac407e169e5e3bae42bd49c59cf42e6b6cb0f98f41befbc8112c1e84aec. Source discovery is valid; remaining dual_extract_mismatch state requires extractor or creator-review remediation.",""
"28","bmw-5-series-2023-530i","2023","BMW","5 Series","530i","","luxury_sedan","bmw","cbs_condition_based","B","https://www.bmwusa.com/content/dam/bmw/marketUS/common/warranty-books/2023/BMW-MY-2023-All-Models-Maintenance-(On-line).pdf","","maintenance_booklet","The BMW Maintenance System / Maintenance Service Summary","no","","24","200","application/pdf","f77926d943328b1465e48c161e2151b0e310dd3f3c24e8c693452025157bb4d3","0.90","Official US model-year BMW Maintenance booklet; extractable CBS and Maintenance Service Summary; canonical source for same-MY 5 Series trims. URL verification passed: HTTP 200, application/pdf, %PDF magic, 836848 bytes. v2 retry validation passed 2026-07-26: HTTP 200, application/pdf, %PDF magic, 836848 bytes, SHA-256 f77926d943328b1465e48c161e2151b0e310dd3f3c24e8c693452025157bb4d3. Source discovery is valid; remaining dual_extract_mismatch state requires extractor or creator-review remediation.",""
"29","bmw-5-series-2023-530e","2023","BMW","5 Series","530e","","luxury_sedan","bmw","cbs_condition_based","B","https://www.bmwusa.com/content/dam/bmw/marketUS/common/warranty-books/2023/BMW-MY-2023-All-Models-Maintenance-(On-line).pdf","","maintenance_booklet","The BMW Maintenance System / Maintenance Service Summary","yes","bmw-5-series-2023-530i","24","200","application/pdf","f77926d943328b1465e48c161e2151b0e310dd3f3c24e8c693452025157bb4d3","0.88","Schedule shared across trims per manual_share_policy; official US model-year BMW Maintenance booklet; extractable CBS and Maintenance Service Summary; shared from bmw-5-series-2023-530i. URL verification passed: HTTP 200, application/pdf, %PDF magic, 836848 bytes. v2 retry validation passed 2026-07-26: HTTP 200, application/pdf, %PDF magic, 836848 bytes, SHA-256 f77926d943328b1465e48c161e2151b0e310dd3f3c24e8c693452025157bb4d3. Source discovery is valid; remaining dual_extract_mismatch state requires extractor or creator-review remediation.",""
"30","bmw-5-series-2023-540i","2023","BMW","5 Series","540i","","luxury_sedan","bmw","cbs_condition_based","B","https://www.bmwusa.com/content/dam/bmw/marketUS/common/warranty-books/2023/BMW-MY-2023-All-Models-Maintenance-(On-line).pdf","","maintenance_booklet","The BMW Maintenance System / Maintenance Service Summary","yes","bmw-5-series-2023-530i","24","200","application/pdf","f77926d943328b1465e48c161e2151b0e310dd3f3c24e8c693452025157bb4d3","0.88","Schedule shared across trims per manual_share_policy; official US model-year BMW Maintenance booklet; extractable CBS and Maintenance Service Summary; shared from bmw-5-series-2023-530i. URL verification passed: HTTP 200, application/pdf, %PDF magic, 836848 bytes. v2 retry validation passed 2026-07-26: HTTP 200, application/pdf, %PDF magic, 836848 bytes, SHA-256 f77926d943328b1465e48c161e2151b0e310dd3f3c24e8c693452025157bb4d3. Source discovery is valid; remaining dual_extract_mismatch state requires extractor or creator-review remediation.",""
"31","bmw-5-series-2022-530i","2022","BMW","5 Series","530i","","luxury_sedan","bmw","cbs_condition_based","B","https://www.bmwusa.com/content/dam/bmw/marketUS/common/warranty-books/2022/BMW_2022_All_Models_Maintenance_ADA.pdf","","maintenance_booklet","The BMW Maintenance System / Maintenance Service Summary","no","","27","200","application/pdf","bde6822fd8b30af841919e52d6f192e5ebdd07a0cde44e852d91db022bae0cfb","0.90","Official US model-year BMW Maintenance booklet; extractable CBS and Maintenance Service Summary; canonical source for same-MY 5 Series trims. URL verification passed: HTTP 200, application/pdf, %PDF magic, 921173 bytes. v2 retry validation passed 2026-07-26: HTTP 200, application/pdf, %PDF magic, 921173 bytes, SHA-256 bde6822fd8b30af841919e52d6f192e5ebdd07a0cde44e852d91db022bae0cfb. Source discovery is valid; remaining dual_extract_mismatch state requires extractor or creator-review remediation.",""
"32","bmw-5-series-2022-530e","2022","BMW","5 Series","530e","","luxury_sedan","bmw","cbs_condition_based","B","https://www.bmwusa.com/content/dam/bmw/marketUS/common/warranty-books/2022/BMW_2022_All_Models_Maintenance_ADA.pdf","","maintenance_booklet","The BMW Maintenance System / Maintenance Service Summary","yes","bmw-5-series-2022-530i","27","200","application/pdf","bde6822fd8b30af841919e52d6f192e5ebdd07a0cde44e852d91db022bae0cfb","0.88","Schedule shared across trims per manual_share_policy; official US model-year BMW Maintenance booklet; extractable CBS and Maintenance Service Summary; shared from bmw-5-series-2022-530i. URL verification passed: HTTP 200, application/pdf, %PDF magic, 921173 bytes. v2 retry validation passed 2026-07-26: HTTP 200, application/pdf, %PDF magic, 921173 bytes, SHA-256 bde6822fd8b30af841919e52d6f192e5ebdd07a0cde44e852d91db022bae0cfb. Source discovery is valid; remaining dual_extract_mismatch state requires extractor or creator-review remediation.",""
"33","bmw-5-series-2022-540i","2022","BMW","5 Series","540i","","luxury_sedan","bmw","cbs_condition_based","B","https://www.bmwusa.com/content/dam/bmw/marketUS/common/warranty-books/2022/BMW_2022_All_Models_Maintenance_ADA.pdf","","maintenance_booklet","The BMW Maintenance System / Maintenance Service Summary","yes","bmw-5-series-2022-530i","27","200","application/pdf","bde6822fd8b30af841919e52d6f192e5ebdd07a0cde44e852d91db022bae0cfb","0.88","Schedule shared across trims per manual_share_policy; official US model-year BMW Maintenance booklet; extractable CBS and Maintenance Service Summary; shared from bmw-5-series-2022-530i. URL verification passed: HTTP 200, application/pdf, %PDF magic, 921173 bytes. v2 retry validation passed 2026-07-26: HTTP 200, application/pdf, %PDF magic, 921173 bytes, SHA-256 bde6822fd8b30af841919e52d6f192e5ebdd07a0cde44e852d91db022bae0cfb. Source discovery is valid; remaining dual_extract_mismatch state requires extractor or creator-review remediation.",""
"34","bmw-5-series-2021-530i","2021","BMW","5 Series","530i","","luxury_sedan","bmw","cbs_condition_based","B","https://www.bmwusa.com/content/dam/bmw/marketUS/common/warranty-books/2021/5A1BC92_21MY_BMW_Maintenance_FINAL_Print_withCover_111220.pdf","","maintenance_booklet","The BMW Maintenance System / Maintenance Service Summary","no","","26","200","application/pdf","3596c1ae0c3e8a25be5da00290b807bebcc75ecacbb8eb102a539622fd63b317","0.90","Official US model-year BMW Maintenance booklet; extractable CBS and Maintenance Service Summary; canonical source for same-MY 5 Series trims. URL verification passed: HTTP 200, application/pdf, %PDF magic, 1346051 bytes. v2 retry validation passed 2026-07-26: HTTP 200, application/pdf, %PDF magic, 1346051 bytes, SHA-256 3596c1ae0c3e8a25be5da00290b807bebcc75ecacbb8eb102a539622fd63b317. Source discovery is valid; remaining dual_extract_mismatch state requires extractor or creator-review remediation.",""
"35","bmw-5-series-2021-530e","2021","BMW","5 Series","530e","","luxury_sedan","bmw","cbs_condition_based","B","https://www.bmwusa.com/content/dam/bmw/marketUS/common/warranty-books/2021/5A1BC92_21MY_BMW_Maintenance_FINAL_Print_withCover_111220.pdf","","maintenance_booklet","The BMW Maintenance System / Maintenance Service Summary","yes","bmw-5-series-2021-530i","26","200","application/pdf","3596c1ae0c3e8a25be5da00290b807bebcc75ecacbb8eb102a539622fd63b317","0.88","Schedule shared across trims per manual_share_policy; official US model-year BMW Maintenance booklet; extractable CBS and Maintenance Service Summary; shared from bmw-5-series-2021-530i. URL verification passed: HTTP 200, application/pdf, %PDF magic, 1346051 bytes. v2 retry validation passed 2026-07-26: HTTP 200, application/pdf, %PDF magic, 1346051 bytes, SHA-256 3596c1ae0c3e8a25be5da00290b807bebcc75ecacbb8eb102a539622fd63b317. Source discovery is valid; remaining dual_extract_mismatch state requires extractor or creator-review remediation.",""
"36","bmw-5-series-2021-540i","2021","BMW","5 Series","540i","","luxury_sedan","bmw","cbs_condition_based","B","https://www.bmwusa.com/content/dam/bmw/marketUS/common/warranty-books/2021/5A1BC92_21MY_BMW_Maintenance_FINAL_Print_withCover_111220.pdf","","maintenance_booklet","The BMW Maintenance System / Maintenance Service Summary","yes","bmw-5-series-2021-530i","26","200","application/pdf","3596c1ae0c3e8a25be5da00290b807bebcc75ecacbb8eb102a539622fd63b317","0.88","Schedule shared across trims per manual_share_policy; official US model-year BMW Maintenance booklet; extractable CBS and Maintenance Service Summary; shared from bmw-5-series-2021-530i. URL verification passed: HTTP 200, application/pdf, %PDF magic, 1346051 bytes. v2 retry validation passed 2026-07-26: HTTP 200, application/pdf, %PDF magic, 1346051 bytes, SHA-256 3596c1ae0c3e8a25be5da00290b807bebcc75ecacbb8eb102a539622fd63b317. Source discovery is valid; remaining dual_extract_mismatch state requires extractor or creator-review remediation.",""
"37","bmw-5-series-2020-530i","2020","BMW","5 Series","530i","","luxury_sedan","bmw","cbs_condition_based","B","https://www.bmwusa.com/content/dam/bmw/marketUS/common/warranty-books/2020/5A0BC07_20MY_BMW_Maintenance_FINAL_Print_withCover_042220.pdf","","maintenance_booklet","The BMW Maintenance System / Maintenance Service Summary","no","","27","200","application/pdf","54ce5e875bee4f11673c2ab308f5a776e136a254dd87d9ed6af304b52cd7db2a","0.90","Official US model-year BMW Maintenance booklet; extractable CBS and Maintenance Service Summary; canonical source for same-MY 5 Series trims. URL verification passed: HTTP 200, application/pdf, %PDF magic, 2042684 bytes. v2 retry validation passed 2026-07-26: HTTP 200, application/pdf, %PDF magic, 2042684 bytes, SHA-256 54ce5e875bee4f11673c2ab308f5a776e136a254dd87d9ed6af304b52cd7db2a. Source discovery is valid; remaining dual_extract_mismatch state requires extractor or creator-review remediation.",""
"38","bmw-5-series-2020-530e","2020","BMW","5 Series","530e","","luxury_sedan","bmw","cbs_condition_based","B","https://www.bmwusa.com/content/dam/bmw/marketUS/common/warranty-books/2020/5A0BC07_20MY_BMW_Maintenance_FINAL_Print_withCover_042220.pdf","","maintenance_booklet","The BMW Maintenance System / Maintenance Service Summary","yes","bmw-5-series-2020-530i","27","200","application/pdf","54ce5e875bee4f11673c2ab308f5a776e136a254dd87d9ed6af304b52cd7db2a","0.88","Schedule shared across trims per manual_share_policy; official US model-year BMW Maintenance booklet; extractable CBS and Maintenance Service Summary; shared from bmw-5-series-2020-530i. URL verification passed: HTTP 200, application/pdf, %PDF magic, 2042684 bytes. v2 retry validation passed 2026-07-26: HTTP 200, application/pdf, %PDF magic, 2042684 bytes, SHA-256 54ce5e875bee4f11673c2ab308f5a776e136a254dd87d9ed6af304b52cd7db2a. Source discovery is valid; remaining dual_extract_mismatch state requires extractor or creator-review remediation.",""
"39","bmw-5-series-2020-540i","2020","BMW","5 Series","540i","","luxury_sedan","bmw","cbs_condition_based","B","https://www.bmwusa.com/content/dam/bmw/marketUS/common/warranty-books/2020/5A0BC07_20MY_BMW_Maintenance_FINAL_Print_withCover_042220.pdf","","maintenance_booklet","The BMW Maintenance System / Maintenance Service Summary","yes","bmw-5-series-2020-530i","27","200","application/pdf","54ce5e875bee4f11673c2ab308f5a776e136a254dd87d9ed6af304b52cd7db2a","0.88","Schedule shared across trims per manual_share_policy; official US model-year BMW Maintenance booklet; extractable CBS and Maintenance Service Summary; shared from bmw-5-series-2020-530i. URL verification passed: HTTP 200, application/pdf, %PDF magic, 2042684 bytes. v2 retry validation passed 2026-07-26: HTTP 200, application/pdf, %PDF magic, 2042684 bytes, SHA-256 54ce5e875bee4f11673c2ab308f5a776e136a254dd87d9ed6af304b52cd7db2a. Source discovery is valid; remaining dual_extract_mismatch state requires extractor or creator-review remediation.",""
"40","bmw-5-series-2019-530i","2019","BMW","5 Series","530i","","luxury_sedan","bmw","cbs_condition_based","B","https://www.bmwusa.com/content/dam/bmw/marketUS/common/warranty-books/2019/2019-BMW-Maintenance.pdf","","maintenance_booklet","The BMW Maintenance System / Maintenance Service Summary","no","","36","200","application/pdf","9378017163d6ff1a1e9b6f6ff519474d05832c448db619a36edc573a1dcd259e","0.90","Official US model-year BMW Maintenance booklet; extractable CBS and Maintenance Service Summary; canonical source for same-MY 5 Series trims. URL verification passed: HTTP 200, application/pdf, %PDF magic, 1027813 bytes. v2 retry validation passed 2026-07-26: HTTP 200, application/pdf, %PDF magic, 1027813 bytes, SHA-256 9378017163d6ff1a1e9b6f6ff519474d05832c448db619a36edc573a1dcd259e. Source discovery is valid; remaining dual_extract_mismatch state requires extractor or creator-review remediation.",""
"41","bmw-5-series-2019-530e","2019","BMW","5 Series","530e","","luxury_sedan","bmw","cbs_condition_based","B","https://www.bmwusa.com/content/dam/bmw/marketUS/common/warranty-books/2019/2019-BMW-Maintenance.pdf","","maintenance_booklet","The BMW Maintenance System / Maintenance Service Summary","yes","bmw-5-series-2019-530i","36","200","application/pdf","9378017163d6ff1a1e9b6f6ff519474d05832c448db619a36edc573a1dcd259e","0.88","Schedule shared across trims per manual_share_policy; official US model-year BMW Maintenance booklet; extractable CBS and Maintenance Service Summary; shared from bmw-5-series-2019-530i. URL verification passed: HTTP 200, application/pdf, %PDF magic, 1027813 bytes. v2 retry validation passed 2026-07-26: HTTP 200, application/pdf, %PDF magic, 1027813 bytes, SHA-256 9378017163d6ff1a1e9b6f6ff519474d05832c448db619a36edc573a1dcd259e. Source discovery is valid; remaining dual_extract_mismatch state requires extractor or creator-review remediation.",""
"42","bmw-5-series-2019-540i","2019","BMW","5 Series","540i","","luxury_sedan","bmw","cbs_condition_based","B","https://www.bmwusa.com/content/dam/bmw/marketUS/common/warranty-books/2019/2019-BMW-Maintenance.pdf","","maintenance_booklet","The BMW Maintenance System / Maintenance Service Summary","yes","bmw-5-series-2019-530i","36","200","application/pdf","9378017163d6ff1a1e9b6f6ff519474d05832c448db619a36edc573a1dcd259e","0.88","Schedule shared across trims per manual_share_policy; official US model-year BMW Maintenance booklet; extractable CBS and Maintenance Service Summary; shared from bmw-5-series-2019-530i. URL verification passed: HTTP 200, application/pdf, %PDF magic, 1027813 bytes. v2 retry validation passed 2026-07-26: HTTP 200, application/pdf, %PDF magic, 1027813 bytes, SHA-256 9378017163d6ff1a1e9b6f6ff519474d05832c448db619a36edc573a1dcd259e. Source discovery is valid; remaining dual_extract_mismatch state requires extractor or creator-review remediation.",""
"43","bmw-5-series-2018-530i","2018","BMW","5 Series","530i","","luxury_sedan","bmw","cbs_condition_based","B","https://www.bmwusa.com/content/dam/bmw/marketUS/common/warranty-books/2018/2018-BMW-Maintenance.pdf","","maintenance_booklet","The BMW Maintenance System / Maintenance Service Summary","no","","27","200","application/pdf","436e40aab28d758cb5e1546059cb71f02a0fe3799128f7d1dbd5ee28e21a2b58","0.90","Official US model-year BMW Maintenance booklet; extractable CBS and Maintenance Service Summary; canonical source for same-MY 5 Series trims. OEM interval matrix explicitly includes the 3, 5 Series vehicle group. URL verification passed: HTTP 200, application/pdf, %PDF magic, 953687 bytes. v2 retry validation passed 2026-07-26: HTTP 200, application/pdf, %PDF magic, 953687 bytes, SHA-256 436e40aab28d758cb5e1546059cb71f02a0fe3799128f7d1dbd5ee28e21a2b58. Source discovery is valid; remaining dual_extract_mismatch state requires extractor or creator-review remediation.",""
"44","bmw-5-series-2018-530e","2018","BMW","5 Series","530e","","luxury_sedan","bmw","cbs_condition_based","B","https://www.bmwusa.com/content/dam/bmw/marketUS/common/warranty-books/2018/2018-BMW-Maintenance.pdf","","maintenance_booklet","The BMW Maintenance System / Maintenance Service Summary","yes","bmw-5-series-2018-530i","27","200","application/pdf","436e40aab28d758cb5e1546059cb71f02a0fe3799128f7d1dbd5ee28e21a2b58","0.88","Schedule shared across trims per manual_share_policy; official US model-year BMW Maintenance booklet; extractable CBS and Maintenance Service Summary; shared from bmw-5-series-2018-530i. OEM interval matrix explicitly includes the 3, 5 Series vehicle group. URL verification passed: HTTP 200, application/pdf, %PDF magic, 953687 bytes. v2 retry validation passed 2026-07-26: HTTP 200, application/pdf, %PDF magic, 953687 bytes, SHA-256 436e40aab28d758cb5e1546059cb71f02a0fe3799128f7d1dbd5ee28e21a2b58. Source discovery is valid; remaining dual_extract_mismatch state requires extractor or creator-review remediation.",""
"45","bmw-5-series-2018-540i","2018","BMW","5 Series","540i","","luxury_sedan","bmw","cbs_condition_based","B","https://www.bmwusa.com/content/dam/bmw/marketUS/common/warranty-books/2018/2018-BMW-Maintenance.pdf","","maintenance_booklet","The BMW Maintenance System / Maintenance Service Summary","yes","bmw-5-series-2018-530i","27","200","application/pdf","436e40aab28d758cb5e1546059cb71f02a0fe3799128f7d1dbd5ee28e21a2b58","0.88","Schedule shared across trims per manual_share_policy; official US model-year BMW Maintenance booklet; extractable CBS and Maintenance Service Summary; shared from bmw-5-series-2018-530i. OEM interval matrix explicitly includes the 3, 5 Series vehicle group. URL verification passed: HTTP 200, application/pdf, %PDF magic, 953687 bytes. v2 retry validation passed 2026-07-26: HTTP 200, application/pdf, %PDF magic, 953687 bytes, SHA-256 436e40aab28d758cb5e1546059cb71f02a0fe3799128f7d1dbd5ee28e21a2b58. Source discovery is valid; remaining dual_extract_mismatch state requires extractor or creator-review remediation.",""
"46","bmw-2-series-2025-230i","2025","BMW","2 Series","230i","","luxury_sedan","bmw","cbs_condition_based","B","https://www.bmwusa.com/content/dam/bmw/marketUS/common/warranty-books/2025/BMW_MY25_Maintenance_with_BEVs.pdf","","maintenance_booklet","The BMW Maintenance System / Maintenance Service Summary","no","","32","200","application/pdf","9f556e4ec58b90ae1d5e97808a45dfb379ce2768faddb638f0995ffb3fffeca0","0.90","Official US model-year BMW Maintenance booklet; extractable CBS and Maintenance Service Summary; canonical source for same-MY 2 Series trims. URL verification passed: HTTP 200, application/pdf, %PDF magic, 633540 bytes. v2 retry validation passed 2026-07-26: HTTP 200, application/pdf, %PDF magic, 633540 bytes, SHA-256 9f556e4ec58b90ae1d5e97808a45dfb379ce2768faddb638f0995ffb3fffeca0. Source discovery is valid; remaining dual_extract_mismatch state requires extractor or creator-review remediation.",""
"47","bmw-2-series-2025-m235i-xdrive","2025","BMW","2 Series","M235i xDrive","","luxury_sedan","bmw","cbs_condition_based","B","https://www.bmwusa.com/content/dam/bmw/marketUS/common/warranty-books/2025/BMW_MY25_Maintenance_with_BEVs.pdf","","maintenance_booklet","The BMW Maintenance System / Maintenance Service Summary","yes","bmw-2-series-2025-230i","32","200","application/pdf","9f556e4ec58b90ae1d5e97808a45dfb379ce2768faddb638f0995ffb3fffeca0","0.88","Schedule shared across trims per manual_share_policy; official US model-year BMW Maintenance booklet; extractable CBS and Maintenance Service Summary; shared from bmw-2-series-2025-230i. URL verification passed: HTTP 200, application/pdf, %PDF magic, 633540 bytes. v2 retry validation passed 2026-07-26: HTTP 200, application/pdf, %PDF magic, 633540 bytes, SHA-256 9f556e4ec58b90ae1d5e97808a45dfb379ce2768faddb638f0995ffb3fffeca0. Source discovery is valid; remaining dual_extract_mismatch state requires extractor or creator-review remediation.",""
"48","bmw-2-series-2024-230i","2024","BMW","2 Series","230i","","luxury_sedan","bmw","cbs_condition_based","B","https://www.bmwusa.com/content/dam/bmw/marketUS/common/warranty-books/2024/BMW_MY_2024_All_Models_Maintenance_with_BEVs_PC2_4C.pdf","","maintenance_booklet","The BMW Maintenance System / Maintenance Service Summary","no","","36","200","application/pdf","5b0d2ac407e169e5e3bae42bd49c59cf42e6b6cb0f98f41befbc8112c1e84aec","0.90","Official US model-year BMW Maintenance booklet; extractable CBS and Maintenance Service Summary; canonical source for same-MY 2 Series trims. URL verification passed: HTTP 200, application/pdf, %PDF magic, 445964 bytes. v2 retry validation passed 2026-07-26: HTTP 200, application/pdf, %PDF magic, 445964 bytes, SHA-256 5b0d2ac407e169e5e3bae42bd49c59cf42e6b6cb0f98f41befbc8112c1e84aec. Source discovery is valid; remaining dual_extract_mismatch state requires extractor or creator-review remediation.",""
"49","bmw-2-series-2024-m235i-xdrive","2024","BMW","2 Series","M235i xDrive","","luxury_sedan","bmw","cbs_condition_based","B","https://www.bmwusa.com/content/dam/bmw/marketUS/common/warranty-books/2024/BMW_MY_2024_All_Models_Maintenance_with_BEVs_PC2_4C.pdf","","maintenance_booklet","The BMW Maintenance System / Maintenance Service Summary","yes","bmw-2-series-2024-230i","36","200","application/pdf","5b0d2ac407e169e5e3bae42bd49c59cf42e6b6cb0f98f41befbc8112c1e84aec","0.88","Schedule shared across trims per manual_share_policy; official US model-year BMW Maintenance booklet; extractable CBS and Maintenance Service Summary; shared from bmw-2-series-2024-230i. URL verification passed: HTTP 200, application/pdf, %PDF magic, 445964 bytes. v2 retry validation passed 2026-07-26: HTTP 200, application/pdf, %PDF magic, 445964 bytes, SHA-256 5b0d2ac407e169e5e3bae42bd49c59cf42e6b6cb0f98f41befbc8112c1e84aec. Source discovery is valid; remaining dual_extract_mismatch state requires extractor or creator-review remediation.",""
"50","bmw-2-series-2023-230i","2023","BMW","2 Series","230i","","luxury_sedan","bmw","cbs_condition_based","B","https://www.bmwusa.com/content/dam/bmw/marketUS/common/warranty-books/2023/BMW-MY-2023-All-Models-Maintenance-(On-line).pdf","","maintenance_booklet","The BMW Maintenance System / Maintenance Service Summary","no","","24","200","application/pdf","f77926d943328b1465e48c161e2151b0e310dd3f3c24e8c693452025157bb4d3","0.90","Official US model-year BMW Maintenance booklet; extractable CBS and Maintenance Service Summary; canonical source for same-MY 2 Series trims. URL verification passed: HTTP 200, application/pdf, %PDF magic, 836848 bytes. v2 retry validation passed 2026-07-26: HTTP 200, application/pdf, %PDF magic, 836848 bytes, SHA-256 f77926d943328b1465e48c161e2151b0e310dd3f3c24e8c693452025157bb4d3. Source discovery is valid; remaining dual_extract_mismatch state requires extractor or creator-review remediation.",""
"51","bmw-2-series-2023-m235i-xdrive","2023","BMW","2 Series","M235i xDrive","","luxury_sedan","bmw","cbs_condition_based","B","https://www.bmwusa.com/content/dam/bmw/marketUS/common/warranty-books/2023/BMW-MY-2023-All-Models-Maintenance-(On-line).pdf","","maintenance_booklet","The BMW Maintenance System / Maintenance Service Summary","yes","bmw-2-series-2023-230i","24","200","application/pdf","f77926d943328b1465e48c161e2151b0e310dd3f3c24e8c693452025157bb4d3","0.88","Schedule shared per manual_share_policy=shared_within_model_year; official US model-year BMW Maintenance booklet; extractable CBS and Maintenance Service Summary; shared from bmw-2-series-2023-230i. URL verification passed: HTTP 200, application/pdf, %PDF magic, 836848 bytes. v2 retry validation passed 2026-07-26: HTTP 200, application/pdf, %PDF magic, 836848 bytes, SHA-256 f77926d943328b1465e48c161e2151b0e310dd3f3c24e8c693452025157bb4d3. Source discovery is valid; remaining dual_extract_mismatch state requires extractor or creator-review remediation.",""
"52","bmw-2-series-2022-230i","2022","BMW","2 Series","230i","","luxury_sedan","bmw","cbs_condition_based","B","https://www.bmwusa.com/content/dam/bmw/marketUS/common/warranty-books/2022/BMW_2022_All_Models_Maintenance_ADA.pdf","","maintenance_booklet","The BMW Maintenance System / Maintenance Service Summary","no","","27","200","application/pdf","bde6822fd8b30af841919e52d6f192e5ebdd07a0cde44e852d91db022bae0cfb","0.90","Official US model-year BMW Maintenance booklet; extractable CBS and Maintenance Service Summary; canonical source for same-MY 2 Series packs. URL verification passed: HTTP 200, application/pdf, %PDF magic, 921173 bytes. v2 retry validation passed 2026-07-26: HTTP 200, application/pdf, %PDF magic, 921173 bytes, SHA-256 bde6822fd8b30af841919e52d6f192e5ebdd07a0cde44e852d91db022bae0cfb. Source discovery is valid; remaining dual_extract_mismatch state requires extractor or creator-review remediation.",""
"53","bmw-2-series-2022-m235i-xdrive","2022","BMW","2 Series","M235i xDrive","","luxury_sedan","bmw","cbs_condition_based","B","https://www.bmwusa.com/content/dam/bmw/marketUS/common/warranty-books/2022/BMW_2022_All_Models_Maintenance_ADA.pdf","","maintenance_booklet","The BMW Maintenance System / Maintenance Service Summary","yes","bmw-2-series-2022-230i","27","200","application/pdf","bde6822fd8b30af841919e52d6f192e5ebdd07a0cde44e852d91db022bae0cfb","0.88","Schedule shared per manual_share_policy=shared_within_model_year; official US model-year BMW Maintenance booklet; extractable CBS and Maintenance Service Summary; shared from bmw-2-series-2022-230i. URL verification passed: HTTP 200, application/pdf, %PDF magic, 921173 bytes. v2 retry validation passed 2026-07-26: HTTP 200, application/pdf, %PDF magic, 921173 bytes, SHA-256 bde6822fd8b30af841919e52d6f192e5ebdd07a0cde44e852d91db022bae0cfb. Source discovery is valid; remaining dual_extract_mismatch state requires extractor or creator-review remediation.",""
"54","bmw-2-series-2021-230i","2021","BMW","2 Series","230i","","luxury_sedan","bmw","cbs_condition_based","B","https://www.bmwusa.com/content/dam/bmw/marketUS/common/warranty-books/2021/5A1BC92_21MY_BMW_Maintenance_FINAL_Print_withCover_111220.pdf","","maintenance_booklet","The BMW Maintenance System / Maintenance Service Summary","no","","26","200","application/pdf","3596c1ae0c3e8a25be5da00290b807bebcc75ecacbb8eb102a539622fd63b317","0.90","Official US model-year BMW Maintenance booklet; extractable CBS and Maintenance Service Summary; canonical source for same-MY 2 Series packs. URL verification passed: HTTP 200, application/pdf, %PDF magic, 1346051 bytes. v2 retry validation passed 2026-07-26: HTTP 200, application/pdf, %PDF magic, 1346051 bytes, SHA-256 3596c1ae0c3e8a25be5da00290b807bebcc75ecacbb8eb102a539622fd63b317. Source discovery is valid; remaining dual_extract_mismatch state requires extractor or creator-review remediation.",""
"55","bmw-2-series-2021-m235i-xdrive","2021","BMW","2 Series","M235i xDrive","","luxury_sedan","bmw","cbs_condition_based","B","https://www.bmwusa.com/content/dam/bmw/marketUS/common/warranty-books/2021/5A1BC92_21MY_BMW_Maintenance_FINAL_Print_withCover_111220.pdf","","maintenance_booklet","The BMW Maintenance System / Maintenance Service Summary","yes","bmw-2-series-2021-230i","26","200","application/pdf","3596c1ae0c3e8a25be5da00290b807bebcc75ecacbb8eb102a539622fd63b317","0.88","Schedule shared per manual_share_policy=shared_within_model_year; official US model-year BMW Maintenance booklet; extractable CBS and Maintenance Service Summary; shared from bmw-2-series-2021-230i. URL verification passed: HTTP 200, application/pdf, %PDF magic, 1346051 bytes. v2 retry validation passed 2026-07-26: HTTP 200, application/pdf, %PDF magic, 1346051 bytes, SHA-256 3596c1ae0c3e8a25be5da00290b807bebcc75ecacbb8eb102a539622fd63b317. Source discovery is valid; remaining dual_extract_mismatch state requires extractor or creator-review remediation.",""
"56","bmw-2-series-2020-230i","2020","BMW","2 Series","230i","","luxury_sedan","bmw","cbs_condition_based","B","https://www.bmwusa.com/content/dam/bmw/marketUS/common/warranty-books/2020/5A0BC07_20MY_BMW_Maintenance_FINAL_Print_withCover_042220.pdf","","maintenance_booklet","The BMW Maintenance System / Maintenance Service Summary","no","","27","200","application/pdf","54ce5e875bee4f11673c2ab308f5a776e136a254dd87d9ed6af304b52cd7db2a","0.90","Official US model-year BMW Maintenance booklet; extractable CBS and Maintenance Service Summary; canonical source for same-MY 2 Series packs. URL verification passed: HTTP 200, application/pdf, %PDF magic, 2042684 bytes. v2 retry validation passed 2026-07-26: HTTP 200, application/pdf, %PDF magic, 2042684 bytes, SHA-256 54ce5e875bee4f11673c2ab308f5a776e136a254dd87d9ed6af304b52cd7db2a. Source discovery is valid; remaining dual_extract_mismatch state requires extractor or creator-review remediation.",""
"57","bmw-2-series-2020-m235i-xdrive","2020","BMW","2 Series","M235i xDrive","","luxury_sedan","bmw","cbs_condition_based","B","https://www.bmwusa.com/content/dam/bmw/marketUS/common/warranty-books/2020/5A0BC07_20MY_BMW_Maintenance_FINAL_Print_withCover_042220.pdf","","maintenance_booklet","The BMW Maintenance System / Maintenance Service Summary","yes","bmw-2-series-2020-230i","27","200","application/pdf","54ce5e875bee4f11673c2ab308f5a776e136a254dd87d9ed6af304b52cd7db2a","0.88","Schedule shared per manual_share_policy=shared_within_model_year; official US model-year BMW Maintenance booklet; extractable CBS and Maintenance Service Summary; shared from bmw-2-series-2020-230i. URL verification passed: HTTP 200, application/pdf, %PDF magic, 2042684 bytes. v2 retry validation passed 2026-07-26: HTTP 200, application/pdf, %PDF magic, 2042684 bytes, SHA-256 54ce5e875bee4f11673c2ab308f5a776e136a254dd87d9ed6af304b52cd7db2a. Source discovery is valid; remaining dual_extract_mismatch state requires extractor or creator-review remediation.",""
"58","bmw-4-series-2025-430i","2025","BMW","4 Series","430i","","luxury_sedan","bmw","cbs_condition_based","B","https://www.bmwusa.com/content/dam/bmw/marketUS/common/warranty-books/2025/BMW_MY25_Maintenance_with_BEVs.pdf","","maintenance_booklet","The BMW Maintenance System / Maintenance Service Summary","no","","32","200","application/pdf","9f556e4ec58b90ae1d5e97808a45dfb379ce2768faddb638f0995ffb3fffeca0","0.90","Official US model-year BMW Maintenance booklet; extractable CBS and Maintenance Service Summary; canonical source for same-MY 4 Series packs. URL verification passed: HTTP 200, application/pdf, %PDF magic, 633540 bytes. v2 retry validation passed 2026-07-26: HTTP 200, application/pdf, %PDF magic, 633540 bytes, SHA-256 9f556e4ec58b90ae1d5e97808a45dfb379ce2768faddb638f0995ffb3fffeca0. Source discovery is valid; remaining dual_extract_mismatch state requires extractor or creator-review remediation.",""
"59","bmw-4-series-2025-m440i","2025","BMW","4 Series","M440i","","luxury_sedan","bmw","cbs_condition_based","B","https://www.bmwusa.com/content/dam/bmw/marketUS/common/warranty-books/2025/BMW_MY25_Maintenance_with_BEVs.pdf","","maintenance_booklet","The BMW Maintenance System / Maintenance Service Summary","yes","bmw-4-series-2025-430i","32","200","application/pdf","9f556e4ec58b90ae1d5e97808a45dfb379ce2768faddb638f0995ffb3fffeca0","0.88","Schedule shared per manual_share_policy=shared_g22_generation; official US model-year BMW Maintenance booklet; extractable CBS and Maintenance Service Summary; shared from bmw-4-series-2025-430i. URL verification passed: HTTP 200, application/pdf, %PDF magic, 633540 bytes. v2 retry validation passed 2026-07-26: HTTP 200, application/pdf, %PDF magic, 633540 bytes, SHA-256 9f556e4ec58b90ae1d5e97808a45dfb379ce2768faddb638f0995ffb3fffeca0. Source discovery is valid; remaining dual_extract_mismatch state requires extractor or creator-review remediation.",""
"60","bmw-4-series-2024-430i","2024","BMW","4 Series","430i","","luxury_sedan","bmw","cbs_condition_based","B","https://www.bmwusa.com/content/dam/bmw/marketUS/common/warranty-books/2024/BMW_MY_2024_All_Models_Maintenance_with_BEVs_PC2_4C.pdf","","maintenance_booklet","The BMW Maintenance System / Maintenance Service Summary","no","","36","200","application/pdf","5b0d2ac407e169e5e3bae42bd49c59cf42e6b6cb0f98f41befbc8112c1e84aec","0.90","Official US model-year BMW Maintenance booklet; extractable CBS and Maintenance Service Summary; canonical source for same-MY 4 Series packs. URL verification passed: HTTP 200, application/pdf, %PDF magic, 445964 bytes. v2 retry validation passed 2026-07-26: HTTP 200, application/pdf, %PDF magic, 445964 bytes, SHA-256 5b0d2ac407e169e5e3bae42bd49c59cf42e6b6cb0f98f41befbc8112c1e84aec. Source discovery is valid; remaining dual_extract_mismatch state requires extractor or creator-review remediation.",""
"61","bmw-4-series-2024-m440i","2024","BMW","4 Series","M440i","","luxury_sedan","bmw","cbs_condition_based","B","https://www.bmwusa.com/content/dam/bmw/marketUS/common/warranty-books/2024/BMW_MY_2024_All_Models_Maintenance_with_BEVs_PC2_4C.pdf","","maintenance_booklet","The BMW Maintenance System / Maintenance Service Summary","yes","bmw-4-series-2024-430i","36","200","application/pdf","5b0d2ac407e169e5e3bae42bd49c59cf42e6b6cb0f98f41befbc8112c1e84aec","0.88","Schedule shared per manual_share_policy=shared_g22_generation; official US model-year BMW Maintenance booklet; extractable CBS and Maintenance Service Summary; shared from bmw-4-series-2024-430i. URL verification passed: HTTP 200, application/pdf, %PDF magic, 445964 bytes. v2 retry validation passed 2026-07-26: HTTP 200, application/pdf, %PDF magic, 445964 bytes, SHA-256 5b0d2ac407e169e5e3bae42bd49c59cf42e6b6cb0f98f41befbc8112c1e84aec. Source discovery is valid; remaining dual_extract_mismatch state requires extractor or creator-review remediation.",""
"62","bmw-4-series-2023-430i","2023","BMW","4 Series","430i","","luxury_sedan","bmw","cbs_condition_based","B","https://www.bmwusa.com/content/dam/bmw/marketUS/common/warranty-books/2023/BMW-MY-2023-All-Models-Maintenance-(On-line).pdf","","maintenance_booklet","The BMW Maintenance System / Maintenance Service Summary","no","","24","200","application/pdf","f77926d943328b1465e48c161e2151b0e310dd3f3c24e8c693452025157bb4d3","0.90","Official US model-year BMW Maintenance booklet; extractable CBS and Maintenance Service Summary; canonical source for same-MY 4 Series packs. URL verification passed: HTTP 200, application/pdf, %PDF magic, 836848 bytes. v2 retry validation passed 2026-07-26: HTTP 200, application/pdf, %PDF magic, 836848 bytes, SHA-256 f77926d943328b1465e48c161e2151b0e310dd3f3c24e8c693452025157bb4d3. Source discovery is valid; remaining dual_extract_mismatch state requires extractor or creator-review remediation.",""
"63","bmw-4-series-2023-m440i","2023","BMW","4 Series","M440i","","luxury_sedan","bmw","cbs_condition_based","B","https://www.bmwusa.com/content/dam/bmw/marketUS/common/warranty-books/2023/BMW-MY-2023-All-Models-Maintenance-(On-line).pdf","","maintenance_booklet","The BMW Maintenance System / Maintenance Service Summary","yes","bmw-4-series-2023-430i","24","200","application/pdf","f77926d943328b1465e48c161e2151b0e310dd3f3c24e8c693452025157bb4d3","0.88","Schedule shared per manual_share_policy=shared_g22_generation; official US model-year BMW Maintenance booklet; extractable CBS and Maintenance Service Summary; shared from bmw-4-series-2023-430i. URL verification passed: HTTP 200, application/pdf, %PDF magic, 836848 bytes. v2 retry validation passed 2026-07-26: HTTP 200, application/pdf, %PDF magic, 836848 bytes, SHA-256 f77926d943328b1465e48c161e2151b0e310dd3f3c24e8c693452025157bb4d3. Source discovery is valid; remaining dual_extract_mismatch state requires extractor or creator-review remediation.",""
"64","bmw-4-series-2022-430i","2022","BMW","4 Series","430i","","luxury_sedan","bmw","cbs_condition_based","B","https://www.bmwusa.com/content/dam/bmw/marketUS/common/warranty-books/2022/BMW_2022_All_Models_Maintenance_ADA.pdf","","maintenance_booklet","The BMW Maintenance System / Maintenance Service Summary","no","","27","200","application/pdf","bde6822fd8b30af841919e52d6f192e5ebdd07a0cde44e852d91db022bae0cfb","0.90","Official US model-year BMW Maintenance booklet; extractable CBS and Maintenance Service Summary; canonical source for same-MY 4 Series packs. URL verification passed: HTTP 200, application/pdf, %PDF magic, 921173 bytes. v2 retry validation passed 2026-07-26: HTTP 200, application/pdf, %PDF magic, 921173 bytes, SHA-256 bde6822fd8b30af841919e52d6f192e5ebdd07a0cde44e852d91db022bae0cfb. Source discovery is valid; remaining dual_extract_mismatch state requires extractor or creator-review remediation.",""
"65","bmw-4-series-2022-m440i","2022","BMW","4 Series","M440i","","luxury_sedan","bmw","cbs_condition_based","B","https://www.bmwusa.com/content/dam/bmw/marketUS/common/warranty-books/2022/BMW_2022_All_Models_Maintenance_ADA.pdf","","maintenance_booklet","The BMW Maintenance System / Maintenance Service Summary","yes","bmw-4-series-2022-430i","27","200","application/pdf","bde6822fd8b30af841919e52d6f192e5ebdd07a0cde44e852d91db022bae0cfb","0.88","Schedule shared per manual_share_policy=shared_g22_generation; official US model-year BMW Maintenance booklet; extractable CBS and Maintenance Service Summary; shared from bmw-4-series-2022-430i. URL verification passed: HTTP 200, application/pdf, %PDF magic, 921173 bytes. v2 retry validation passed 2026-07-26: HTTP 200, application/pdf, %PDF magic, 921173 bytes, SHA-256 bde6822fd8b30af841919e52d6f192e5ebdd07a0cde44e852d91db022bae0cfb. Source discovery is valid; remaining dual_extract_mismatch state requires extractor or creator-review remediation.",""
"66","bmw-4-series-2021-430i","2021","BMW","4 Series","430i","","luxury_sedan","bmw","cbs_condition_based","B","https://www.bmwusa.com/content/dam/bmw/marketUS/common/warranty-books/2021/5A1BC92_21MY_BMW_Maintenance_FINAL_Print_withCover_111220.pdf","","maintenance_booklet","The BMW Maintenance System / Maintenance Service Summary","no","","26","200","application/pdf","3596c1ae0c3e8a25be5da00290b807bebcc75ecacbb8eb102a539622fd63b317","0.90","Official US model-year BMW Maintenance booklet; extractable CBS and Maintenance Service Summary; canonical source for same-MY 4 Series packs. URL verification passed: HTTP 200, application/pdf, %PDF magic, 1346051 bytes. v2 retry validation passed 2026-07-26: HTTP 200, application/pdf, %PDF magic, 1346051 bytes, SHA-256 3596c1ae0c3e8a25be5da00290b807bebcc75ecacbb8eb102a539622fd63b317. Source discovery is valid; remaining dual_extract_mismatch state requires extractor or creator-review remediation.",""
"67","bmw-4-series-2021-m440i","2021","BMW","4 Series","M440i","","luxury_sedan","bmw","cbs_condition_based","B","https://www.bmwusa.com/content/dam/bmw/marketUS/common/warranty-books/2021/5A1BC92_21MY_BMW_Maintenance_FINAL_Print_withCover_111220.pdf","","maintenance_booklet","The BMW Maintenance System / Maintenance Service Summary","yes","bmw-4-series-2021-430i","26","200","application/pdf","3596c1ae0c3e8a25be5da00290b807bebcc75ecacbb8eb102a539622fd63b317","0.88","Schedule shared per manual_share_policy=shared_g22_generation; official US model-year BMW Maintenance booklet; extractable CBS and Maintenance Service Summary; shared from bmw-4-series-2021-430i. URL verification passed: HTTP 200, application/pdf, %PDF magic, 1346051 bytes. v2 retry validation passed 2026-07-26: HTTP 200, application/pdf, %PDF magic, 1346051 bytes, SHA-256 3596c1ae0c3e8a25be5da00290b807bebcc75ecacbb8eb102a539622fd63b317. Source discovery is valid; remaining dual_extract_mismatch state requires extractor or creator-review remediation.",""
"68","bmw-x1-2025-sdrive28i","2025","BMW","X1","sDrive28i","","luxury_suv","bmw","cbs_condition_based","B","https://www.bmwusa.com/content/dam/bmw/marketUS/common/warranty-books/2025/BMW_MY25_Maintenance_with_BEVs.pdf","","maintenance_booklet","The BMW Maintenance System / Maintenance Service Summary","no","","32","200","application/pdf","9f556e4ec58b90ae1d5e97808a45dfb379ce2768faddb638f0995ffb3fffeca0","0.90","Official US model-year BMW Maintenance booklet; extractable CBS and Maintenance Service Summary; canonical source for same-MY X1 packs. URL verification passed: HTTP 200, application/pdf, %PDF magic, 633540 bytes. v2 retry validation passed 2026-07-26: HTTP 200, application/pdf, %PDF magic, 633540 bytes, SHA-256 9f556e4ec58b90ae1d5e97808a45dfb379ce2768faddb638f0995ffb3fffeca0. Source discovery is valid; remaining dual_extract_mismatch state requires extractor or creator-review remediation.",""
"69","bmw-x1-2025-xdrive28i","2025","BMW","X1","xDrive28i","","luxury_suv","bmw","cbs_condition_based","B","https://www.bmwusa.com/content/dam/bmw/marketUS/common/warranty-books/2025/BMW_MY25_Maintenance_with_BEVs.pdf","","maintenance_booklet","The BMW Maintenance System / Maintenance Service Summary","yes","bmw-x1-2025-sdrive28i","32","200","application/pdf","9f556e4ec58b90ae1d5e97808a45dfb379ce2768faddb638f0995ffb3fffeca0","0.88","Schedule shared per manual_share_policy=shared_within_generation; official US model-year BMW Maintenance booklet; extractable CBS and Maintenance Service Summary; shared from bmw-x1-2025-sdrive28i. URL verification passed: HTTP 200, application/pdf, %PDF magic, 633540 bytes. v2 retry validation passed 2026-07-26: HTTP 200, application/pdf, %PDF magic, 633540 bytes, SHA-256 9f556e4ec58b90ae1d5e97808a45dfb379ce2768faddb638f0995ffb3fffeca0. Source discovery is valid; remaining dual_extract_mismatch state requires extractor or creator-review remediation.",""
"70","bmw-x1-2024-sdrive28i","2024","BMW","X1","sDrive28i","","luxury_suv","bmw","cbs_condition_based","B","https://www.bmwusa.com/content/dam/bmw/marketUS/common/warranty-books/2024/BMW_MY_2024_All_Models_Maintenance_with_BEVs_PC2_4C.pdf","","maintenance_booklet","The BMW Maintenance System / Maintenance Service Summary","no","","36","200","application/pdf","5b0d2ac407e169e5e3bae42bd49c59cf42e6b6cb0f98f41befbc8112c1e84aec","0.90","Official US model-year BMW Maintenance booklet; extractable CBS and Maintenance Service Summary; canonical source for same-MY X1 packs. URL verification passed: HTTP 200, application/pdf, %PDF magic, 445964 bytes. v2 retry validation passed 2026-07-26: HTTP 200, application/pdf, %PDF magic, 445964 bytes, SHA-256 5b0d2ac407e169e5e3bae42bd49c59cf42e6b6cb0f98f41befbc8112c1e84aec. Source discovery is valid; remaining dual_extract_mismatch state requires extractor or creator-review remediation.",""
"71","bmw-x1-2024-xdrive28i","2024","BMW","X1","xDrive28i","","luxury_suv","bmw","cbs_condition_based","B","https://www.bmwusa.com/content/dam/bmw/marketUS/common/warranty-books/2024/BMW_MY_2024_All_Models_Maintenance_with_BEVs_PC2_4C.pdf","","maintenance_booklet","The BMW Maintenance System / Maintenance Service Summary","yes","bmw-x1-2024-sdrive28i","36","200","application/pdf","5b0d2ac407e169e5e3bae42bd49c59cf42e6b6cb0f98f41befbc8112c1e84aec","0.88","Schedule shared per manual_share_policy=shared_within_generation; official US model-year BMW Maintenance booklet; extractable CBS and Maintenance Service Summary; shared from bmw-x1-2024-sdrive28i. URL verification passed: HTTP 200, application/pdf, %PDF magic, 445964 bytes. v2 retry validation passed 2026-07-26: HTTP 200, application/pdf, %PDF magic, 445964 bytes, SHA-256 5b0d2ac407e169e5e3bae42bd49c59cf42e6b6cb0f98f41befbc8112c1e84aec. Source discovery is valid; remaining dual_extract_mismatch state requires extractor or creator-review remediation.",""
"72","bmw-x1-2023-sdrive28i","2023","BMW","X1","sDrive28i","","luxury_suv","bmw","cbs_condition_based","B","https://www.bmwusa.com/content/dam/bmw/marketUS/common/warranty-books/2023/BMW-MY-2023-All-Models-Maintenance-(On-line).pdf","","maintenance_booklet","The BMW Maintenance System / Maintenance Service Summary","no","","24","200","application/pdf","f77926d943328b1465e48c161e2151b0e310dd3f3c24e8c693452025157bb4d3","0.90","Official US model-year BMW Maintenance booklet; extractable CBS and Maintenance Service Summary; canonical source for same-MY X1 packs. URL verification passed: HTTP 200, application/pdf, %PDF magic, 836848 bytes. v2 retry validation passed 2026-07-26: HTTP 200, application/pdf, %PDF magic, 836848 bytes, SHA-256 f77926d943328b1465e48c161e2151b0e310dd3f3c24e8c693452025157bb4d3. Source discovery is valid; remaining dual_extract_mismatch state requires extractor or creator-review remediation.",""
"73","bmw-x1-2023-xdrive28i","2023","BMW","X1","xDrive28i","","luxury_suv","bmw","cbs_condition_based","B","https://www.bmwusa.com/content/dam/bmw/marketUS/common/warranty-books/2023/BMW-MY-2023-All-Models-Maintenance-(On-line).pdf","","maintenance_booklet","The BMW Maintenance System / Maintenance Service Summary","yes","bmw-x1-2023-sdrive28i","24","200","application/pdf","f77926d943328b1465e48c161e2151b0e310dd3f3c24e8c693452025157bb4d3","0.88","Schedule shared per manual_share_policy=shared_within_generation; official US model-year BMW Maintenance booklet; extractable CBS and Maintenance Service Summary; shared from bmw-x1-2023-sdrive28i. URL verification passed: HTTP 200, application/pdf, %PDF magic, 836848 bytes. v2 retry validation passed 2026-07-26: HTTP 200, application/pdf, %PDF magic, 836848 bytes, SHA-256 f77926d943328b1465e48c161e2151b0e310dd3f3c24e8c693452025157bb4d3. Source discovery is valid; remaining dual_extract_mismatch state requires extractor or creator-review remediation.",""
"74","bmw-x1-2022-sdrive28i","2022","BMW","X1","sDrive28i","","luxury_suv","bmw","cbs_condition_based","B","https://www.bmwusa.com/content/dam/bmw/marketUS/common/warranty-books/2022/BMW_2022_All_Models_Maintenance_ADA.pdf","","maintenance_booklet","The BMW Maintenance System / Maintenance Service Summary","no","","27","200","application/pdf","bde6822fd8b30af841919e52d6f192e5ebdd07a0cde44e852d91db022bae0cfb","0.90","Official US model-year BMW Maintenance booklet; extractable CBS and Maintenance Service Summary; canonical source for same-MY X1 packs. URL verification passed: HTTP 200, application/pdf, %PDF magic, 921173 bytes. v2 retry validation passed 2026-07-26: HTTP 200, application/pdf, %PDF magic, 921173 bytes, SHA-256 bde6822fd8b30af841919e52d6f192e5ebdd07a0cde44e852d91db022bae0cfb. Source discovery is valid; remaining dual_extract_mismatch state requires extractor or creator-review remediation.",""
"75","bmw-x1-2022-xdrive28i","2022","BMW","X1","xDrive28i","","luxury_suv","bmw","cbs_condition_based","B","https://www.bmwusa.com/content/dam/bmw/marketUS/common/warranty-books/2022/BMW_2022_All_Models_Maintenance_ADA.pdf","","maintenance_booklet","The BMW Maintenance System / Maintenance Service Summary","yes","bmw-x1-2022-sdrive28i","27","200","application/pdf","bde6822fd8b30af841919e52d6f192e5ebdd07a0cde44e852d91db022bae0cfb","0.88","Schedule shared per manual_share_policy=shared_within_generation; official US model-year BMW Maintenance booklet; extractable CBS and Maintenance Service Summary; shared from bmw-x1-2022-sdrive28i. URL verification passed: HTTP 200, application/pdf, %PDF magic, 921173 bytes. v2 retry validation passed 2026-07-26: HTTP 200, application/pdf, %PDF magic, 921173 bytes, SHA-256 bde6822fd8b30af841919e52d6f192e5ebdd07a0cde44e852d91db022bae0cfb. Source discovery is valid; remaining dual_extract_mismatch state requires extractor or creator-review remediation.",""
"76","bmw-x1-2021-sdrive28i","2021","BMW","X1","sDrive28i","","luxury_suv","bmw","cbs_condition_based","B","https://www.bmwusa.com/content/dam/bmw/marketUS/common/warranty-books/2021/5A1BC92_21MY_BMW_Maintenance_FINAL_Print_withCover_111220.pdf","","maintenance_booklet","The BMW Maintenance System / Maintenance Service Summary","no","","26","200","application/pdf","3596c1ae0c3e8a25be5da00290b807bebcc75ecacbb8eb102a539622fd63b317","0.90","Official US model-year BMW Maintenance booklet; extractable CBS and Maintenance Service Summary; canonical source for same-MY X1 packs. URL verification passed: HTTP 200, application/pdf, %PDF magic, 1346051 bytes. v2 retry validation passed 2026-07-26: HTTP 200, application/pdf, %PDF magic, 1346051 bytes, SHA-256 3596c1ae0c3e8a25be5da00290b807bebcc75ecacbb8eb102a539622fd63b317. Source discovery is valid; remaining dual_extract_mismatch state requires extractor or creator-review remediation.",""
"77","bmw-x1-2021-xdrive28i","2021","BMW","X1","xDrive28i","","luxury_suv","bmw","cbs_condition_based","B","https://www.bmwusa.com/content/dam/bmw/marketUS/common/warranty-books/2021/5A1BC92_21MY_BMW_Maintenance_FINAL_Print_withCover_111220.pdf","","maintenance_booklet","The BMW Maintenance System / Maintenance Service Summary","yes","bmw-x1-2021-sdrive28i","26","200","application/pdf","3596c1ae0c3e8a25be5da00290b807bebcc75ecacbb8eb102a539622fd63b317","0.88","Schedule shared per manual_share_policy=shared_within_generation; official US model-year BMW Maintenance booklet; extractable CBS and Maintenance Service Summary; shared from bmw-x1-2021-sdrive28i. URL verification passed: HTTP 200, application/pdf, %PDF magic, 1346051 bytes. v2 retry validation passed 2026-07-26: HTTP 200, application/pdf, %PDF magic, 1346051 bytes, SHA-256 3596c1ae0c3e8a25be5da00290b807bebcc75ecacbb8eb102a539622fd63b317. Source discovery is valid; remaining dual_extract_mismatch state requires extractor or creator-review remediation.",""
"78","bmw-x1-2020-sdrive28i","2020","BMW","X1","sDrive28i","","luxury_suv","bmw","cbs_condition_based","B","https://www.bmwusa.com/content/dam/bmw/marketUS/common/warranty-books/2020/5A0BC07_20MY_BMW_Maintenance_FINAL_Print_withCover_042220.pdf","","maintenance_booklet","The BMW Maintenance System / Maintenance Service Summary","no","","27","200","application/pdf","54ce5e875bee4f11673c2ab308f5a776e136a254dd87d9ed6af304b52cd7db2a","0.90","Official US model-year BMW Maintenance booklet; extractable CBS and Maintenance Service Summary; canonical source for same-MY X1 packs. URL verification passed: HTTP 200, application/pdf, %PDF magic, 2042684 bytes. v2 retry validation passed 2026-07-26: HTTP 200, application/pdf, %PDF magic, 2042684 bytes, SHA-256 54ce5e875bee4f11673c2ab308f5a776e136a254dd87d9ed6af304b52cd7db2a. Source discovery is valid; remaining dual_extract_mismatch state requires extractor or creator-review remediation.",""
"79","bmw-x1-2020-xdrive28i","2020","BMW","X1","xDrive28i","","luxury_suv","bmw","cbs_condition_based","B","https://www.bmwusa.com/content/dam/bmw/marketUS/common/warranty-books/2020/5A0BC07_20MY_BMW_Maintenance_FINAL_Print_withCover_042220.pdf","","maintenance_booklet","The BMW Maintenance System / Maintenance Service Summary","yes","bmw-x1-2020-sdrive28i","27","200","application/pdf","54ce5e875bee4f11673c2ab308f5a776e136a254dd87d9ed6af304b52cd7db2a","0.88","Schedule shared per manual_share_policy=shared_within_generation; official US model-year BMW Maintenance booklet; extractable CBS and Maintenance Service Summary; shared from bmw-x1-2020-sdrive28i. URL verification passed: HTTP 200, application/pdf, %PDF magic, 2042684 bytes. v2 retry validation passed 2026-07-26: HTTP 200, application/pdf, %PDF magic, 2042684 bytes, SHA-256 54ce5e875bee4f11673c2ab308f5a776e136a254dd87d9ed6af304b52cd7db2a. Source discovery is valid; remaining dual_extract_mismatch state requires extractor or creator-review remediation.",""
"80","bmw-x1-2019-sdrive28i","2019","BMW","X1","sDrive28i","","luxury_suv","bmw","cbs_condition_based","B","https://www.bmwusa.com/content/dam/bmw/marketUS/common/warranty-books/2019/2019-BMW-Maintenance.pdf","","maintenance_booklet","The BMW Maintenance System / Maintenance Service Summary","no","","36","200","application/pdf","9378017163d6ff1a1e9b6f6ff519474d05832c448db619a36edc573a1dcd259e","0.90","Official US model-year BMW Maintenance booklet; extractable CBS and Maintenance Service Summary; canonical source for same-MY X1 packs. URL verification passed: HTTP 200, application/pdf, %PDF magic, 1027813 bytes. v2 retry validation passed 2026-07-26: HTTP 200, application/pdf, %PDF magic, 1027813 bytes, SHA-256 9378017163d6ff1a1e9b6f6ff519474d05832c448db619a36edc573a1dcd259e. Source discovery is valid; remaining dual_extract_mismatch state requires extractor or creator-review remediation.",""
"81","bmw-x1-2019-xdrive28i","2019","BMW","X1","xDrive28i","","luxury_suv","bmw","cbs_condition_based","B","https://www.bmwusa.com/content/dam/bmw/marketUS/common/warranty-books/2019/2019-BMW-Maintenance.pdf","","maintenance_booklet","The BMW Maintenance System / Maintenance Service Summary","yes","bmw-x1-2019-sdrive28i","36","200","application/pdf","9378017163d6ff1a1e9b6f6ff519474d05832c448db619a36edc573a1dcd259e","0.88","Schedule shared per manual_share_policy=shared_within_generation; official US model-year BMW Maintenance booklet; extractable CBS and Maintenance Service Summary; shared from bmw-x1-2019-sdrive28i. URL verification passed: HTTP 200, application/pdf, %PDF magic, 1027813 bytes. v2 retry validation passed 2026-07-26: HTTP 200, application/pdf, %PDF magic, 1027813 bytes, SHA-256 9378017163d6ff1a1e9b6f6ff519474d05832c448db619a36edc573a1dcd259e. Source discovery is valid; remaining dual_extract_mismatch state requires extractor or creator-review remediation.",""
"82","bmw-x1-2018-sdrive28i","2018","BMW","X1","sDrive28i","","luxury_suv","bmw","cbs_condition_based","B","https://www.bmwusa.com/content/dam/bmw/marketUS/common/warranty-books/2018/2018-BMW-Maintenance.pdf","","maintenance_booklet","The BMW Maintenance System / Maintenance Service Summary","no","","27","200","application/pdf","436e40aab28d758cb5e1546059cb71f02a0fe3799128f7d1dbd5ee28e21a2b58","0.90","Official US model-year BMW Maintenance booklet; extractable CBS and Maintenance Service Summary; canonical source for same-MY X1 packs. URL verification passed: HTTP 200, application/pdf, %PDF magic, 953687 bytes. v2 retry validation passed 2026-07-26: HTTP 200, application/pdf, %PDF magic, 953687 bytes, SHA-256 436e40aab28d758cb5e1546059cb71f02a0fe3799128f7d1dbd5ee28e21a2b58. Source discovery is valid; remaining dual_extract_mismatch state requires extractor or creator-review remediation.",""
"83","bmw-x1-2018-xdrive28i","2018","BMW","X1","xDrive28i","","luxury_suv","bmw","cbs_condition_based","B","https://www.bmwusa.com/content/dam/bmw/marketUS/common/warranty-books/2018/2018-BMW-Maintenance.pdf","","maintenance_booklet","The BMW Maintenance System / Maintenance Service Summary","yes","bmw-x1-2018-sdrive28i","27","200","application/pdf","436e40aab28d758cb5e1546059cb71f02a0fe3799128f7d1dbd5ee28e21a2b58","0.88","Schedule shared per manual_share_policy=shared_within_generation; official US model-year BMW Maintenance booklet; extractable CBS and Maintenance Service Summary; shared from bmw-x1-2018-sdrive28i. URL verification passed: HTTP 200, application/pdf, %PDF magic, 953687 bytes. v2 retry validation passed 2026-07-26: HTTP 200, application/pdf, %PDF magic, 953687 bytes, SHA-256 436e40aab28d758cb5e1546059cb71f02a0fe3799128f7d1dbd5ee28e21a2b58. Source discovery is valid; remaining dual_extract_mismatch state requires extractor or creator-review remediation.",""
"84","bmw-x2-2023-sdrive28i","2023","BMW","X2","sDrive28i","","luxury_suv","bmw","cbs_condition_based","B","https://www.bmwusa.com/content/dam/bmw/marketUS/common/warranty-books/2023/BMW-MY-2023-All-Models-Maintenance-(On-line).pdf","","maintenance_booklet","The BMW Maintenance System / Maintenance Service Summary","no","","24","200","application/pdf","f77926d943328b1465e48c161e2151b0e310dd3f3c24e8c693452025157bb4d3","0.90","Official US model-year BMW Maintenance booklet; extractable CBS and Maintenance Service Summary; canonical source for same-MY X2 packs. URL verification passed: HTTP 200, application/pdf, %PDF magic, 836848 bytes. v2 retry validation passed 2026-07-26: HTTP 200, application/pdf, %PDF magic, 836848 bytes, SHA-256 f77926d943328b1465e48c161e2151b0e310dd3f3c24e8c693452025157bb4d3. Source discovery is valid; remaining dual_extract_mismatch state requires extractor or creator-review remediation.",""
"85","bmw-x2-2023-xdrive28i","2023","BMW","X2","xDrive28i","","luxury_suv","bmw","cbs_condition_based","B","https://www.bmwusa.com/content/dam/bmw/marketUS/common/warranty-books/2023/BMW-MY-2023-All-Models-Maintenance-(On-line).pdf","","maintenance_booklet","The BMW Maintenance System / Maintenance Service Summary","yes","bmw-x2-2023-sdrive28i","24","200","application/pdf","f77926d943328b1465e48c161e2151b0e310dd3f3c24e8c693452025157bb4d3","0.88","Schedule shared per manual_share_policy=shared_within_generation; official US model-year BMW Maintenance booklet; extractable CBS and Maintenance Service Summary; shared from bmw-x2-2023-sdrive28i. URL verification passed: HTTP 200, application/pdf, %PDF magic, 836848 bytes. v2 retry validation passed 2026-07-26: HTTP 200, application/pdf, %PDF magic, 836848 bytes, SHA-256 f77926d943328b1465e48c161e2151b0e310dd3f3c24e8c693452025157bb4d3. Source discovery is valid; remaining dual_extract_mismatch state requires extractor or creator-review remediation.",""
"86","bmw-x2-2023-m35i","2023","BMW","X2","M35i","","luxury_suv","bmw","cbs_condition_based","B","https://www.bmwusa.com/content/dam/bmw/marketUS/common/warranty-books/2023/BMW-MY-2023-All-Models-Maintenance-(On-line).pdf","","maintenance_booklet","The BMW Maintenance System / Maintenance Service Summary","yes","bmw-x2-2023-sdrive28i","24","200","application/pdf","f77926d943328b1465e48c161e2151b0e310dd3f3c24e8c693452025157bb4d3","0.88","Schedule shared per manual_share_policy=shared_within_generation; official US model-year BMW Maintenance booklet; extractable CBS and Maintenance Service Summary; shared from bmw-x2-2023-sdrive28i. URL verification passed: HTTP 200, application/pdf, %PDF magic, 836848 bytes. v2 retry validation passed 2026-07-26: HTTP 200, application/pdf, %PDF magic, 836848 bytes, SHA-256 f77926d943328b1465e48c161e2151b0e310dd3f3c24e8c693452025157bb4d3. Source discovery is valid; remaining dual_extract_mismatch state requires extractor or creator-review remediation.",""
"87","bmw-x2-2022-sdrive28i","2022","BMW","X2","sDrive28i","","luxury_suv","bmw","cbs_condition_based","B","https://www.bmwusa.com/content/dam/bmw/marketUS/common/warranty-books/2022/BMW_2022_All_Models_Maintenance_ADA.pdf","","maintenance_booklet","The BMW Maintenance System / Maintenance Service Summary","no","","27","200","application/pdf","bde6822fd8b30af841919e52d6f192e5ebdd07a0cde44e852d91db022bae0cfb","0.90","Official US model-year BMW Maintenance booklet; extractable CBS and Maintenance Service Summary; canonical source for same-MY X2 packs. URL verification passed: HTTP 200, application/pdf, %PDF magic, 921173 bytes. v2 retry validation passed 2026-07-26: HTTP 200, application/pdf, %PDF magic, 921173 bytes, SHA-256 bde6822fd8b30af841919e52d6f192e5ebdd07a0cde44e852d91db022bae0cfb. Source discovery is valid; remaining dual_extract_mismatch state requires extractor or creator-review remediation.",""
"88","bmw-x2-2022-xdrive28i","2022","BMW","X2","xDrive28i","","luxury_suv","bmw","cbs_condition_based","B","https://www.bmwusa.com/content/dam/bmw/marketUS/common/warranty-books/2022/BMW_2022_All_Models_Maintenance_ADA.pdf","","maintenance_booklet","The BMW Maintenance System / Maintenance Service Summary","yes","bmw-x2-2022-sdrive28i","27","200","application/pdf","bde6822fd8b30af841919e52d6f192e5ebdd07a0cde44e852d91db022bae0cfb","0.88","Schedule shared per manual_share_policy=shared_within_generation; official US model-year BMW Maintenance booklet; extractable CBS and Maintenance Service Summary; shared from bmw-x2-2022-sdrive28i. URL verification passed: HTTP 200, application/pdf, %PDF magic, 921173 bytes. v2 retry validation passed 2026-07-26: HTTP 200, application/pdf, %PDF magic, 921173 bytes, SHA-256 bde6822fd8b30af841919e52d6f192e5ebdd07a0cde44e852d91db022bae0cfb. Source discovery is valid; remaining dual_extract_mismatch state requires extractor or creator-review remediation.",""
"89","bmw-x2-2022-m35i","2022","BMW","X2","M35i","","luxury_suv","bmw","cbs_condition_based","B","https://www.bmwusa.com/content/dam/bmw/marketUS/common/warranty-books/2022/BMW_2022_All_Models_Maintenance_ADA.pdf","","maintenance_booklet","The BMW Maintenance System / Maintenance Service Summary","yes","bmw-x2-2022-sdrive28i","27","200","application/pdf","bde6822fd8b30af841919e52d6f192e5ebdd07a0cde44e852d91db022bae0cfb","0.88","Schedule shared per manual_share_policy=shared_within_generation; official US model-year BMW Maintenance booklet; extractable CBS and Maintenance Service Summary; shared from bmw-x2-2022-sdrive28i. URL verification passed: HTTP 200, application/pdf, %PDF magic, 921173 bytes. v2 retry validation passed 2026-07-26: HTTP 200, application/pdf, %PDF magic, 921173 bytes, SHA-256 bde6822fd8b30af841919e52d6f192e5ebdd07a0cde44e852d91db022bae0cfb. Source discovery is valid; remaining dual_extract_mismatch state requires extractor or creator-review remediation.",""
"90","bmw-x2-2021-sdrive28i","2021","BMW","X2","sDrive28i","","luxury_suv","bmw","cbs_condition_based","B","https://www.bmwusa.com/content/dam/bmw/marketUS/common/warranty-books/2021/5A1BC92_21MY_BMW_Maintenance_FINAL_Print_withCover_111220.pdf","","maintenance_booklet","The BMW Maintenance System / Maintenance Service Summary","no","","26","200","application/pdf","3596c1ae0c3e8a25be5da00290b807bebcc75ecacbb8eb102a539622fd63b317","0.90","Official US model-year BMW Maintenance booklet; extractable CBS and Maintenance Service Summary; canonical source for same-MY X2 packs. URL verification passed: HTTP 200, application/pdf, %PDF magic, 1346051 bytes. v2 retry validation passed 2026-07-26: HTTP 200, application/pdf, %PDF magic, 1346051 bytes, SHA-256 3596c1ae0c3e8a25be5da00290b807bebcc75ecacbb8eb102a539622fd63b317. Source discovery is valid; remaining dual_extract_mismatch state requires extractor or creator-review remediation.",""
"91","bmw-x2-2021-xdrive28i","2021","BMW","X2","xDrive28i","","luxury_suv","bmw","cbs_condition_based","B","https://www.bmwusa.com/content/dam/bmw/marketUS/common/warranty-books/2021/5A1BC92_21MY_BMW_Maintenance_FINAL_Print_withCover_111220.pdf","","maintenance_booklet","The BMW Maintenance System / Maintenance Service Summary","yes","bmw-x2-2021-sdrive28i","26","200","application/pdf","3596c1ae0c3e8a25be5da00290b807bebcc75ecacbb8eb102a539622fd63b317","0.88","Schedule shared per manual_share_policy=shared_within_generation; official US model-year BMW Maintenance booklet; extractable CBS and Maintenance Service Summary; shared from bmw-x2-2021-sdrive28i. URL verification passed: HTTP 200, application/pdf, %PDF magic, 1346051 bytes. v2 retry validation passed 2026-07-26: HTTP 200, application/pdf, %PDF magic, 1346051 bytes, SHA-256 3596c1ae0c3e8a25be5da00290b807bebcc75ecacbb8eb102a539622fd63b317. Source discovery is valid; remaining dual_extract_mismatch state requires extractor or creator-review remediation.",""
"92","bmw-x2-2021-m35i","2021","BMW","X2","M35i","","luxury_suv","bmw","cbs_condition_based","B","https://www.bmwusa.com/content/dam/bmw/marketUS/common/warranty-books/2021/5A1BC92_21MY_BMW_Maintenance_FINAL_Print_withCover_111220.pdf","","maintenance_booklet","The BMW Maintenance System / Maintenance Service Summary","yes","bmw-x2-2021-sdrive28i","26","200","application/pdf","3596c1ae0c3e8a25be5da00290b807bebcc75ecacbb8eb102a539622fd63b317","0.88","Schedule shared per manual_share_policy=shared_within_generation; official US model-year BMW Maintenance booklet; extractable CBS and Maintenance Service Summary; shared from bmw-x2-2021-sdrive28i. URL verification passed: HTTP 200, application/pdf, %PDF magic, 1346051 bytes. v2 retry validation passed 2026-07-26: HTTP 200, application/pdf, %PDF magic, 1346051 bytes, SHA-256 3596c1ae0c3e8a25be5da00290b807bebcc75ecacbb8eb102a539622fd63b317. Source discovery is valid; remaining dual_extract_mismatch state requires extractor or creator-review remediation.",""
"93","bmw-x2-2020-sdrive28i","2020","BMW","X2","sDrive28i","","luxury_suv","bmw","cbs_condition_based","B","https://www.bmwusa.com/content/dam/bmw/marketUS/common/warranty-books/2020/5A0BC07_20MY_BMW_Maintenance_FINAL_Print_withCover_042220.pdf","","maintenance_booklet","The BMW Maintenance System / Maintenance Service Summary","no","","27","200","application/pdf","54ce5e875bee4f11673c2ab308f5a776e136a254dd87d9ed6af304b52cd7db2a","0.90","Official US model-year BMW Maintenance booklet; extractable CBS and Maintenance Service Summary; canonical source for same-MY X2 packs. URL verification passed: HTTP 200, application/pdf, %PDF magic, 2042684 bytes. v2 retry validation passed 2026-07-26: HTTP 200, application/pdf, %PDF magic, 2042684 bytes, SHA-256 54ce5e875bee4f11673c2ab308f5a776e136a254dd87d9ed6af304b52cd7db2a. Source discovery is valid; remaining dual_extract_mismatch state requires extractor or creator-review remediation.",""
"94","bmw-x2-2020-xdrive28i","2020","BMW","X2","xDrive28i","","luxury_suv","bmw","cbs_condition_based","B","https://www.bmwusa.com/content/dam/bmw/marketUS/common/warranty-books/2020/5A0BC07_20MY_BMW_Maintenance_FINAL_Print_withCover_042220.pdf","","maintenance_booklet","The BMW Maintenance System / Maintenance Service Summary","yes","bmw-x2-2020-sdrive28i","27","200","application/pdf","54ce5e875bee4f11673c2ab308f5a776e136a254dd87d9ed6af304b52cd7db2a","0.88","Schedule shared per manual_share_policy=shared_within_generation; official US model-year BMW Maintenance booklet; extractable CBS and Maintenance Service Summary; shared from bmw-x2-2020-sdrive28i. URL verification passed: HTTP 200, application/pdf, %PDF magic, 2042684 bytes. v2 retry validation passed 2026-07-26: HTTP 200, application/pdf, %PDF magic, 2042684 bytes, SHA-256 54ce5e875bee4f11673c2ab308f5a776e136a254dd87d9ed6af304b52cd7db2a. Source discovery is valid; remaining dual_extract_mismatch state requires extractor or creator-review remediation.",""
"95","bmw-x2-2020-m35i","2020","BMW","X2","M35i","","luxury_suv","bmw","cbs_condition_based","B","https://www.bmwusa.com/content/dam/bmw/marketUS/common/warranty-books/2020/5A0BC07_20MY_BMW_Maintenance_FINAL_Print_withCover_042220.pdf","","maintenance_booklet","The BMW Maintenance System / Maintenance Service Summary","yes","bmw-x2-2020-sdrive28i","27","200","application/pdf","54ce5e875bee4f11673c2ab308f5a776e136a254dd87d9ed6af304b52cd7db2a","0.88","Schedule shared per manual_share_policy=shared_within_generation; official US model-year BMW Maintenance booklet; extractable CBS and Maintenance Service Summary; shared from bmw-x2-2020-sdrive28i. URL verification passed: HTTP 200, application/pdf, %PDF magic, 2042684 bytes. v2 retry validation passed 2026-07-26: HTTP 200, application/pdf, %PDF magic, 2042684 bytes, SHA-256 54ce5e875bee4f11673c2ab308f5a776e136a254dd87d9ed6af304b52cd7db2a. Source discovery is valid; remaining dual_extract_mismatch state requires extractor or creator-review remediation.",""
"96","bmw-x2-2019-sdrive28i","2019","BMW","X2","sDrive28i","","luxury_suv","bmw","cbs_condition_based","B","https://www.bmwusa.com/content/dam/bmw/marketUS/common/warranty-books/2019/2019-BMW-Maintenance.pdf","","maintenance_booklet","The BMW Maintenance System / Maintenance Service Summary","no","","36","200","application/pdf","9378017163d6ff1a1e9b6f6ff519474d05832c448db619a36edc573a1dcd259e","0.90","Official US model-year BMW Maintenance booklet; extractable CBS and Maintenance Service Summary; canonical source for same-MY X2 packs. URL verification passed: HTTP 200, application/pdf, %PDF magic, 1027813 bytes. v2 retry validation passed 2026-07-26: HTTP 200, application/pdf, %PDF magic, 1027813 bytes, SHA-256 9378017163d6ff1a1e9b6f6ff519474d05832c448db619a36edc573a1dcd259e. Source discovery is valid; remaining dual_extract_mismatch state requires extractor or creator-review remediation.",""
"97","bmw-x2-2019-xdrive28i","2019","BMW","X2","xDrive28i","","luxury_suv","bmw","cbs_condition_based","B","https://www.bmwusa.com/content/dam/bmw/marketUS/common/warranty-books/2019/2019-BMW-Maintenance.pdf","","maintenance_booklet","The BMW Maintenance System / Maintenance Service Summary","yes","bmw-x2-2019-sdrive28i","36","200","application/pdf","9378017163d6ff1a1e9b6f6ff519474d05832c448db619a36edc573a1dcd259e","0.88","Schedule shared per manual_share_policy=shared_within_generation; official US model-year BMW Maintenance booklet; extractable CBS and Maintenance Service Summary; shared from bmw-x2-2019-sdrive28i. URL verification passed: HTTP 200, application/pdf, %PDF magic, 1027813 bytes. v2 retry validation passed 2026-07-26: HTTP 200, application/pdf, %PDF magic, 1027813 bytes, SHA-256 9378017163d6ff1a1e9b6f6ff519474d05832c448db619a36edc573a1dcd259e. Source discovery is valid; remaining dual_extract_mismatch state requires extractor or creator-review remediation.",""
"98","bmw-x2-2019-m35i","2019","BMW","X2","M35i","","luxury_suv","bmw","cbs_condition_based","B","https://www.bmwusa.com/content/dam/bmw/marketUS/common/warranty-books/2019/2019-BMW-Maintenance.pdf","","maintenance_booklet","The BMW Maintenance System / Maintenance Service Summary","yes","bmw-x2-2019-sdrive28i","36","200","application/pdf","9378017163d6ff1a1e9b6f6ff519474d05832c448db619a36edc573a1dcd259e","0.88","Schedule shared per manual_share_policy=shared_within_generation; official US model-year BMW Maintenance booklet; extractable CBS and Maintenance Service Summary; shared from bmw-x2-2019-sdrive28i. URL verification passed: HTTP 200, application/pdf, %PDF magic, 1027813 bytes. v2 retry validation passed 2026-07-26: HTTP 200, application/pdf, %PDF magic, 1027813 bytes, SHA-256 9378017163d6ff1a1e9b6f6ff519474d05832c448db619a36edc573a1dcd259e. Source discovery is valid; remaining dual_extract_mismatch state requires extractor or creator-review remediation.",""
"99","bmw-x2-2018-sdrive28i","2018","BMW","X2","sDrive28i","","luxury_suv","bmw","cbs_condition_based","B","https://www.bmwusa.com/content/dam/bmw/marketUS/common/warranty-books/2018/2018-BMW-Maintenance.pdf","","maintenance_booklet","The BMW Maintenance System / Maintenance Service Summary","no","","27","200","application/pdf","436e40aab28d758cb5e1546059cb71f02a0fe3799128f7d1dbd5ee28e21a2b58","0.90","Official US model-year BMW Maintenance booklet; extractable CBS and Maintenance Service Summary; canonical source for same-MY X2 packs. URL verification passed: HTTP 200, application/pdf, %PDF magic, 953687 bytes. v2 retry validation passed 2026-07-26: HTTP 200, application/pdf, %PDF magic, 953687 bytes, SHA-256 436e40aab28d758cb5e1546059cb71f02a0fe3799128f7d1dbd5ee28e21a2b58. Source discovery is valid; remaining dual_extract_mismatch state requires extractor or creator-review remediation.",""
"100","bmw-x2-2018-xdrive28i","2018","BMW","X2","xDrive28i","","luxury_suv","bmw","cbs_condition_based","B","https://www.bmwusa.com/content/dam/bmw/marketUS/common/warranty-books/2018/2018-BMW-Maintenance.pdf","","maintenance_booklet","The BMW Maintenance System / Maintenance Service Summary","yes","bmw-x2-2018-sdrive28i","27","200","application/pdf","436e40aab28d758cb5e1546059cb71f02a0fe3799128f7d1dbd5ee28e21a2b58","0.88","Schedule shared per manual_share_policy=shared_within_generation; official US model-year BMW Maintenance booklet; extractable CBS and Maintenance Service Summary; shared from bmw-x2-2018-sdrive28i. URL verification passed: HTTP 200, application/pdf, %PDF magic, 953687 bytes. v2 retry validation passed 2026-07-26: HTTP 200, application/pdf, %PDF magic, 953687 bytes, SHA-256 436e40aab28d758cb5e1546059cb71f02a0fe3799128f7d1dbd5ee28e21a2b58. Source discovery is valid; remaining dual_extract_mismatch state requires extractor or creator-review remediation.",""
"101","bmw-x2-2018-m35i","2018","BMW","X2","M35i","","luxury_suv","bmw","cbs_condition_based","B","https://www.bmwusa.com/content/dam/bmw/marketUS/common/warranty-books/2018/2018-BMW-Maintenance.pdf","","maintenance_booklet","The BMW Maintenance System / Maintenance Service Summary","yes","bmw-x2-2018-sdrive28i","27","200","application/pdf","436e40aab28d758cb5e1546059cb71f02a0fe3799128f7d1dbd5ee28e21a2b58","0.88","Schedule shared per manual_share_policy=shared_within_generation; official US model-year BMW Maintenance booklet; extractable CBS and Maintenance Service Summary; shared from bmw-x2-2018-sdrive28i. URL verification passed: HTTP 200, application/pdf, %PDF magic, 953687 bytes. v2 retry validation passed 2026-07-26: HTTP 200, application/pdf, %PDF magic, 953687 bytes, SHA-256 436e40aab28d758cb5e1546059cb71f02a0fe3799128f7d1dbd5ee28e21a2b58. Source discovery is valid; remaining dual_extract_mismatch state requires extractor or creator-review remediation.",""
"102","bmw-x3-2025-sdrive30i","2025","BMW","X3","sDrive30i","","luxury_suv","bmw","cbs_condition_based","B","https://www.bmwusa.com/content/dam/bmw/marketUS/common/warranty-books/2025/BMW_MY25_Maintenance_with_BEVs.pdf","","maintenance_booklet","The BMW Maintenance System / Maintenance Service Summary","no","","32","200","application/pdf","9f556e4ec58b90ae1d5e97808a45dfb379ce2768faddb638f0995ffb3fffeca0","0.90","Official US model-year BMW Maintenance booklet; extractable CBS and Maintenance Service Summary; canonical source for same-MY X3 packs. URL verification passed: HTTP 200, application/pdf, %PDF magic, 633540 bytes. v2 retry validation passed 2026-07-26: HTTP 200, application/pdf, %PDF magic, 633540 bytes, SHA-256 9f556e4ec58b90ae1d5e97808a45dfb379ce2768faddb638f0995ffb3fffeca0. Source discovery is valid; remaining dual_extract_mismatch state requires extractor or creator-review remediation.",""
"103","bmw-x3-2025-xdrive30i","2025","BMW","X3","xDrive30i","","luxury_suv","bmw","cbs_condition_based","B","https://www.bmwusa.com/content/dam/bmw/marketUS/common/warranty-books/2025/BMW_MY25_Maintenance_with_BEVs.pdf","","maintenance_booklet","The BMW Maintenance System / Maintenance Service Summary","yes","bmw-x3-2025-sdrive30i","32","200","application/pdf","9f556e4ec58b90ae1d5e97808a45dfb379ce2768faddb638f0995ffb3fffeca0","0.88","Schedule shared per manual_share_policy=shared_g01_generation; official US model-year BMW Maintenance booklet; extractable CBS and Maintenance Service Summary; shared from bmw-x3-2025-sdrive30i. URL verification passed: HTTP 200, application/pdf, %PDF magic, 633540 bytes. v2 retry validation passed 2026-07-26: HTTP 200, application/pdf, %PDF magic, 633540 bytes, SHA-256 9f556e4ec58b90ae1d5e97808a45dfb379ce2768faddb638f0995ffb3fffeca0. Source discovery is valid; remaining dual_extract_mismatch state requires extractor or creator-review remediation.",""
"104","bmw-x3-2025-m40i","2025","BMW","X3","M40i","","luxury_suv","bmw","cbs_condition_based","B","https://www.bmwusa.com/content/dam/bmw/marketUS/common/warranty-books/2025/BMW_MY25_Maintenance_with_BEVs.pdf","","maintenance_booklet","The BMW Maintenance System / Maintenance Service Summary","yes","bmw-x3-2025-sdrive30i","32","200","application/pdf","9f556e4ec58b90ae1d5e97808a45dfb379ce2768faddb638f0995ffb3fffeca0","0.88","Schedule shared per manual_share_policy=shared_g01_generation; official US model-year BMW Maintenance booklet; extractable CBS and Maintenance Service Summary; shared from bmw-x3-2025-sdrive30i. URL verification passed: HTTP 200, application/pdf, %PDF magic, 633540 bytes. v2 retry validation passed 2026-07-26: HTTP 200, application/pdf, %PDF magic, 633540 bytes, SHA-256 9f556e4ec58b90ae1d5e97808a45dfb379ce2768faddb638f0995ffb3fffeca0. Source discovery is valid; remaining dual_extract_mismatch state requires extractor or creator-review remediation.",""
"105","bmw-x3-2024-sdrive30i","2024","BMW","X3","sDrive30i","","luxury_suv","bmw","cbs_condition_based","B","https://www.bmwusa.com/content/dam/bmw/marketUS/common/warranty-books/2024/BMW_MY_2024_All_Models_Maintenance_with_BEVs_PC2_4C.pdf","","maintenance_booklet","The BMW Maintenance System / Maintenance Service Summary","no","","36","200","application/pdf","5b0d2ac407e169e5e3bae42bd49c59cf42e6b6cb0f98f41befbc8112c1e84aec","0.90","Official US model-year BMW Maintenance booklet; extractable CBS and Maintenance Service Summary; canonical source for same-MY X3 packs. URL verification passed: HTTP 200, application/pdf, %PDF magic, 445964 bytes. v2 retry validation passed 2026-07-26: HTTP 200, application/pdf, %PDF magic, 445964 bytes, SHA-256 5b0d2ac407e169e5e3bae42bd49c59cf42e6b6cb0f98f41befbc8112c1e84aec. Source discovery is valid; remaining dual_extract_mismatch state requires extractor or creator-review remediation.",""
"106","bmw-x3-2024-xdrive30i","2024","BMW","X3","xDrive30i","","luxury_suv","bmw","cbs_condition_based","B","https://www.bmwusa.com/content/dam/bmw/marketUS/common/warranty-books/2024/BMW_MY_2024_All_Models_Maintenance_with_BEVs_PC2_4C.pdf","","maintenance_booklet","The BMW Maintenance System / Maintenance Service Summary","yes","bmw-x3-2024-sdrive30i","36","200","application/pdf","5b0d2ac407e169e5e3bae42bd49c59cf42e6b6cb0f98f41befbc8112c1e84aec","0.88","Schedule shared per manual_share_policy=shared_g01_generation; official US model-year BMW Maintenance booklet; extractable CBS and Maintenance Service Summary; shared from bmw-x3-2024-sdrive30i. URL verification passed: HTTP 200, application/pdf, %PDF magic, 445964 bytes. v2 retry validation passed 2026-07-26: HTTP 200, application/pdf, %PDF magic, 445964 bytes, SHA-256 5b0d2ac407e169e5e3bae42bd49c59cf42e6b6cb0f98f41befbc8112c1e84aec. Source discovery is valid; remaining dual_extract_mismatch state requires extractor or creator-review remediation.",""
"107","bmw-x3-2024-m40i","2024","BMW","X3","M40i","","luxury_suv","bmw","cbs_condition_based","B","https://www.bmwusa.com/content/dam/bmw/marketUS/common/warranty-books/2024/BMW_MY_2024_All_Models_Maintenance_with_BEVs_PC2_4C.pdf","","maintenance_booklet","The BMW Maintenance System / Maintenance Service Summary","yes","bmw-x3-2024-sdrive30i","36","200","application/pdf","5b0d2ac407e169e5e3bae42bd49c59cf42e6b6cb0f98f41befbc8112c1e84aec","0.88","Schedule shared per manual_share_policy=shared_g01_generation; official US model-year BMW Maintenance booklet; extractable CBS and Maintenance Service Summary; shared from bmw-x3-2024-sdrive30i. URL verification passed: HTTP 200, application/pdf, %PDF magic, 445964 bytes. v2 retry validation passed 2026-07-26: HTTP 200, application/pdf, %PDF magic, 445964 bytes, SHA-256 5b0d2ac407e169e5e3bae42bd49c59cf42e6b6cb0f98f41befbc8112c1e84aec. Source discovery is valid; remaining dual_extract_mismatch state requires extractor or creator-review remediation.",""
"108","bmw-x3-2023-sdrive30i","2023","BMW","X3","sDrive30i","","luxury_suv","bmw","cbs_condition_based","B","https://www.bmwusa.com/content/dam/bmw/marketUS/common/warranty-books/2023/BMW-MY-2023-All-Models-Maintenance-(On-line).pdf","","maintenance_booklet","The BMW Maintenance System / Maintenance Service Summary","no","","24","200","application/pdf","f77926d943328b1465e48c161e2151b0e310dd3f3c24e8c693452025157bb4d3","0.90","Official US model-year BMW Maintenance booklet; extractable CBS and Maintenance Service Summary; canonical source for same-MY X3 packs. URL verification passed: HTTP 200, application/pdf, %PDF magic, 836848 bytes. v2 retry validation passed 2026-07-26: HTTP 200, application/pdf, %PDF magic, 836848 bytes, SHA-256 f77926d943328b1465e48c161e2151b0e310dd3f3c24e8c693452025157bb4d3. Source discovery is valid; remaining dual_extract_mismatch state requires extractor or creator-review remediation.",""
"109","bmw-x3-2023-xdrive30i","2023","BMW","X3","xDrive30i","","luxury_suv","bmw","cbs_condition_based","B","https://www.bmwusa.com/content/dam/bmw/marketUS/common/warranty-books/2023/BMW-MY-2023-All-Models-Maintenance-(On-line).pdf","","maintenance_booklet","The BMW Maintenance System / Maintenance Service Summary","yes","bmw-x3-2023-sdrive30i","24","200","application/pdf","f77926d943328b1465e48c161e2151b0e310dd3f3c24e8c693452025157bb4d3","0.88","Schedule shared per manual_share_policy=shared_g01_generation; official US model-year BMW Maintenance booklet; extractable CBS and Maintenance Service Summary; shared from bmw-x3-2023-sdrive30i. URL verification passed: HTTP 200, application/pdf, %PDF magic, 836848 bytes. v2 retry validation passed 2026-07-26: HTTP 200, application/pdf, %PDF magic, 836848 bytes, SHA-256 f77926d943328b1465e48c161e2151b0e310dd3f3c24e8c693452025157bb4d3. Source discovery is valid; remaining dual_extract_mismatch state requires extractor or creator-review remediation.",""
"110","bmw-x3-2023-m40i","2023","BMW","X3","M40i","","luxury_suv","bmw","cbs_condition_based","B","https://www.bmwusa.com/content/dam/bmw/marketUS/common/warranty-books/2023/BMW-MY-2023-All-Models-Maintenance-(On-line).pdf","","maintenance_booklet","The BMW Maintenance System / Maintenance Service Summary","yes","bmw-x3-2023-sdrive30i","24","200","application/pdf","f77926d943328b1465e48c161e2151b0e310dd3f3c24e8c693452025157bb4d3","0.88","Schedule shared per manual_share_policy=shared_g01_generation; official US model-year BMW Maintenance booklet; extractable CBS and Maintenance Service Summary; shared from bmw-x3-2023-sdrive30i. URL verification passed: HTTP 200, application/pdf, %PDF magic, 836848 bytes. v2 retry validation passed 2026-07-26: HTTP 200, application/pdf, %PDF magic, 836848 bytes, SHA-256 f77926d943328b1465e48c161e2151b0e310dd3f3c24e8c693452025157bb4d3. Source discovery is valid; remaining dual_extract_mismatch state requires extractor or creator-review remediation.",""
"111","bmw-x3-2022-sdrive30i","2022","BMW","X3","sDrive30i","","luxury_suv","bmw","cbs_condition_based","B","https://www.bmwusa.com/content/dam/bmw/marketUS/common/warranty-books/2022/BMW_2022_All_Models_Maintenance_ADA.pdf","","maintenance_booklet","The BMW Maintenance System / Maintenance Service Summary","no","","27","200","application/pdf","bde6822fd8b30af841919e52d6f192e5ebdd07a0cde44e852d91db022bae0cfb","0.90","Official US model-year BMW Maintenance booklet; extractable CBS and Maintenance Service Summary; canonical source for same-MY X3 packs. URL verification passed: HTTP 200, application/pdf, %PDF magic, 921173 bytes. v2 retry validation passed 2026-07-26: HTTP 200, application/pdf, %PDF magic, 921173 bytes, SHA-256 bde6822fd8b30af841919e52d6f192e5ebdd07a0cde44e852d91db022bae0cfb. Source discovery is valid; remaining dual_extract_mismatch state requires extractor or creator-review remediation.",""
"112","bmw-x3-2022-xdrive30i","2022","BMW","X3","xDrive30i","","luxury_suv","bmw","cbs_condition_based","B","https://www.bmwusa.com/content/dam/bmw/marketUS/common/warranty-books/2022/BMW_2022_All_Models_Maintenance_ADA.pdf","","maintenance_booklet","The BMW Maintenance System / Maintenance Service Summary","yes","bmw-x3-2022-sdrive30i","27","200","application/pdf","bde6822fd8b30af841919e52d6f192e5ebdd07a0cde44e852d91db022bae0cfb","0.88","Schedule shared per manual_share_policy=shared_g01_generation; official US model-year BMW Maintenance booklet; extractable CBS and Maintenance Service Summary; shared from bmw-x3-2022-sdrive30i. URL verification passed: HTTP 200, application/pdf, %PDF magic, 921173 bytes. v2 retry validation passed 2026-07-26: HTTP 200, application/pdf, %PDF magic, 921173 bytes, SHA-256 bde6822fd8b30af841919e52d6f192e5ebdd07a0cde44e852d91db022bae0cfb. Source discovery is valid; remaining dual_extract_mismatch state requires extractor or creator-review remediation.",""
"113","bmw-x3-2022-m40i","2022","BMW","X3","M40i","","luxury_suv","bmw","cbs_condition_based","B","https://www.bmwusa.com/content/dam/bmw/marketUS/common/warranty-books/2022/BMW_2022_All_Models_Maintenance_ADA.pdf","","maintenance_booklet","The BMW Maintenance System / Maintenance Service Summary","yes","bmw-x3-2022-sdrive30i","27","200","application/pdf","bde6822fd8b30af841919e52d6f192e5ebdd07a0cde44e852d91db022bae0cfb","0.88","Schedule shared per manual_share_policy=shared_g01_generation; official US model-year BMW Maintenance booklet; extractable CBS and Maintenance Service Summary; shared from bmw-x3-2022-sdrive30i. URL verification passed: HTTP 200, application/pdf, %PDF magic, 921173 bytes. v2 retry validation passed 2026-07-26: HTTP 200, application/pdf, %PDF magic, 921173 bytes, SHA-256 bde6822fd8b30af841919e52d6f192e5ebdd07a0cde44e852d91db022bae0cfb. Source discovery is valid; remaining dual_extract_mismatch state requires extractor or creator-review remediation.",""
"114","bmw-x3-2021-sdrive30i","2021","BMW","X3","sDrive30i","","luxury_suv","bmw","cbs_condition_based","B","https://www.bmwusa.com/content/dam/bmw/marketUS/common/warranty-books/2021/5A1BC92_21MY_BMW_Maintenance_FINAL_Print_withCover_111220.pdf","","maintenance_booklet","The BMW Maintenance System / Maintenance Service Summary","no","","26","200","application/pdf","3596c1ae0c3e8a25be5da00290b807bebcc75ecacbb8eb102a539622fd63b317","0.90","Official US model-year BMW Maintenance booklet; extractable CBS and Maintenance Service Summary; canonical source for same-MY X3 packs. URL verification passed: HTTP 200, application/pdf, %PDF magic, 1346051 bytes. v2 retry validation passed 2026-07-26: HTTP 200, application/pdf, %PDF magic, 1346051 bytes, SHA-256 3596c1ae0c3e8a25be5da00290b807bebcc75ecacbb8eb102a539622fd63b317. Source discovery is valid; remaining dual_extract_mismatch state requires extractor or creator-review remediation.",""
"115","bmw-x3-2021-xdrive30i","2021","BMW","X3","xDrive30i","","luxury_suv","bmw","cbs_condition_based","B","https://www.bmwusa.com/content/dam/bmw/marketUS/common/warranty-books/2021/5A1BC92_21MY_BMW_Maintenance_FINAL_Print_withCover_111220.pdf","","maintenance_booklet","The BMW Maintenance System / Maintenance Service Summary","yes","bmw-x3-2021-sdrive30i","26","200","application/pdf","3596c1ae0c3e8a25be5da00290b807bebcc75ecacbb8eb102a539622fd63b317","0.88","Schedule shared per manual_share_policy=shared_g01_generation; official US model-year BMW Maintenance booklet; extractable CBS and Maintenance Service Summary; shared from bmw-x3-2021-sdrive30i. URL verification passed: HTTP 200, application/pdf, %PDF magic, 1346051 bytes. v2 retry validation passed 2026-07-26: HTTP 200, application/pdf, %PDF magic, 1346051 bytes, SHA-256 3596c1ae0c3e8a25be5da00290b807bebcc75ecacbb8eb102a539622fd63b317. Source discovery is valid; remaining dual_extract_mismatch state requires extractor or creator-review remediation.",""
"116","bmw-x3-2021-m40i","2021","BMW","X3","M40i","","luxury_suv","bmw","cbs_condition_based","B","https://www.bmwusa.com/content/dam/bmw/marketUS/common/warranty-books/2021/5A1BC92_21MY_BMW_Maintenance_FINAL_Print_withCover_111220.pdf","","maintenance_booklet","The BMW Maintenance System / Maintenance Service Summary","yes","bmw-x3-2021-sdrive30i","26","200","application/pdf","3596c1ae0c3e8a25be5da00290b807bebcc75ecacbb8eb102a539622fd63b317","0.88","Schedule shared per manual_share_policy=shared_g01_generation; official US model-year BMW Maintenance booklet; extractable CBS and Maintenance Service Summary; shared from bmw-x3-2021-sdrive30i. URL verification passed: HTTP 200, application/pdf, %PDF magic, 1346051 bytes. v2 retry validation passed 2026-07-26: HTTP 200, application/pdf, %PDF magic, 1346051 bytes, SHA-256 3596c1ae0c3e8a25be5da00290b807bebcc75ecacbb8eb102a539622fd63b317. Source discovery is valid; remaining dual_extract_mismatch state requires extractor or creator-review remediation.",""
"117","bmw-x3-2020-sdrive30i","2020","BMW","X3","sDrive30i","","luxury_suv","bmw","cbs_condition_based","B","https://www.bmwusa.com/content/dam/bmw/marketUS/common/warranty-books/2020/5A0BC07_20MY_BMW_Maintenance_FINAL_Print_withCover_042220.pdf","","maintenance_booklet","The BMW Maintenance System / Maintenance Service Summary","no","","27","200","application/pdf","54ce5e875bee4f11673c2ab308f5a776e136a254dd87d9ed6af304b52cd7db2a","0.90","Official US model-year BMW Maintenance booklet; extractable CBS and Maintenance Service Summary; canonical source for same-MY X3 packs. URL verification passed: HTTP 200, application/pdf, %PDF magic, 2042684 bytes. v2 retry validation passed 2026-07-26: HTTP 200, application/pdf, %PDF magic, 2042684 bytes, SHA-256 54ce5e875bee4f11673c2ab308f5a776e136a254dd87d9ed6af304b52cd7db2a. Source discovery is valid; remaining dual_extract_mismatch state requires extractor or creator-review remediation.",""
"118","bmw-x3-2020-xdrive30i","2020","BMW","X3","xDrive30i","","luxury_suv","bmw","cbs_condition_based","B","https://www.bmwusa.com/content/dam/bmw/marketUS/common/warranty-books/2020/5A0BC07_20MY_BMW_Maintenance_FINAL_Print_withCover_042220.pdf","","maintenance_booklet","The BMW Maintenance System / Maintenance Service Summary","yes","bmw-x3-2020-sdrive30i","27","200","application/pdf","54ce5e875bee4f11673c2ab308f5a776e136a254dd87d9ed6af304b52cd7db2a","0.88","Schedule shared per manual_share_policy=shared_g01_generation; official US model-year BMW Maintenance booklet; extractable CBS and Maintenance Service Summary; shared from bmw-x3-2020-sdrive30i. URL verification passed: HTTP 200, application/pdf, %PDF magic, 2042684 bytes. v2 retry validation passed 2026-07-26: HTTP 200, application/pdf, %PDF magic, 2042684 bytes, SHA-256 54ce5e875bee4f11673c2ab308f5a776e136a254dd87d9ed6af304b52cd7db2a. Source discovery is valid; remaining dual_extract_mismatch state requires extractor or creator-review remediation.",""
"119","bmw-x3-2020-m40i","2020","BMW","X3","M40i","","luxury_suv","bmw","cbs_condition_based","B","https://www.bmwusa.com/content/dam/bmw/marketUS/common/warranty-books/2020/5A0BC07_20MY_BMW_Maintenance_FINAL_Print_withCover_042220.pdf","","maintenance_booklet","The BMW Maintenance System / Maintenance Service Summary","yes","bmw-x3-2020-sdrive30i","27","200","application/pdf","54ce5e875bee4f11673c2ab308f5a776e136a254dd87d9ed6af304b52cd7db2a","0.88","Schedule shared per manual_share_policy=shared_g01_generation; official US model-year BMW Maintenance booklet; extractable CBS and Maintenance Service Summary; shared from bmw-x3-2020-sdrive30i. URL verification passed: HTTP 200, application/pdf, %PDF magic, 2042684 bytes. v2 retry validation passed 2026-07-26: HTTP 200, application/pdf, %PDF magic, 2042684 bytes, SHA-256 54ce5e875bee4f11673c2ab308f5a776e136a254dd87d9ed6af304b52cd7db2a. Source discovery is valid; remaining dual_extract_mismatch state requires extractor or creator-review remediation.",""
"120","bmw-x3-2019-sdrive30i","2019","BMW","X3","sDrive30i","","luxury_suv","bmw","cbs_condition_based","B","https://www.bmwusa.com/content/dam/bmw/marketUS/common/warranty-books/2019/2019-BMW-Maintenance.pdf","","maintenance_booklet","The BMW Maintenance System / Maintenance Service Summary","no","","36","200","application/pdf","9378017163d6ff1a1e9b6f6ff519474d05832c448db619a36edc573a1dcd259e","0.90","Official US model-year BMW Maintenance booklet; extractable CBS and Maintenance Service Summary; canonical source for same-MY X3 packs. URL verification passed: HTTP 200, application/pdf, %PDF magic, 1027813 bytes. v2 retry validation passed 2026-07-26: HTTP 200, application/pdf, %PDF magic, 1027813 bytes, SHA-256 9378017163d6ff1a1e9b6f6ff519474d05832c448db619a36edc573a1dcd259e. Source discovery is valid; remaining dual_extract_mismatch state requires extractor or creator-review remediation.",""
"121","bmw-x3-2019-xdrive30i","2019","BMW","X3","xDrive30i","","luxury_suv","bmw","cbs_condition_based","B","https://www.bmwusa.com/content/dam/bmw/marketUS/common/warranty-books/2019/2019-BMW-Maintenance.pdf","","maintenance_booklet","The BMW Maintenance System / Maintenance Service Summary","yes","bmw-x3-2019-sdrive30i","36","200","application/pdf","9378017163d6ff1a1e9b6f6ff519474d05832c448db619a36edc573a1dcd259e","0.88","Schedule shared per manual_share_policy=shared_g01_generation; official US model-year BMW Maintenance booklet; extractable CBS and Maintenance Service Summary; shared from bmw-x3-2019-sdrive30i. URL verification passed: HTTP 200, application/pdf, %PDF magic, 1027813 bytes. v2 retry validation passed 2026-07-26: HTTP 200, application/pdf, %PDF magic, 1027813 bytes, SHA-256 9378017163d6ff1a1e9b6f6ff519474d05832c448db619a36edc573a1dcd259e. Source discovery is valid; remaining dual_extract_mismatch state requires extractor or creator-review remediation.",""
"122","bmw-x3-2019-m40i","2019","BMW","X3","M40i","","luxury_suv","bmw","cbs_condition_based","B","https://www.bmwusa.com/content/dam/bmw/marketUS/common/warranty-books/2019/2019-BMW-Maintenance.pdf","","maintenance_booklet","The BMW Maintenance System / Maintenance Service Summary","yes","bmw-x3-2019-sdrive30i","36","200","application/pdf","9378017163d6ff1a1e9b6f6ff519474d05832c448db619a36edc573a1dcd259e","0.88","Schedule shared per manual_share_policy=shared_g01_generation; official US model-year BMW Maintenance booklet; extractable CBS and Maintenance Service Summary; shared from bmw-x3-2019-sdrive30i. URL verification passed: HTTP 200, application/pdf, %PDF magic, 1027813 bytes. v2 retry validation passed 2026-07-26: HTTP 200, application/pdf, %PDF magic, 1027813 bytes, SHA-256 9378017163d6ff1a1e9b6f6ff519474d05832c448db619a36edc573a1dcd259e. Source discovery is valid; remaining dual_extract_mismatch state requires extractor or creator-review remediation.",""
"123","bmw-x3-2018-sdrive30i","2018","BMW","X3","sDrive30i","","luxury_suv","bmw","cbs_condition_based","B","https://www.bmwusa.com/content/dam/bmw/marketUS/common/warranty-books/2018/2018-BMW-Maintenance.pdf","","maintenance_booklet","The BMW Maintenance System / Maintenance Service Summary","no","","27","200","application/pdf","436e40aab28d758cb5e1546059cb71f02a0fe3799128f7d1dbd5ee28e21a2b58","0.90","Official US model-year BMW Maintenance booklet; extractable CBS and Maintenance Service Summary; canonical source for same-MY X3 packs. URL verification passed: HTTP 200, application/pdf, %PDF magic, 953687 bytes. v2 retry validation passed 2026-07-26: HTTP 200, application/pdf, %PDF magic, 953687 bytes, SHA-256 436e40aab28d758cb5e1546059cb71f02a0fe3799128f7d1dbd5ee28e21a2b58. Source discovery is valid; remaining dual_extract_mismatch state requires extractor or creator-review remediation.",""
"124","bmw-x3-2018-xdrive30i","2018","BMW","X3","xDrive30i","","luxury_suv","bmw","cbs_condition_based","B","https://www.bmwusa.com/content/dam/bmw/marketUS/common/warranty-books/2018/2018-BMW-Maintenance.pdf","","maintenance_booklet","The BMW Maintenance System / Maintenance Service Summary","yes","bmw-x3-2018-sdrive30i","27","200","application/pdf","436e40aab28d758cb5e1546059cb71f02a0fe3799128f7d1dbd5ee28e21a2b58","0.88","Schedule shared per manual_share_policy=shared_g01_generation; official US model-year BMW Maintenance booklet; extractable CBS and Maintenance Service Summary; shared from bmw-x3-2018-sdrive30i. URL verification passed: HTTP 200, application/pdf, %PDF magic, 953687 bytes. v2 retry validation passed 2026-07-26: HTTP 200, application/pdf, %PDF magic, 953687 bytes, SHA-256 436e40aab28d758cb5e1546059cb71f02a0fe3799128f7d1dbd5ee28e21a2b58. Source discovery is valid; remaining dual_extract_mismatch state requires extractor or creator-review remediation.",""
"125","bmw-x3-2018-m40i","2018","BMW","X3","M40i","","luxury_suv","bmw","cbs_condition_based","B","https://www.bmwusa.com/content/dam/bmw/marketUS/common/warranty-books/2018/2018-BMW-Maintenance.pdf","","maintenance_booklet","The BMW Maintenance System / Maintenance Service Summary","yes","bmw-x3-2018-sdrive30i","27","200","application/pdf","436e40aab28d758cb5e1546059cb71f02a0fe3799128f7d1dbd5ee28e21a2b58","0.88","Schedule shared per manual_share_policy=shared_g01_generation; official US model-year BMW Maintenance booklet; extractable CBS and Maintenance Service Summary; shared from bmw-x3-2018-sdrive30i. URL verification passed: HTTP 200, application/pdf, %PDF magic, 953687 bytes. v2 retry validation passed 2026-07-26: HTTP 200, application/pdf, %PDF magic, 953687 bytes, SHA-256 436e40aab28d758cb5e1546059cb71f02a0fe3799128f7d1dbd5ee28e21a2b58. Source discovery is valid; remaining dual_extract_mismatch state requires extractor or creator-review remediation.",""
"126","bmw-x4-2025-xdrive30i","2025","BMW","X4","xDrive30i","","luxury_suv","bmw","cbs_condition_based","B","https://www.bmwusa.com/content/dam/bmw/marketUS/common/warranty-books/2025/BMW_MY25_Maintenance_with_BEVs.pdf","","maintenance_booklet","The BMW Maintenance System / Maintenance Service Summary","yes","bmw-x3-2025-sdrive30i","32","200","application/pdf","9f556e4ec58b90ae1d5e97808a45dfb379ce2768faddb638f0995ffb3fffeca0","0.88","Schedule shared per manual_share_policy=shared_with_x3_schedule; official US model-year BMW Maintenance booklet; extractable CBS and Maintenance Service Summary; shared from bmw-x3-2025-sdrive30i. URL verification passed: HTTP 200, application/pdf, %PDF magic, 633540 bytes. v2 retry validation passed 2026-07-26: HTTP 200, application/pdf, %PDF magic, 633540 bytes, SHA-256 9f556e4ec58b90ae1d5e97808a45dfb379ce2768faddb638f0995ffb3fffeca0. Source discovery is valid; remaining dual_extract_mismatch state requires extractor or creator-review remediation.",""
"127","bmw-x4-2025-m40i","2025","BMW","X4","M40i","","luxury_suv","bmw","cbs_condition_based","B","https://www.bmwusa.com/content/dam/bmw/marketUS/common/warranty-books/2025/BMW_MY25_Maintenance_with_BEVs.pdf","","maintenance_booklet","The BMW Maintenance System / Maintenance Service Summary","yes","bmw-x3-2025-sdrive30i","32","200","application/pdf","9f556e4ec58b90ae1d5e97808a45dfb379ce2768faddb638f0995ffb3fffeca0","0.88","Schedule shared per manual_share_policy=shared_with_x3_schedule; official US model-year BMW Maintenance booklet; extractable CBS and Maintenance Service Summary; shared from bmw-x3-2025-sdrive30i. URL verification passed: HTTP 200, application/pdf, %PDF magic, 633540 bytes. v2 retry validation passed 2026-07-26: HTTP 200, application/pdf, %PDF magic, 633540 bytes, SHA-256 9f556e4ec58b90ae1d5e97808a45dfb379ce2768faddb638f0995ffb3fffeca0. Source discovery is valid; remaining dual_extract_mismatch state requires extractor or creator-review remediation.",""
"128","bmw-x4-2024-xdrive30i","2024","BMW","X4","xDrive30i","","luxury_suv","bmw","cbs_condition_based","B","https://www.bmwusa.com/content/dam/bmw/marketUS/common/warranty-books/2024/BMW_MY_2024_All_Models_Maintenance_with_BEVs_PC2_4C.pdf","","maintenance_booklet","The BMW Maintenance System / Maintenance Service Summary","yes","bmw-x3-2024-sdrive30i","36","200","application/pdf","5b0d2ac407e169e5e3bae42bd49c59cf42e6b6cb0f98f41befbc8112c1e84aec","0.88","Schedule shared per manual_share_policy=shared_with_x3_schedule; official US model-year BMW Maintenance booklet; extractable CBS and Maintenance Service Summary; shared from bmw-x3-2024-sdrive30i. URL verification passed: HTTP 200, application/pdf, %PDF magic, 445964 bytes. v2 retry validation passed 2026-07-26: HTTP 200, application/pdf, %PDF magic, 445964 bytes, SHA-256 5b0d2ac407e169e5e3bae42bd49c59cf42e6b6cb0f98f41befbc8112c1e84aec. Source discovery is valid; remaining dual_extract_mismatch state requires extractor or creator-review remediation.",""
"129","bmw-x4-2024-m40i","2024","BMW","X4","M40i","","luxury_suv","bmw","cbs_condition_based","B","https://www.bmwusa.com/content/dam/bmw/marketUS/common/warranty-books/2024/BMW_MY_2024_All_Models_Maintenance_with_BEVs_PC2_4C.pdf","","maintenance_booklet","The BMW Maintenance System / Maintenance Service Summary","yes","bmw-x3-2024-sdrive30i","36","200","application/pdf","5b0d2ac407e169e5e3bae42bd49c59cf42e6b6cb0f98f41befbc8112c1e84aec","0.88","Schedule shared per manual_share_policy=shared_with_x3_schedule; official US model-year BMW Maintenance booklet; extractable CBS and Maintenance Service Summary; shared from bmw-x3-2024-sdrive30i. URL verification passed: HTTP 200, application/pdf, %PDF magic, 445964 bytes. v2 retry validation passed 2026-07-26: HTTP 200, application/pdf, %PDF magic, 445964 bytes, SHA-256 5b0d2ac407e169e5e3bae42bd49c59cf42e6b6cb0f98f41befbc8112c1e84aec. Source discovery is valid; remaining dual_extract_mismatch state requires extractor or creator-review remediation.",""
"130","bmw-x4-2023-xdrive30i","2023","BMW","X4","xDrive30i","","luxury_suv","bmw","cbs_condition_based","B","https://www.bmwusa.com/content/dam/bmw/marketUS/common/warranty-books/2023/BMW-MY-2023-All-Models-Maintenance-(On-line).pdf","","maintenance_booklet","The BMW Maintenance System / Maintenance Service Summary","yes","bmw-x3-2023-sdrive30i","24","200","application/pdf","f77926d943328b1465e48c161e2151b0e310dd3f3c24e8c693452025157bb4d3","0.88","Schedule shared per manual_share_policy=shared_with_x3_schedule; official US model-year BMW Maintenance booklet; extractable CBS and Maintenance Service Summary; shared from bmw-x3-2023-sdrive30i. URL verification passed: HTTP 200, application/pdf, %PDF magic, 836848 bytes. v2 retry validation passed 2026-07-26: HTTP 200, application/pdf, %PDF magic, 836848 bytes, SHA-256 f77926d943328b1465e48c161e2151b0e310dd3f3c24e8c693452025157bb4d3. Source discovery is valid; remaining dual_extract_mismatch state requires extractor or creator-review remediation.",""
"131","bmw-x4-2023-m40i","2023","BMW","X4","M40i","","luxury_suv","bmw","cbs_condition_based","B","https://www.bmwusa.com/content/dam/bmw/marketUS/common/warranty-books/2023/BMW-MY-2023-All-Models-Maintenance-(On-line).pdf","","maintenance_booklet","The BMW Maintenance System / Maintenance Service Summary","yes","bmw-x3-2023-sdrive30i","24","200","application/pdf","f77926d943328b1465e48c161e2151b0e310dd3f3c24e8c693452025157bb4d3","0.88","Schedule shared per manual_share_policy=shared_with_x3_schedule; official US model-year BMW Maintenance booklet; extractable CBS and Maintenance Service Summary; shared from bmw-x3-2023-sdrive30i. URL verification passed: HTTP 200, application/pdf, %PDF magic, 836848 bytes. v2 retry validation passed 2026-07-26: HTTP 200, application/pdf, %PDF magic, 836848 bytes, SHA-256 f77926d943328b1465e48c161e2151b0e310dd3f3c24e8c693452025157bb4d3. Source discovery is valid; remaining dual_extract_mismatch state requires extractor or creator-review remediation.",""
"132","bmw-x4-2022-xdrive30i","2022","BMW","X4","xDrive30i","","luxury_suv","bmw","cbs_condition_based","B","https://www.bmwusa.com/content/dam/bmw/marketUS/common/warranty-books/2022/BMW_2022_All_Models_Maintenance_ADA.pdf","","maintenance_booklet","The BMW Maintenance System / Maintenance Service Summary","yes","bmw-x3-2022-sdrive30i","27","200","application/pdf","bde6822fd8b30af841919e52d6f192e5ebdd07a0cde44e852d91db022bae0cfb","0.88","Schedule shared per manual_share_policy=shared_with_x3_schedule; official US model-year BMW Maintenance booklet; extractable CBS and Maintenance Service Summary; shared from bmw-x3-2022-sdrive30i. URL verification passed: HTTP 200, application/pdf, %PDF magic, 921173 bytes. v2 retry validation passed 2026-07-26: HTTP 200, application/pdf, %PDF magic, 921173 bytes, SHA-256 bde6822fd8b30af841919e52d6f192e5ebdd07a0cde44e852d91db022bae0cfb. Source discovery is valid; remaining dual_extract_mismatch state requires extractor or creator-review remediation.",""
"133","bmw-x4-2022-m40i","2022","BMW","X4","M40i","","luxury_suv","bmw","cbs_condition_based","B","https://www.bmwusa.com/content/dam/bmw/marketUS/common/warranty-books/2022/BMW_2022_All_Models_Maintenance_ADA.pdf","","maintenance_booklet","The BMW Maintenance System / Maintenance Service Summary","yes","bmw-x3-2022-sdrive30i","27","200","application/pdf","bde6822fd8b30af841919e52d6f192e5ebdd07a0cde44e852d91db022bae0cfb","0.88","Schedule shared per manual_share_policy=shared_with_x3_schedule; official US model-year BMW Maintenance booklet; extractable CBS and Maintenance Service Summary; shared from bmw-x3-2022-sdrive30i. URL verification passed: HTTP 200, application/pdf, %PDF magic, 921173 bytes. v2 retry validation passed 2026-07-26: HTTP 200, application/pdf, %PDF magic, 921173 bytes, SHA-256 bde6822fd8b30af841919e52d6f192e5ebdd07a0cde44e852d91db022bae0cfb. Source discovery is valid; remaining dual_extract_mismatch state requires extractor or creator-review remediation.",""
"134","bmw-x4-2021-xdrive30i","2021","BMW","X4","xDrive30i","","luxury_suv","bmw","cbs_condition_based","B","https://www.bmwusa.com/content/dam/bmw/marketUS/common/warranty-books/2021/5A1BC92_21MY_BMW_Maintenance_FINAL_Print_withCover_111220.pdf","","maintenance_booklet","The BMW Maintenance System / Maintenance Service Summary","yes","bmw-x3-2021-sdrive30i","26","200","application/pdf","3596c1ae0c3e8a25be5da00290b807bebcc75ecacbb8eb102a539622fd63b317","0.88","Schedule shared per manual_share_policy=shared_with_x3_schedule; official US model-year BMW Maintenance booklet; extractable CBS and Maintenance Service Summary; shared from bmw-x3-2021-sdrive30i. URL verification passed: HTTP 200, application/pdf, %PDF magic, 1346051 bytes. v2 retry validation passed 2026-07-26: HTTP 200, application/pdf, %PDF magic, 1346051 bytes, SHA-256 3596c1ae0c3e8a25be5da00290b807bebcc75ecacbb8eb102a539622fd63b317. Source discovery is valid; remaining dual_extract_mismatch state requires extractor or creator-review remediation.",""
"135","bmw-x4-2021-m40i","2021","BMW","X4","M40i","","luxury_suv","bmw","cbs_condition_based","B","https://www.bmwusa.com/content/dam/bmw/marketUS/common/warranty-books/2021/5A1BC92_21MY_BMW_Maintenance_FINAL_Print_withCover_111220.pdf","","maintenance_booklet","The BMW Maintenance System / Maintenance Service Summary","yes","bmw-x3-2021-sdrive30i","26","200","application/pdf","3596c1ae0c3e8a25be5da00290b807bebcc75ecacbb8eb102a539622fd63b317","0.88","Schedule shared per manual_share_policy=shared_with_x3_schedule; official US model-year BMW Maintenance booklet; extractable CBS and Maintenance Service Summary; shared from bmw-x3-2021-sdrive30i. URL verification passed: HTTP 200, application/pdf, %PDF magic, 1346051 bytes. v2 retry validation passed 2026-07-26: HTTP 200, application/pdf, %PDF magic, 1346051 bytes, SHA-256 3596c1ae0c3e8a25be5da00290b807bebcc75ecacbb8eb102a539622fd63b317. Source discovery is valid; remaining dual_extract_mismatch state requires extractor or creator-review remediation.",""
"136","bmw-x4-2020-xdrive30i","2020","BMW","X4","xDrive30i","","luxury_suv","bmw","cbs_condition_based","B","https://www.bmwusa.com/content/dam/bmw/marketUS/common/warranty-books/2020/5A0BC07_20MY_BMW_Maintenance_FINAL_Print_withCover_042220.pdf","","maintenance_booklet","The BMW Maintenance System / Maintenance Service Summary","yes","bmw-x3-2020-sdrive30i","27","200","application/pdf","54ce5e875bee4f11673c2ab308f5a776e136a254dd87d9ed6af304b52cd7db2a","0.88","Schedule shared per manual_share_policy=shared_with_x3_schedule; official US model-year BMW Maintenance booklet; extractable CBS and Maintenance Service Summary; shared from bmw-x3-2020-sdrive30i. URL verification passed: HTTP 200, application/pdf, %PDF magic, 2042684 bytes. v2 retry validation passed 2026-07-26: HTTP 200, application/pdf, %PDF magic, 2042684 bytes, SHA-256 54ce5e875bee4f11673c2ab308f5a776e136a254dd87d9ed6af304b52cd7db2a. Source discovery is valid; remaining dual_extract_mismatch state requires extractor or creator-review remediation.",""
"137","bmw-x4-2020-m40i","2020","BMW","X4","M40i","","luxury_suv","bmw","cbs_condition_based","B","https://www.bmwusa.com/content/dam/bmw/marketUS/common/warranty-books/2020/5A0BC07_20MY_BMW_Maintenance_FINAL_Print_withCover_042220.pdf","","maintenance_booklet","The BMW Maintenance System / Maintenance Service Summary","yes","bmw-x3-2020-sdrive30i","27","200","application/pdf","54ce5e875bee4f11673c2ab308f5a776e136a254dd87d9ed6af304b52cd7db2a","0.88","Schedule shared per manual_share_policy=shared_with_x3_schedule; official US model-year BMW Maintenance booklet; extractable CBS and Maintenance Service Summary; shared from bmw-x3-2020-sdrive30i. URL verification passed: HTTP 200, application/pdf, %PDF magic, 2042684 bytes. v2 retry validation passed 2026-07-26: HTTP 200, application/pdf, %PDF magic, 2042684 bytes, SHA-256 54ce5e875bee4f11673c2ab308f5a776e136a254dd87d9ed6af304b52cd7db2a. Source discovery is valid; remaining dual_extract_mismatch state requires extractor or creator-review remediation.",""
"138","bmw-x4-2019-xdrive30i","2019","BMW","X4","xDrive30i","","luxury_suv","bmw","cbs_condition_based","B","https://www.bmwusa.com/content/dam/bmw/marketUS/common/warranty-books/2019/2019-BMW-Maintenance.pdf","","maintenance_booklet","The BMW Maintenance System / Maintenance Service Summary","yes","bmw-x3-2019-sdrive30i","36","200","application/pdf","9378017163d6ff1a1e9b6f6ff519474d05832c448db619a36edc573a1dcd259e","0.88","Schedule shared per manual_share_policy=shared_with_x3_schedule; official US model-year BMW Maintenance booklet; extractable CBS and Maintenance Service Summary; shared from bmw-x3-2019-sdrive30i. URL verification passed: HTTP 200, application/pdf, %PDF magic, 1027813 bytes. v2 retry validation passed 2026-07-26: HTTP 200, application/pdf, %PDF magic, 1027813 bytes, SHA-256 9378017163d6ff1a1e9b6f6ff519474d05832c448db619a36edc573a1dcd259e. Source discovery is valid; remaining dual_extract_mismatch state requires extractor or creator-review remediation.",""
"139","bmw-x4-2019-m40i","2019","BMW","X4","M40i","","luxury_suv","bmw","cbs_condition_based","B","https://www.bmwusa.com/content/dam/bmw/marketUS/common/warranty-books/2019/2019-BMW-Maintenance.pdf","","maintenance_booklet","The BMW Maintenance System / Maintenance Service Summary","yes","bmw-x3-2019-sdrive30i","36","200","application/pdf","9378017163d6ff1a1e9b6f6ff519474d05832c448db619a36edc573a1dcd259e","0.88","Schedule shared per manual_share_policy=shared_with_x3_schedule; official US model-year BMW Maintenance booklet; extractable CBS and Maintenance Service Summary; shared from bmw-x3-2019-sdrive30i. URL verification passed: HTTP 200, application/pdf, %PDF magic, 1027813 bytes. v2 retry validation passed 2026-07-26: HTTP 200, application/pdf, %PDF magic, 1027813 bytes, SHA-256 9378017163d6ff1a1e9b6f6ff519474d05832c448db619a36edc573a1dcd259e. Source discovery is valid; remaining dual_extract_mismatch state requires extractor or creator-review remediation.",""
"140","bmw-x5-2025-sdrive40i","2025","BMW","X5","sDrive40i","","luxury_suv","bmw","cbs_condition_based","B","https://www.bmwusa.com/content/dam/bmw/marketUS/common/warranty-books/2025/BMW_MY25_Maintenance_with_BEVs.pdf","","maintenance_booklet","The BMW Maintenance System / Maintenance Service Summary","no","","32","200","application/pdf","9f556e4ec58b90ae1d5e97808a45dfb379ce2768faddb638f0995ffb3fffeca0","0.90","Official US model-year BMW Maintenance booklet; extractable CBS and Maintenance Service Summary; canonical source for same-MY X5 packs. URL verification passed: HTTP 200, application/pdf, %PDF magic, 633540 bytes. v2 retry validation passed 2026-07-26: HTTP 200, application/pdf, %PDF magic, 633540 bytes, SHA-256 9f556e4ec58b90ae1d5e97808a45dfb379ce2768faddb638f0995ffb3fffeca0. Source discovery is valid; remaining dual_extract_mismatch state requires extractor or creator-review remediation.",""
"141","bmw-x5-2025-xdrive40i","2025","BMW","X5","xDrive40i","","luxury_suv","bmw","cbs_condition_based","B","https://www.bmwusa.com/content/dam/bmw/marketUS/common/warranty-books/2025/BMW_MY25_Maintenance_with_BEVs.pdf","","maintenance_booklet","The BMW Maintenance System / Maintenance Service Summary","yes","bmw-x5-2025-sdrive40i","32","200","application/pdf","9f556e4ec58b90ae1d5e97808a45dfb379ce2768faddb638f0995ffb3fffeca0","0.88","Schedule shared per manual_share_policy=shared_g05_generation; official US model-year BMW Maintenance booklet; extractable CBS and Maintenance Service Summary; shared from bmw-x5-2025-sdrive40i. URL verification passed: HTTP 200, application/pdf, %PDF magic, 633540 bytes. v2 retry validation passed 2026-07-26: HTTP 200, application/pdf, %PDF magic, 633540 bytes, SHA-256 9f556e4ec58b90ae1d5e97808a45dfb379ce2768faddb638f0995ffb3fffeca0. Source discovery is valid; remaining dual_extract_mismatch state requires extractor or creator-review remediation.",""
"142","bmw-x5-2025-xdrive50e","2025","BMW","X5","xDrive50e","","luxury_suv","bmw","cbs_condition_based","B","https://www.bmwusa.com/content/dam/bmw/marketUS/common/warranty-books/2025/BMW_MY25_Maintenance_with_BEVs.pdf","","maintenance_booklet","The BMW Maintenance System / Maintenance Service Summary","yes","bmw-x5-2025-sdrive40i","32","200","application/pdf","9f556e4ec58b90ae1d5e97808a45dfb379ce2768faddb638f0995ffb3fffeca0","0.88","Schedule shared per manual_share_policy=shared_g05_generation; official US model-year BMW Maintenance booklet; extractable CBS and Maintenance Service Summary; shared from bmw-x5-2025-sdrive40i. URL verification passed: HTTP 200, application/pdf, %PDF magic, 633540 bytes. v2 retry validation passed 2026-07-26: HTTP 200, application/pdf, %PDF magic, 633540 bytes, SHA-256 9f556e4ec58b90ae1d5e97808a45dfb379ce2768faddb638f0995ffb3fffeca0. Source discovery is valid; remaining dual_extract_mismatch state requires extractor or creator-review remediation.",""
"143","bmw-x5-2024-sdrive40i","2024","BMW","X5","sDrive40i","","luxury_suv","bmw","cbs_condition_based","B","https://www.bmwusa.com/content/dam/bmw/marketUS/common/warranty-books/2024/BMW_MY_2024_All_Models_Maintenance_with_BEVs_PC2_4C.pdf","","maintenance_booklet","The BMW Maintenance System / Maintenance Service Summary","no","","36","200","application/pdf","5b0d2ac407e169e5e3bae42bd49c59cf42e6b6cb0f98f41befbc8112c1e84aec","0.90","Official US model-year BMW Maintenance booklet; extractable CBS and Maintenance Service Summary; canonical source for same-MY X5 packs. URL verification passed: HTTP 200, application/pdf, %PDF magic, 445964 bytes. v2 retry validation passed 2026-07-26: HTTP 200, application/pdf, %PDF magic, 445964 bytes, SHA-256 5b0d2ac407e169e5e3bae42bd49c59cf42e6b6cb0f98f41befbc8112c1e84aec. Source discovery is valid; remaining dual_extract_mismatch state requires extractor or creator-review remediation.",""
"144","bmw-x5-2024-xdrive40i","2024","BMW","X5","xDrive40i","","luxury_suv","bmw","cbs_condition_based","B","https://www.bmwusa.com/content/dam/bmw/marketUS/common/warranty-books/2024/BMW_MY_2024_All_Models_Maintenance_with_BEVs_PC2_4C.pdf","","maintenance_booklet","The BMW Maintenance System / Maintenance Service Summary","yes","bmw-x5-2024-sdrive40i","36","200","application/pdf","5b0d2ac407e169e5e3bae42bd49c59cf42e6b6cb0f98f41befbc8112c1e84aec","0.88","Schedule shared per manual_share_policy=shared_g05_generation; official US model-year BMW Maintenance booklet; extractable CBS and Maintenance Service Summary; shared from bmw-x5-2024-sdrive40i. URL verification passed: HTTP 200, application/pdf, %PDF magic, 445964 bytes. v2 retry validation passed 2026-07-26: HTTP 200, application/pdf, %PDF magic, 445964 bytes, SHA-256 5b0d2ac407e169e5e3bae42bd49c59cf42e6b6cb0f98f41befbc8112c1e84aec. Source discovery is valid; remaining dual_extract_mismatch state requires extractor or creator-review remediation.",""
"145","bmw-x5-2024-xdrive50e","2024","BMW","X5","xDrive50e","","luxury_suv","bmw","cbs_condition_based","B","https://www.bmwusa.com/content/dam/bmw/marketUS/common/warranty-books/2024/BMW_MY_2024_All_Models_Maintenance_with_BEVs_PC2_4C.pdf","","maintenance_booklet","The BMW Maintenance System / Maintenance Service Summary","yes","bmw-x5-2024-sdrive40i","36","200","application/pdf","5b0d2ac407e169e5e3bae42bd49c59cf42e6b6cb0f98f41befbc8112c1e84aec","0.88","Schedule shared per manual_share_policy=shared_g05_generation; official US model-year BMW Maintenance booklet; extractable CBS and Maintenance Service Summary; shared from bmw-x5-2024-sdrive40i. URL verification passed: HTTP 200, application/pdf, %PDF magic, 445964 bytes. v2 retry validation passed 2026-07-26: HTTP 200, application/pdf, %PDF magic, 445964 bytes, SHA-256 5b0d2ac407e169e5e3bae42bd49c59cf42e6b6cb0f98f41befbc8112c1e84aec. Source discovery is valid; remaining dual_extract_mismatch state requires extractor or creator-review remediation.",""
"146","bmw-x5-2023-sdrive40i","2023","BMW","X5","sDrive40i","","luxury_suv","bmw","cbs_condition_based","B","https://www.bmwusa.com/content/dam/bmw/marketUS/common/warranty-books/2023/BMW-MY-2023-All-Models-Maintenance-(On-line).pdf","","maintenance_booklet","The BMW Maintenance System / Maintenance Service Summary","no","","24","200","application/pdf","f77926d943328b1465e48c161e2151b0e310dd3f3c24e8c693452025157bb4d3","0.90","Official US model-year BMW Maintenance booklet; extractable CBS and Maintenance Service Summary; canonical source for same-MY X5 packs. URL verification passed: HTTP 200, application/pdf, %PDF magic, 836848 bytes. v2 retry validation passed 2026-07-26: HTTP 200, application/pdf, %PDF magic, 836848 bytes, SHA-256 f77926d943328b1465e48c161e2151b0e310dd3f3c24e8c693452025157bb4d3. Source discovery is valid; remaining dual_extract_mismatch state requires extractor or creator-review remediation.",""
"147","bmw-x5-2023-xdrive40i","2023","BMW","X5","xDrive40i","","luxury_suv","bmw","cbs_condition_based","B","https://www.bmwusa.com/content/dam/bmw/marketUS/common/warranty-books/2023/BMW-MY-2023-All-Models-Maintenance-(On-line).pdf","","maintenance_booklet","The BMW Maintenance System / Maintenance Service Summary","yes","bmw-x5-2023-sdrive40i","24","200","application/pdf","f77926d943328b1465e48c161e2151b0e310dd3f3c24e8c693452025157bb4d3","0.88","Schedule shared per manual_share_policy=shared_g05_generation; official US model-year BMW Maintenance booklet; extractable CBS and Maintenance Service Summary; shared from bmw-x5-2023-sdrive40i. URL verification passed: HTTP 200, application/pdf, %PDF magic, 836848 bytes. v2 retry validation passed 2026-07-26: HTTP 200, application/pdf, %PDF magic, 836848 bytes, SHA-256 f77926d943328b1465e48c161e2151b0e310dd3f3c24e8c693452025157bb4d3. Source discovery is valid; remaining dual_extract_mismatch state requires extractor or creator-review remediation.",""
"148","bmw-x5-2023-xdrive50e","2023","BMW","X5","xDrive50e","","luxury_suv","bmw","cbs_condition_based","B","https://www.bmwusa.com/content/dam/bmw/marketUS/common/warranty-books/2023/BMW-MY-2023-All-Models-Maintenance-(On-line).pdf","","maintenance_booklet","The BMW Maintenance System / Maintenance Service Summary","yes","bmw-x5-2023-sdrive40i","24","200","application/pdf","f77926d943328b1465e48c161e2151b0e310dd3f3c24e8c693452025157bb4d3","0.88","Schedule shared per manual_share_policy=shared_g05_generation; official US model-year BMW Maintenance booklet; extractable CBS and Maintenance Service Summary; shared from bmw-x5-2023-sdrive40i. URL verification passed: HTTP 200, application/pdf, %PDF magic, 836848 bytes. v2 retry validation passed 2026-07-26: HTTP 200, application/pdf, %PDF magic, 836848 bytes, SHA-256 f77926d943328b1465e48c161e2151b0e310dd3f3c24e8c693452025157bb4d3. Source discovery is valid; remaining dual_extract_mismatch state requires extractor or creator-review remediation.",""
"149","bmw-x5-2022-sdrive40i","2022","BMW","X5","sDrive40i","","luxury_suv","bmw","cbs_condition_based","B","https://www.bmwusa.com/content/dam/bmw/marketUS/common/warranty-books/2022/BMW_2022_All_Models_Maintenance_ADA.pdf","","maintenance_booklet","The BMW Maintenance System / Maintenance Service Summary","no","","27","200","application/pdf","bde6822fd8b30af841919e52d6f192e5ebdd07a0cde44e852d91db022bae0cfb","0.90","Official US model-year BMW Maintenance booklet; extractable CBS and Maintenance Service Summary; canonical source for same-MY X5 packs. URL verification passed: HTTP 200, application/pdf, %PDF magic, 921173 bytes. v2 retry validation passed 2026-07-26: HTTP 200, application/pdf, %PDF magic, 921173 bytes, SHA-256 bde6822fd8b30af841919e52d6f192e5ebdd07a0cde44e852d91db022bae0cfb. Source discovery is valid; remaining dual_extract_mismatch state requires extractor or creator-review remediation.",""
"150","bmw-x5-2022-xdrive40i","2022","BMW","X5","xDrive40i","","luxury_suv","bmw","cbs_condition_based","B","https://www.bmwusa.com/content/dam/bmw/marketUS/common/warranty-books/2022/BMW_2022_All_Models_Maintenance_ADA.pdf","","maintenance_booklet","The BMW Maintenance System / Maintenance Service Summary","yes","bmw-x5-2022-sdrive40i","27","200","application/pdf","bde6822fd8b30af841919e52d6f192e5ebdd07a0cde44e852d91db022bae0cfb","0.88","Schedule shared per manual_share_policy=shared_g05_generation; official US model-year BMW Maintenance booklet; extractable CBS and Maintenance Service Summary; shared from bmw-x5-2022-sdrive40i. URL verification passed: HTTP 200, application/pdf, %PDF magic, 921173 bytes. v2 retry validation passed 2026-07-26: HTTP 200, application/pdf, %PDF magic, 921173 bytes, SHA-256 bde6822fd8b30af841919e52d6f192e5ebdd07a0cde44e852d91db022bae0cfb. Source discovery is valid; remaining dual_extract_mismatch state requires extractor or creator-review remediation.",""
"151","bmw-x5-2022-xdrive50e","2022","BMW","X5","xDrive50e","","luxury_suv","bmw","cbs_condition_based","B","https://www.bmwusa.com/content/dam/bmw/marketUS/common/warranty-books/2022/BMW_2022_All_Models_Maintenance_ADA.pdf","","maintenance_booklet","The BMW Maintenance System / Maintenance Service Summary","yes","bmw-x5-2022-sdrive40i","27","200","application/pdf","bde6822fd8b30af841919e52d6f192e5ebdd07a0cde44e852d91db022bae0cfb","0.88","Schedule shared per manual_share_policy=shared_g05_generation; official US model-year BMW Maintenance booklet; extractable CBS and Maintenance Service Summary; shared from bmw-x5-2022-sdrive40i. URL verification passed: HTTP 200, application/pdf, %PDF magic, 921173 bytes. v2 retry validation passed 2026-07-26: HTTP 200, application/pdf, %PDF magic, 921173 bytes, SHA-256 bde6822fd8b30af841919e52d6f192e5ebdd07a0cde44e852d91db022bae0cfb. Source discovery is valid; remaining dual_extract_mismatch state requires extractor or creator-review remediation.",""
"152","bmw-x5-2021-sdrive40i","2021","BMW","X5","sDrive40i","","luxury_suv","bmw","cbs_condition_based","B","https://www.bmwusa.com/content/dam/bmw/marketUS/common/warranty-books/2021/5A1BC92_21MY_BMW_Maintenance_FINAL_Print_withCover_111220.pdf","","maintenance_booklet","The BMW Maintenance System / Maintenance Service Summary","no","","26","200","application/pdf","3596c1ae0c3e8a25be5da00290b807bebcc75ecacbb8eb102a539622fd63b317","0.90","Official US model-year BMW Maintenance booklet; extractable CBS and Maintenance Service Summary; canonical source for same-MY X5 packs. URL verification passed: HTTP 200, application/pdf, %PDF magic, 1346051 bytes. v2 retry validation passed 2026-07-26: HTTP 200, application/pdf, %PDF magic, 1346051 bytes, SHA-256 3596c1ae0c3e8a25be5da00290b807bebcc75ecacbb8eb102a539622fd63b317. Source discovery is valid; remaining dual_extract_mismatch state requires extractor or creator-review remediation.",""
"153","bmw-x5-2021-xdrive40i","2021","BMW","X5","xDrive40i","","luxury_suv","bmw","cbs_condition_based","B","https://www.bmwusa.com/content/dam/bmw/marketUS/common/warranty-books/2021/5A1BC92_21MY_BMW_Maintenance_FINAL_Print_withCover_111220.pdf","","maintenance_booklet","The BMW Maintenance System / Maintenance Service Summary","yes","bmw-x5-2021-sdrive40i","26","200","application/pdf","3596c1ae0c3e8a25be5da00290b807bebcc75ecacbb8eb102a539622fd63b317","0.88","Schedule shared per manual_share_policy=shared_g05_generation; official US model-year BMW Maintenance booklet; extractable CBS and Maintenance Service Summary; shared from bmw-x5-2021-sdrive40i. URL verification passed: HTTP 200, application/pdf, %PDF magic, 1346051 bytes. v2 retry validation passed 2026-07-26: HTTP 200, application/pdf, %PDF magic, 1346051 bytes, SHA-256 3596c1ae0c3e8a25be5da00290b807bebcc75ecacbb8eb102a539622fd63b317. Source discovery is valid; remaining dual_extract_mismatch state requires extractor or creator-review remediation.",""
"154","bmw-x5-2021-xdrive50e","2021","BMW","X5","xDrive50e","","luxury_suv","bmw","cbs_condition_based","B","https://www.bmwusa.com/content/dam/bmw/marketUS/common/warranty-books/2021/5A1BC92_21MY_BMW_Maintenance_FINAL_Print_withCover_111220.pdf","","maintenance_booklet","The BMW Maintenance System / Maintenance Service Summary","yes","bmw-x5-2021-sdrive40i","26","200","application/pdf","3596c1ae0c3e8a25be5da00290b807bebcc75ecacbb8eb102a539622fd63b317","0.88","Schedule shared per manual_share_policy=shared_g05_generation; official US model-year BMW Maintenance booklet; extractable CBS and Maintenance Service Summary; shared from bmw-x5-2021-sdrive40i. URL verification passed: HTTP 200, application/pdf, %PDF magic, 1346051 bytes. v2 retry validation passed 2026-07-26: HTTP 200, application/pdf, %PDF magic, 1346051 bytes, SHA-256 3596c1ae0c3e8a25be5da00290b807bebcc75ecacbb8eb102a539622fd63b317. Source discovery is valid; remaining dual_extract_mismatch state requires extractor or creator-review remediation.",""
"155","bmw-x5-2020-sdrive40i","2020","BMW","X5","sDrive40i","","luxury_suv","bmw","cbs_condition_based","B","https://www.bmwusa.com/content/dam/bmw/marketUS/common/warranty-books/2020/5A0BC07_20MY_BMW_Maintenance_FINAL_Print_withCover_042220.pdf","","maintenance_booklet","The BMW Maintenance System / Maintenance Service Summary","no","","27","200","application/pdf","54ce5e875bee4f11673c2ab308f5a776e136a254dd87d9ed6af304b52cd7db2a","0.90","Official US model-year BMW Maintenance booklet; extractable CBS and Maintenance Service Summary; canonical source for same-MY X5 packs. URL verification passed: HTTP 200, application/pdf, %PDF magic, 2042684 bytes. v2 retry validation passed 2026-07-26: HTTP 200, application/pdf, %PDF magic, 2042684 bytes, SHA-256 54ce5e875bee4f11673c2ab308f5a776e136a254dd87d9ed6af304b52cd7db2a. Source discovery is valid; remaining dual_extract_mismatch state requires extractor or creator-review remediation.",""
"156","bmw-x5-2020-xdrive40i","2020","BMW","X5","xDrive40i","","luxury_suv","bmw","cbs_condition_based","B","https://www.bmwusa.com/content/dam/bmw/marketUS/common/warranty-books/2020/5A0BC07_20MY_BMW_Maintenance_FINAL_Print_withCover_042220.pdf","","maintenance_booklet","The BMW Maintenance System / Maintenance Service Summary","yes","bmw-x5-2020-sdrive40i","27","200","application/pdf","54ce5e875bee4f11673c2ab308f5a776e136a254dd87d9ed6af304b52cd7db2a","0.88","Schedule shared per manual_share_policy=shared_g05_generation; official US model-year BMW Maintenance booklet; extractable CBS and Maintenance Service Summary; shared from bmw-x5-2020-sdrive40i. URL verification passed: HTTP 200, application/pdf, %PDF magic, 2042684 bytes. v2 retry validation passed 2026-07-26: HTTP 200, application/pdf, %PDF magic, 2042684 bytes, SHA-256 54ce5e875bee4f11673c2ab308f5a776e136a254dd87d9ed6af304b52cd7db2a. Source discovery is valid; remaining dual_extract_mismatch state requires extractor or creator-review remediation.",""
"157","bmw-x5-2020-xdrive50e","2020","BMW","X5","xDrive50e","","luxury_suv","bmw","cbs_condition_based","B","https://www.bmwusa.com/content/dam/bmw/marketUS/common/warranty-books/2020/5A0BC07_20MY_BMW_Maintenance_FINAL_Print_withCover_042220.pdf","","maintenance_booklet","The BMW Maintenance System / Maintenance Service Summary","yes","bmw-x5-2020-sdrive40i","27","200","application/pdf","54ce5e875bee4f11673c2ab308f5a776e136a254dd87d9ed6af304b52cd7db2a","0.88","Schedule shared per manual_share_policy=shared_g05_generation; official US model-year BMW Maintenance booklet; extractable CBS and Maintenance Service Summary; shared from bmw-x5-2020-sdrive40i. URL verification passed: HTTP 200, application/pdf, %PDF magic, 2042684 bytes. v2 retry validation passed 2026-07-26: HTTP 200, application/pdf, %PDF magic, 2042684 bytes, SHA-256 54ce5e875bee4f11673c2ab308f5a776e136a254dd87d9ed6af304b52cd7db2a. Source discovery is valid; remaining dual_extract_mismatch state requires extractor or creator-review remediation.",""
"158","bmw-x5-2019-sdrive40i","2019","BMW","X5","sDrive40i","","luxury_suv","bmw","cbs_condition_based","B","https://www.bmwusa.com/content/dam/bmw/marketUS/common/warranty-books/2019/2019-BMW-Maintenance.pdf","","maintenance_booklet","The BMW Maintenance System / Maintenance Service Summary","no","","36","200","application/pdf","9378017163d6ff1a1e9b6f6ff519474d05832c448db619a36edc573a1dcd259e","0.90","Official US model-year BMW Maintenance booklet; extractable CBS and Maintenance Service Summary; canonical source for same-MY X5 packs. URL verification passed: HTTP 200, application/pdf, %PDF magic, 1027813 bytes. v2 retry validation passed 2026-07-26: HTTP 200, application/pdf, %PDF magic, 1027813 bytes, SHA-256 9378017163d6ff1a1e9b6f6ff519474d05832c448db619a36edc573a1dcd259e. Source discovery is valid; remaining dual_extract_mismatch state requires extractor or creator-review remediation.",""
"159","bmw-x5-2019-xdrive40i","2019","BMW","X5","xDrive40i","","luxury_suv","bmw","cbs_condition_based","B","https://www.bmwusa.com/content/dam/bmw/marketUS/common/warranty-books/2019/2019-BMW-Maintenance.pdf","","maintenance_booklet","The BMW Maintenance System / Maintenance Service Summary","yes","bmw-x5-2019-sdrive40i","36","200","application/pdf","9378017163d6ff1a1e9b6f6ff519474d05832c448db619a36edc573a1dcd259e","0.88","Schedule shared per manual_share_policy=shared_g05_generation; official US model-year BMW Maintenance booklet; extractable CBS and Maintenance Service Summary; shared from bmw-x5-2019-sdrive40i. URL verification passed: HTTP 200, application/pdf, %PDF magic, 1027813 bytes. v2 retry validation passed 2026-07-26: HTTP 200, application/pdf, %PDF magic, 1027813 bytes, SHA-256 9378017163d6ff1a1e9b6f6ff519474d05832c448db619a36edc573a1dcd259e. Source discovery is valid; remaining dual_extract_mismatch state requires extractor or creator-review remediation.",""
"160","bmw-x5-2019-xdrive50e","2019","BMW","X5","xDrive50e","","luxury_suv","bmw","cbs_condition_based","B","https://www.bmwusa.com/content/dam/bmw/marketUS/common/warranty-books/2019/2019-BMW-Maintenance.pdf","","maintenance_booklet","The BMW Maintenance System / Maintenance Service Summary","yes","bmw-x5-2019-sdrive40i","36","200","application/pdf","9378017163d6ff1a1e9b6f6ff519474d05832c448db619a36edc573a1dcd259e","0.88","Schedule shared per manual_share_policy=shared_g05_generation; official US model-year BMW Maintenance booklet; extractable CBS and Maintenance Service Summary; shared from bmw-x5-2019-sdrive40i. URL verification passed: HTTP 200, application/pdf, %PDF magic, 1027813 bytes. v2 retry validation passed 2026-07-26: HTTP 200, application/pdf, %PDF magic, 1027813 bytes, SHA-256 9378017163d6ff1a1e9b6f6ff519474d05832c448db619a36edc573a1dcd259e. Source discovery is valid; remaining dual_extract_mismatch state requires extractor or creator-review remediation.",""
"161","bmw-x6-2025-xdrive40i","2025","BMW","X6","xDrive40i","","luxury_suv","bmw","cbs_condition_based","B","https://www.bmwusa.com/content/dam/bmw/marketUS/common/warranty-books/2025/BMW_MY25_Maintenance_with_BEVs.pdf","","maintenance_booklet","The BMW Maintenance System / Maintenance Service Summary","yes","bmw-x5-2025-sdrive40i","32","200","application/pdf","9f556e4ec58b90ae1d5e97808a45dfb379ce2768faddb638f0995ffb3fffeca0","0.88","Schedule shared per manual_share_policy=shared_with_x5_schedule; official US model-year BMW Maintenance booklet; extractable CBS and Maintenance Service Summary; shared from bmw-x5-2025-sdrive40i. URL verification passed: HTTP 200, application/pdf, %PDF magic, 633540 bytes. v2 retry validation passed 2026-07-26: HTTP 200, application/pdf, %PDF magic, 633540 bytes, SHA-256 9f556e4ec58b90ae1d5e97808a45dfb379ce2768faddb638f0995ffb3fffeca0. Source discovery is valid; remaining dual_extract_mismatch state requires extractor or creator-review remediation.",""
"162","bmw-x6-2025-m40i","2025","BMW","X6","M40i","","luxury_suv","bmw","cbs_condition_based","B","https://www.bmwusa.com/content/dam/bmw/marketUS/common/warranty-books/2025/BMW_MY25_Maintenance_with_BEVs.pdf","","maintenance_booklet","The BMW Maintenance System / Maintenance Service Summary","yes","bmw-x5-2025-sdrive40i","32","200","application/pdf","9f556e4ec58b90ae1d5e97808a45dfb379ce2768faddb638f0995ffb3fffeca0","0.88","Schedule shared per manual_share_policy=shared_with_x5_schedule; official US model-year BMW Maintenance booklet; extractable CBS and Maintenance Service Summary; shared from bmw-x5-2025-sdrive40i. URL verification passed: HTTP 200, application/pdf, %PDF magic, 633540 bytes. v2 retry validation passed 2026-07-26: HTTP 200, application/pdf, %PDF magic, 633540 bytes, SHA-256 9f556e4ec58b90ae1d5e97808a45dfb379ce2768faddb638f0995ffb3fffeca0. Source discovery is valid; remaining dual_extract_mismatch state requires extractor or creator-review remediation.",""
"163","bmw-x6-2024-xdrive40i","2024","BMW","X6","xDrive40i","","luxury_suv","bmw","cbs_condition_based","B","https://www.bmwusa.com/content/dam/bmw/marketUS/common/warranty-books/2024/BMW_MY_2024_All_Models_Maintenance_with_BEVs_PC2_4C.pdf","","maintenance_booklet","The BMW Maintenance System / Maintenance Service Summary","yes","bmw-x5-2024-sdrive40i","36","200","application/pdf","5b0d2ac407e169e5e3bae42bd49c59cf42e6b6cb0f98f41befbc8112c1e84aec","0.88","Schedule shared per manual_share_policy=shared_with_x5_schedule; official US model-year BMW Maintenance booklet; extractable CBS and Maintenance Service Summary; shared from bmw-x5-2024-sdrive40i. URL verification passed: HTTP 200, application/pdf, %PDF magic, 445964 bytes. v2 retry validation passed 2026-07-26: HTTP 200, application/pdf, %PDF magic, 445964 bytes, SHA-256 5b0d2ac407e169e5e3bae42bd49c59cf42e6b6cb0f98f41befbc8112c1e84aec. Source discovery is valid; remaining dual_extract_mismatch state requires extractor or creator-review remediation.",""
"164","bmw-x6-2024-m40i","2024","BMW","X6","M40i","","luxury_suv","bmw","cbs_condition_based","B","https://www.bmwusa.com/content/dam/bmw/marketUS/common/warranty-books/2024/BMW_MY_2024_All_Models_Maintenance_with_BEVs_PC2_4C.pdf","","maintenance_booklet","The BMW Maintenance System / Maintenance Service Summary","yes","bmw-x5-2024-sdrive40i","36","200","application/pdf","5b0d2ac407e169e5e3bae42bd49c59cf42e6b6cb0f98f41befbc8112c1e84aec","0.88","Schedule shared per manual_share_policy=shared_with_x5_schedule; official US model-year BMW Maintenance booklet; extractable CBS and Maintenance Service Summary; shared from bmw-x5-2024-sdrive40i. URL verification passed: HTTP 200, application/pdf, %PDF magic, 445964 bytes. v2 retry validation passed 2026-07-26: HTTP 200, application/pdf, %PDF magic, 445964 bytes, SHA-256 5b0d2ac407e169e5e3bae42bd49c59cf42e6b6cb0f98f41befbc8112c1e84aec. Source discovery is valid; remaining dual_extract_mismatch state requires extractor or creator-review remediation.",""
"165","bmw-x6-2023-xdrive40i","2023","BMW","X6","xDrive40i","","luxury_suv","bmw","cbs_condition_based","B","https://www.bmwusa.com/content/dam/bmw/marketUS/common/warranty-books/2023/BMW-MY-2023-All-Models-Maintenance-(On-line).pdf","","maintenance_booklet","The BMW Maintenance System / Maintenance Service Summary","yes","bmw-x5-2023-sdrive40i","24","200","application/pdf","f77926d943328b1465e48c161e2151b0e310dd3f3c24e8c693452025157bb4d3","0.88","Schedule shared per manual_share_policy=shared_with_x5_schedule; official US model-year BMW Maintenance booklet; extractable CBS and Maintenance Service Summary; shared from bmw-x5-2023-sdrive40i. URL verification passed: HTTP 200, application/pdf, %PDF magic, 836848 bytes. v2 retry validation passed 2026-07-26: HTTP 200, application/pdf, %PDF magic, 836848 bytes, SHA-256 f77926d943328b1465e48c161e2151b0e310dd3f3c24e8c693452025157bb4d3. Source discovery is valid; remaining dual_extract_mismatch state requires extractor or creator-review remediation.",""
"166","bmw-x6-2023-m40i","2023","BMW","X6","M40i","","luxury_suv","bmw","cbs_condition_based","B","https://www.bmwusa.com/content/dam/bmw/marketUS/common/warranty-books/2023/BMW-MY-2023-All-Models-Maintenance-(On-line).pdf","","maintenance_booklet","The BMW Maintenance System / Maintenance Service Summary","yes","bmw-x5-2023-sdrive40i","24","200","application/pdf","f77926d943328b1465e48c161e2151b0e310dd3f3c24e8c693452025157bb4d3","0.88","Schedule shared per manual_share_policy=shared_with_x5_schedule; official US model-year BMW Maintenance booklet; extractable CBS and Maintenance Service Summary; shared from bmw-x5-2023-sdrive40i. URL verification passed: HTTP 200, application/pdf, %PDF magic, 836848 bytes. v2 retry validation passed 2026-07-26: HTTP 200, application/pdf, %PDF magic, 836848 bytes, SHA-256 f77926d943328b1465e48c161e2151b0e310dd3f3c24e8c693452025157bb4d3. Source discovery is valid; remaining dual_extract_mismatch state requires extractor or creator-review remediation.",""
"167","bmw-x6-2022-xdrive40i","2022","BMW","X6","xDrive40i","","luxury_suv","bmw","cbs_condition_based","B","https://www.bmwusa.com/content/dam/bmw/marketUS/common/warranty-books/2022/BMW_2022_All_Models_Maintenance_ADA.pdf","","maintenance_booklet","The BMW Maintenance System / Maintenance Service Summary","yes","bmw-x5-2022-sdrive40i","27","200","application/pdf","bde6822fd8b30af841919e52d6f192e5ebdd07a0cde44e852d91db022bae0cfb","0.88","Schedule shared per manual_share_policy=shared_with_x5_schedule; official US model-year BMW Maintenance booklet; extractable CBS and Maintenance Service Summary; shared from bmw-x5-2022-sdrive40i. URL verification passed: HTTP 200, application/pdf, %PDF magic, 921173 bytes. v2 retry validation passed 2026-07-26: HTTP 200, application/pdf, %PDF magic, 921173 bytes, SHA-256 bde6822fd8b30af841919e52d6f192e5ebdd07a0cde44e852d91db022bae0cfb. Source discovery is valid; remaining dual_extract_mismatch state requires extractor or creator-review remediation.",""
"168","bmw-x6-2022-m40i","2022","BMW","X6","M40i","","luxury_suv","bmw","cbs_condition_based","B","https://www.bmwusa.com/content/dam/bmw/marketUS/common/warranty-books/2022/BMW_2022_All_Models_Maintenance_ADA.pdf","","maintenance_booklet","The BMW Maintenance System / Maintenance Service Summary","yes","bmw-x5-2022-sdrive40i","27","200","application/pdf","bde6822fd8b30af841919e52d6f192e5ebdd07a0cde44e852d91db022bae0cfb","0.88","Schedule shared per manual_share_policy=shared_with_x5_schedule; official US model-year BMW Maintenance booklet; extractable CBS and Maintenance Service Summary; shared from bmw-x5-2022-sdrive40i. URL verification passed: HTTP 200, application/pdf, %PDF magic, 921173 bytes. v2 retry validation passed 2026-07-26: HTTP 200, application/pdf, %PDF magic, 921173 bytes, SHA-256 bde6822fd8b30af841919e52d6f192e5ebdd07a0cde44e852d91db022bae0cfb. Source discovery is valid; remaining dual_extract_mismatch state requires extractor or creator-review remediation.",""
"169","bmw-x6-2021-xdrive40i","2021","BMW","X6","xDrive40i","","luxury_suv","bmw","cbs_condition_based","B","https://www.bmwusa.com/content/dam/bmw/marketUS/common/warranty-books/2021/5A1BC92_21MY_BMW_Maintenance_FINAL_Print_withCover_111220.pdf","","maintenance_booklet","The BMW Maintenance System / Maintenance Service Summary","yes","bmw-x5-2021-sdrive40i","26","200","application/pdf","3596c1ae0c3e8a25be5da00290b807bebcc75ecacbb8eb102a539622fd63b317","0.88","Schedule shared per manual_share_policy=shared_with_x5_schedule; official US model-year BMW Maintenance booklet; extractable CBS and Maintenance Service Summary; shared from bmw-x5-2021-sdrive40i. URL verification passed: HTTP 200, application/pdf, %PDF magic, 1346051 bytes. v2 retry validation passed 2026-07-26: HTTP 200, application/pdf, %PDF magic, 1346051 bytes, SHA-256 3596c1ae0c3e8a25be5da00290b807bebcc75ecacbb8eb102a539622fd63b317. Source discovery is valid; remaining dual_extract_mismatch state requires extractor or creator-review remediation.",""
"170","bmw-x6-2021-m40i","2021","BMW","X6","M40i","","luxury_suv","bmw","cbs_condition_based","B","https://www.bmwusa.com/content/dam/bmw/marketUS/common/warranty-books/2021/5A1BC92_21MY_BMW_Maintenance_FINAL_Print_withCover_111220.pdf","","maintenance_booklet","The BMW Maintenance System / Maintenance Service Summary","yes","bmw-x5-2021-sdrive40i","26","200","application/pdf","3596c1ae0c3e8a25be5da00290b807bebcc75ecacbb8eb102a539622fd63b317","0.88","Schedule shared per manual_share_policy=shared_with_x5_schedule; official US model-year BMW Maintenance booklet; extractable CBS and Maintenance Service Summary; shared from bmw-x5-2021-sdrive40i. URL verification passed: HTTP 200, application/pdf, %PDF magic, 1346051 bytes. v2 retry validation passed 2026-07-26: HTTP 200, application/pdf, %PDF magic, 1346051 bytes, SHA-256 3596c1ae0c3e8a25be5da00290b807bebcc75ecacbb8eb102a539622fd63b317. Source discovery is valid; remaining dual_extract_mismatch state requires extractor or creator-review remediation.",""
"171","bmw-x6-2020-xdrive40i","2020","BMW","X6","xDrive40i","","luxury_suv","bmw","cbs_condition_based","B","https://www.bmwusa.com/content/dam/bmw/marketUS/common/warranty-books/2020/5A0BC07_20MY_BMW_Maintenance_FINAL_Print_withCover_042220.pdf","","maintenance_booklet","The BMW Maintenance System / Maintenance Service Summary","yes","bmw-x5-2020-sdrive40i","27","200","application/pdf","54ce5e875bee4f11673c2ab308f5a776e136a254dd87d9ed6af304b52cd7db2a","0.88","Schedule shared per manual_share_policy=shared_with_x5_schedule; official US model-year BMW Maintenance booklet; extractable CBS and Maintenance Service Summary; shared from bmw-x5-2020-sdrive40i. URL verification passed: HTTP 200, application/pdf, %PDF magic, 2042684 bytes. v2 retry validation passed 2026-07-26: HTTP 200, application/pdf, %PDF magic, 2042684 bytes, SHA-256 54ce5e875bee4f11673c2ab308f5a776e136a254dd87d9ed6af304b52cd7db2a. Source discovery is valid; remaining dual_extract_mismatch state requires extractor or creator-review remediation.",""
"172","bmw-x6-2020-m40i","2020","BMW","X6","M40i","","luxury_suv","bmw","cbs_condition_based","B","https://www.bmwusa.com/content/dam/bmw/marketUS/common/warranty-books/2020/5A0BC07_20MY_BMW_Maintenance_FINAL_Print_withCover_042220.pdf","","maintenance_booklet","The BMW Maintenance System / Maintenance Service Summary","yes","bmw-x5-2020-sdrive40i","27","200","application/pdf","54ce5e875bee4f11673c2ab308f5a776e136a254dd87d9ed6af304b52cd7db2a","0.88","Schedule shared per manual_share_policy=shared_with_x5_schedule; official US model-year BMW Maintenance booklet; extractable CBS and Maintenance Service Summary; shared from bmw-x5-2020-sdrive40i. URL verification passed: HTTP 200, application/pdf, %PDF magic, 2042684 bytes. v2 retry validation passed 2026-07-26: HTTP 200, application/pdf, %PDF magic, 2042684 bytes, SHA-256 54ce5e875bee4f11673c2ab308f5a776e136a254dd87d9ed6af304b52cd7db2a. Source discovery is valid; remaining dual_extract_mismatch state requires extractor or creator-review remediation.",""
"173","bmw-x7-2025-xdrive40i","2025","BMW","X7","xDrive40i","","luxury_suv","bmw","cbs_condition_based","B","https://www.bmwusa.com/content/dam/bmw/marketUS/common/warranty-books/2025/BMW_MY25_Maintenance_with_BEVs.pdf","","maintenance_booklet","The BMW Maintenance System / Maintenance Service Summary","no","","32","200","application/pdf","9f556e4ec58b90ae1d5e97808a45dfb379ce2768faddb638f0995ffb3fffeca0","0.90","Official US model-year BMW Maintenance booklet; extractable CBS and Maintenance Service Summary; canonical source for same-MY X7 packs. URL verification passed: HTTP 200, application/pdf, %PDF magic, 633540 bytes. v2 retry validation passed 2026-07-26: HTTP 200, application/pdf, %PDF magic, 633540 bytes, SHA-256 9f556e4ec58b90ae1d5e97808a45dfb379ce2768faddb638f0995ffb3fffeca0. Source discovery is valid; remaining no_manifest state requires extractor or creator-review remediation.",""
"174","bmw-x7-2024-xdrive40i","2024","BMW","X7","xDrive40i","","luxury_suv","bmw","cbs_condition_based","B","https://www.bmwusa.com/content/dam/bmw/marketUS/common/warranty-books/2024/BMW_MY_2024_All_Models_Maintenance_with_BEVs_PC2_4C.pdf","","maintenance_booklet","The BMW Maintenance System / Maintenance Service Summary","no","","36","200","application/pdf","5b0d2ac407e169e5e3bae42bd49c59cf42e6b6cb0f98f41befbc8112c1e84aec","0.90","Official US model-year BMW Maintenance booklet; extractable CBS and Maintenance Service Summary; canonical source for same-MY X7 packs. URL verification passed: HTTP 200, application/pdf, %PDF magic, 445964 bytes. v2 retry validation passed 2026-07-26: HTTP 200, application/pdf, %PDF magic, 445964 bytes, SHA-256 5b0d2ac407e169e5e3bae42bd49c59cf42e6b6cb0f98f41befbc8112c1e84aec. Source discovery is valid; remaining dual_extract_mismatch state requires extractor or creator-review remediation.",""
"175","bmw-x7-2023-xdrive40i","2023","BMW","X7","xDrive40i","","luxury_suv","bmw","cbs_condition_based","B","https://www.bmwusa.com/content/dam/bmw/marketUS/common/warranty-books/2023/BMW-MY-2023-All-Models-Maintenance-(On-line).pdf","","maintenance_booklet","The BMW Maintenance System / Maintenance Service Summary","no","","24","200","application/pdf","f77926d943328b1465e48c161e2151b0e310dd3f3c24e8c693452025157bb4d3","0.90","Official US model-year BMW Maintenance booklet; extractable CBS and Maintenance Service Summary; canonical source for same-MY X7 packs. URL verification passed: HTTP 200, application/pdf, %PDF magic, 836848 bytes. v2 retry validation passed 2026-07-26: HTTP 200, application/pdf, %PDF magic, 836848 bytes, SHA-256 f77926d943328b1465e48c161e2151b0e310dd3f3c24e8c693452025157bb4d3. Source discovery is valid; remaining dual_extract_mismatch state requires extractor or creator-review remediation.",""
"176","bmw-x7-2022-xdrive40i","2022","BMW","X7","xDrive40i","","luxury_suv","bmw","cbs_condition_based","B","https://www.bmwusa.com/content/dam/bmw/marketUS/common/warranty-books/2022/BMW_2022_All_Models_Maintenance_ADA.pdf","","maintenance_booklet","The BMW Maintenance System / Maintenance Service Summary","no","","27","200","application/pdf","bde6822fd8b30af841919e52d6f192e5ebdd07a0cde44e852d91db022bae0cfb","0.90","Official US model-year BMW Maintenance booklet; extractable CBS and Maintenance Service Summary; canonical same-MY X7 source. URL verification passed: HTTP 200, application/pdf, %PDF magic, 921173 bytes. v2 retry validation passed 2026-07-26: HTTP 200, application/pdf, %PDF magic, 921173 bytes, SHA-256 bde6822fd8b30af841919e52d6f192e5ebdd07a0cde44e852d91db022bae0cfb. Source discovery is valid; remaining dual_extract_mismatch state requires extractor or creator-review remediation.",""
"177","bmw-x7-2021-xdrive40i","2021","BMW","X7","xDrive40i","","luxury_suv","bmw","cbs_condition_based","B","https://www.bmwusa.com/content/dam/bmw/marketUS/common/warranty-books/2021/5A1BC92_21MY_BMW_Maintenance_FINAL_Print_withCover_111220.pdf","","maintenance_booklet","The BMW Maintenance System / Maintenance Service Summary","no","","26","200","application/pdf","3596c1ae0c3e8a25be5da00290b807bebcc75ecacbb8eb102a539622fd63b317","0.90","Official US model-year BMW Maintenance booklet; extractable CBS and Maintenance Service Summary; canonical same-MY X7 source. URL verification passed: HTTP 200, application/pdf, %PDF magic, 1346051 bytes. v2 retry validation passed 2026-07-26: HTTP 200, application/pdf, %PDF magic, 1346051 bytes, SHA-256 3596c1ae0c3e8a25be5da00290b807bebcc75ecacbb8eb102a539622fd63b317. Source discovery is valid; remaining dual_extract_mismatch state requires extractor or creator-review remediation.",""
"178","bmw-x7-2020-xdrive40i","2020","BMW","X7","xDrive40i","","luxury_suv","bmw","cbs_condition_based","B","https://www.bmwusa.com/content/dam/bmw/marketUS/common/warranty-books/2020/5A0BC07_20MY_BMW_Maintenance_FINAL_Print_withCover_042220.pdf","","maintenance_booklet","The BMW Maintenance System / Maintenance Service Summary","no","","27","200","application/pdf","54ce5e875bee4f11673c2ab308f5a776e136a254dd87d9ed6af304b52cd7db2a","0.90","Official US model-year BMW Maintenance booklet; extractable CBS and Maintenance Service Summary; canonical same-MY X7 source. URL verification passed: HTTP 200, application/pdf, %PDF magic, 2042684 bytes. v2 retry validation passed 2026-07-26: HTTP 200, application/pdf, %PDF magic, 2042684 bytes, SHA-256 54ce5e875bee4f11673c2ab308f5a776e136a254dd87d9ed6af304b52cd7db2a. Source discovery is valid; remaining dual_extract_mismatch state requires extractor or creator-review remediation.",""
"179","bmw-x7-2019-xdrive40i","2019","BMW","X7","xDrive40i","","luxury_suv","bmw","cbs_condition_based","B","https://www.bmwusa.com/content/dam/bmw/marketUS/common/warranty-books/2019/2019-BMW-Maintenance.pdf","","maintenance_booklet","The BMW Maintenance System / Maintenance Service Summary","no","","36","200","application/pdf","9378017163d6ff1a1e9b6f6ff519474d05832c448db619a36edc573a1dcd259e","0.90","Official US model-year BMW Maintenance booklet; extractable CBS and Maintenance Service Summary; canonical same-MY X7 source. URL verification passed: HTTP 200, application/pdf, %PDF magic, 1027813 bytes. v2 retry validation passed 2026-07-26: HTTP 200, application/pdf, %PDF magic, 1027813 bytes, SHA-256 9378017163d6ff1a1e9b6f6ff519474d05832c448db619a36edc573a1dcd259e. Source discovery is valid; remaining dual_extract_mismatch state requires extractor or creator-review remediation.",""
"202","bmw-z4-2025-sdrive30i","2025","BMW","Z4","sDrive30i","","luxury_sports","bmw","cbs_condition_based","B","https://www.bmwusa.com/content/dam/bmw/marketUS/common/warranty-books/2025/BMW_MY25_Maintenance_with_BEVs.pdf","","maintenance_booklet","The BMW Maintenance System / Maintenance Service Summary","no","","32","200","application/pdf","9f556e4ec58b90ae1d5e97808a45dfb379ce2768faddb638f0995ffb3fffeca0","0.90","Official same-MY BMW maintenance booklet with extractable CBS schedule; canonical pack source. URL verification passed: HTTP 200, application/pdf, %PDF magic, 633540 bytes. v2 retry validation passed 2026-07-26: HTTP 200, application/pdf, %PDF magic, 633540 bytes, SHA-256 9f556e4ec58b90ae1d5e97808a45dfb379ce2768faddb638f0995ffb3fffeca0. Source discovery is valid; remaining dual_extract_mismatch state requires extractor or creator-review remediation.",""
"203","bmw-z4-2025-m40i","2025","BMW","Z4","M40i","","luxury_sports","bmw","cbs_condition_based","B","https://www.bmwusa.com/content/dam/bmw/marketUS/common/warranty-books/2025/BMW_MY25_Maintenance_with_BEVs.pdf","","maintenance_booklet","The BMW Maintenance System / Maintenance Service Summary","yes","bmw-z4-2025-sdrive30i","32","200","application/pdf","9f556e4ec58b90ae1d5e97808a45dfb379ce2768faddb638f0995ffb3fffeca0","0.88","Schedule shared per manual_share_policy=shared_within_model_year; official same-MY BMW maintenance booklet; shared from bmw-z4-2025-sdrive30i. URL verification passed: HTTP 200, application/pdf, %PDF magic, 633540 bytes. v2 retry validation passed 2026-07-26: HTTP 200, application/pdf, %PDF magic, 633540 bytes, SHA-256 9f556e4ec58b90ae1d5e97808a45dfb379ce2768faddb638f0995ffb3fffeca0. Source discovery is valid; remaining dual_extract_mismatch state requires extractor or creator-review remediation.",""
"204","bmw-z4-2024-sdrive30i","2024","BMW","Z4","sDrive30i","","luxury_sports","bmw","cbs_condition_based","B","https://www.bmwusa.com/content/dam/bmw/marketUS/common/warranty-books/2024/BMW_MY_2024_All_Models_Maintenance_with_BEVs_PC2_4C.pdf","","maintenance_booklet","The BMW Maintenance System / Maintenance Service Summary","no","","36","200","application/pdf","5b0d2ac407e169e5e3bae42bd49c59cf42e6b6cb0f98f41befbc8112c1e84aec","0.90","Official same-MY BMW maintenance booklet with extractable CBS schedule; canonical pack source. URL verification passed: HTTP 200, application/pdf, %PDF magic, 445964 bytes. v2 retry validation passed 2026-07-26: HTTP 200, application/pdf, %PDF magic, 445964 bytes, SHA-256 5b0d2ac407e169e5e3bae42bd49c59cf42e6b6cb0f98f41befbc8112c1e84aec. Source discovery is valid; remaining dual_extract_mismatch state requires extractor or creator-review remediation.",""
"205","bmw-z4-2024-m40i","2024","BMW","Z4","M40i","","luxury_sports","bmw","cbs_condition_based","B","https://www.bmwusa.com/content/dam/bmw/marketUS/common/warranty-books/2024/BMW_MY_2024_All_Models_Maintenance_with_BEVs_PC2_4C.pdf","","maintenance_booklet","The BMW Maintenance System / Maintenance Service Summary","yes","bmw-z4-2024-sdrive30i","36","200","application/pdf","5b0d2ac407e169e5e3bae42bd49c59cf42e6b6cb0f98f41befbc8112c1e84aec","0.88","Schedule shared per manual_share_policy=shared_within_model_year; official same-MY BMW maintenance booklet; shared from bmw-z4-2024-sdrive30i. URL verification passed: HTTP 200, application/pdf, %PDF magic, 445964 bytes. v2 retry validation passed 2026-07-26: HTTP 200, application/pdf, %PDF magic, 445964 bytes, SHA-256 5b0d2ac407e169e5e3bae42bd49c59cf42e6b6cb0f98f41befbc8112c1e84aec. Source discovery is valid; remaining dual_extract_mismatch state requires extractor or creator-review remediation.",""
"206","bmw-z4-2023-sdrive30i","2023","BMW","Z4","sDrive30i","","luxury_sports","bmw","cbs_condition_based","B","https://www.bmwusa.com/content/dam/bmw/marketUS/common/warranty-books/2023/BMW-MY-2023-All-Models-Maintenance-(On-line).pdf","","maintenance_booklet","The BMW Maintenance System / Maintenance Service Summary","no","","24","200","application/pdf","f77926d943328b1465e48c161e2151b0e310dd3f3c24e8c693452025157bb4d3","0.90","Official same-MY BMW maintenance booklet with extractable CBS schedule; canonical pack source. URL verification passed: HTTP 200, application/pdf, %PDF magic, 836848 bytes. v2 retry validation passed 2026-07-26: HTTP 200, application/pdf, %PDF magic, 836848 bytes, SHA-256 f77926d943328b1465e48c161e2151b0e310dd3f3c24e8c693452025157bb4d3. Source discovery is valid; remaining dual_extract_mismatch state requires extractor or creator-review remediation.",""
"207","bmw-z4-2023-m40i","2023","BMW","Z4","M40i","","luxury_sports","bmw","cbs_condition_based","B","https://www.bmwusa.com/content/dam/bmw/marketUS/common/warranty-books/2023/BMW-MY-2023-All-Models-Maintenance-(On-line).pdf","","maintenance_booklet","The BMW Maintenance System / Maintenance Service Summary","yes","bmw-z4-2023-sdrive30i","24","200","application/pdf","f77926d943328b1465e48c161e2151b0e310dd3f3c24e8c693452025157bb4d3","0.88","Schedule shared per manual_share_policy=shared_within_model_year; official same-MY BMW maintenance booklet; shared from bmw-z4-2023-sdrive30i. URL verification passed: HTTP 200, application/pdf, %PDF magic, 836848 bytes. v2 retry validation passed 2026-07-26: HTTP 200, application/pdf, %PDF magic, 836848 bytes, SHA-256 f77926d943328b1465e48c161e2151b0e310dd3f3c24e8c693452025157bb4d3. Source discovery is valid; remaining dual_extract_mismatch state requires extractor or creator-review remediation.",""
"208","bmw-z4-2022-sdrive30i","2022","BMW","Z4","sDrive30i","","luxury_sports","bmw","cbs_condition_based","B","https://www.bmwusa.com/content/dam/bmw/marketUS/common/warranty-books/2022/BMW_2022_All_Models_Maintenance_ADA.pdf","","maintenance_booklet","The BMW Maintenance System / Maintenance Service Summary","no","","27","200","application/pdf","bde6822fd8b30af841919e52d6f192e5ebdd07a0cde44e852d91db022bae0cfb","0.90","Official same-MY BMW maintenance booklet with extractable CBS schedule; canonical pack source. URL verification passed: HTTP 200, application/pdf, %PDF magic, 921173 bytes. v2 retry validation passed 2026-07-26: HTTP 200, application/pdf, %PDF magic, 921173 bytes, SHA-256 bde6822fd8b30af841919e52d6f192e5ebdd07a0cde44e852d91db022bae0cfb. Source discovery is valid; remaining dual_extract_mismatch state requires extractor or creator-review remediation.",""
"209","bmw-z4-2022-m40i","2022","BMW","Z4","M40i","","luxury_sports","bmw","cbs_condition_based","B","https://www.bmwusa.com/content/dam/bmw/marketUS/common/warranty-books/2022/BMW_2022_All_Models_Maintenance_ADA.pdf","","maintenance_booklet","The BMW Maintenance System / Maintenance Service Summary","yes","bmw-z4-2022-sdrive30i","27","200","application/pdf","bde6822fd8b30af841919e52d6f192e5ebdd07a0cde44e852d91db022bae0cfb","0.88","Schedule shared per manual_share_policy=shared_within_model_year; official same-MY BMW maintenance booklet; shared from bmw-z4-2022-sdrive30i. URL verification passed: HTTP 200, application/pdf, %PDF magic, 921173 bytes. v2 retry validation passed 2026-07-26: HTTP 200, application/pdf, %PDF magic, 921173 bytes, SHA-256 bde6822fd8b30af841919e52d6f192e5ebdd07a0cde44e852d91db022bae0cfb. Source discovery is valid; remaining dual_extract_mismatch state requires extractor or creator-review remediation.",""
"210","bmw-z4-2021-sdrive30i","2021","BMW","Z4","sDrive30i","","luxury_sports","bmw","cbs_condition_based","B","https://www.bmwusa.com/content/dam/bmw/marketUS/common/warranty-books/2021/5A1BC92_21MY_BMW_Maintenance_FINAL_Print_withCover_111220.pdf","","maintenance_booklet","The BMW Maintenance System / Maintenance Service Summary","no","","26","200","application/pdf","3596c1ae0c3e8a25be5da00290b807bebcc75ecacbb8eb102a539622fd63b317","0.90","Official same-MY BMW maintenance booklet with extractable CBS schedule; canonical pack source. URL verification passed: HTTP 200, application/pdf, %PDF magic, 1346051 bytes. v2 retry validation passed 2026-07-26: HTTP 200, application/pdf, %PDF magic, 1346051 bytes, SHA-256 3596c1ae0c3e8a25be5da00290b807bebcc75ecacbb8eb102a539622fd63b317. Source discovery is valid; remaining dual_extract_mismatch state requires extractor or creator-review remediation.",""
"211","bmw-z4-2021-m40i","2021","BMW","Z4","M40i","","luxury_sports","bmw","cbs_condition_based","B","https://www.bmwusa.com/content/dam/bmw/marketUS/common/warranty-books/2021/5A1BC92_21MY_BMW_Maintenance_FINAL_Print_withCover_111220.pdf","","maintenance_booklet","The BMW Maintenance System / Maintenance Service Summary","yes","bmw-z4-2021-sdrive30i","26","200","application/pdf","3596c1ae0c3e8a25be5da00290b807bebcc75ecacbb8eb102a539622fd63b317","0.88","Schedule shared per manual_share_policy=shared_within_model_year; official same-MY BMW maintenance booklet; shared from bmw-z4-2021-sdrive30i. URL verification passed: HTTP 200, application/pdf, %PDF magic, 1346051 bytes. v2 retry validation passed 2026-07-26: HTTP 200, application/pdf, %PDF magic, 1346051 bytes, SHA-256 3596c1ae0c3e8a25be5da00290b807bebcc75ecacbb8eb102a539622fd63b317. Source discovery is valid; remaining dual_extract_mismatch state requires extractor or creator-review remediation.",""
"212","bmw-z4-2020-sdrive30i","2020","BMW","Z4","sDrive30i","","luxury_sports","bmw","cbs_condition_based","B","https://www.bmwusa.com/content/dam/bmw/marketUS/common/warranty-books/2020/5A0BC07_20MY_BMW_Maintenance_FINAL_Print_withCover_042220.pdf","","maintenance_booklet","The BMW Maintenance System / Maintenance Service Summary","no","","27","200","application/pdf","54ce5e875bee4f11673c2ab308f5a776e136a254dd87d9ed6af304b52cd7db2a","0.90","Official same-MY BMW maintenance booklet with extractable CBS schedule; canonical pack source. URL verification passed: HTTP 200, application/pdf, %PDF magic, 2042684 bytes. v2 retry validation passed 2026-07-26: HTTP 200, application/pdf, %PDF magic, 2042684 bytes, SHA-256 54ce5e875bee4f11673c2ab308f5a776e136a254dd87d9ed6af304b52cd7db2a. Source discovery is valid; remaining dual_extract_mismatch state requires extractor or creator-review remediation.",""
"213","bmw-z4-2020-m40i","2020","BMW","Z4","M40i","","luxury_sports","bmw","cbs_condition_based","B","https://www.bmwusa.com/content/dam/bmw/marketUS/common/warranty-books/2020/5A0BC07_20MY_BMW_Maintenance_FINAL_Print_withCover_042220.pdf","","maintenance_booklet","The BMW Maintenance System / Maintenance Service Summary","yes","bmw-z4-2020-sdrive30i","27","200","application/pdf","54ce5e875bee4f11673c2ab308f5a776e136a254dd87d9ed6af304b52cd7db2a","0.88","Schedule shared per manual_share_policy=shared_within_model_year; official same-MY BMW maintenance booklet; shared from bmw-z4-2020-sdrive30i. URL verification passed: HTTP 200, application/pdf, %PDF magic, 2042684 bytes. v2 retry validation passed 2026-07-26: HTTP 200, application/pdf, %PDF magic, 2042684 bytes, SHA-256 54ce5e875bee4f11673c2ab308f5a776e136a254dd87d9ed6af304b52cd7db2a. Source discovery is valid; remaining dual_extract_mismatch state requires extractor or creator-review remediation.",""
"214","bmw-z4-2019-sdrive30i","2019","BMW","Z4","sDrive30i","","luxury_sports","bmw","cbs_condition_based","B","https://www.bmwusa.com/content/dam/bmw/marketUS/common/warranty-books/2019/2019-BMW-Maintenance.pdf","","maintenance_booklet","The BMW Maintenance System / Maintenance Service Summary","no","","36","200","application/pdf","9378017163d6ff1a1e9b6f6ff519474d05832c448db619a36edc573a1dcd259e","0.90","Official same-MY BMW maintenance booklet with extractable CBS schedule; canonical pack source. URL verification passed: HTTP 200, application/pdf, %PDF magic, 1027813 bytes. v2 retry validation passed 2026-07-26: HTTP 200, application/pdf, %PDF magic, 1027813 bytes, SHA-256 9378017163d6ff1a1e9b6f6ff519474d05832c448db619a36edc573a1dcd259e. Source discovery is valid; remaining dual_extract_mismatch state requires extractor or creator-review remediation.",""
"215","bmw-z4-2019-m40i","2019","BMW","Z4","M40i","","luxury_sports","bmw","cbs_condition_based","B","https://www.bmwusa.com/content/dam/bmw/marketUS/common/warranty-books/2019/2019-BMW-Maintenance.pdf","","maintenance_booklet","The BMW Maintenance System / Maintenance Service Summary","yes","bmw-z4-2019-sdrive30i","36","200","application/pdf","9378017163d6ff1a1e9b6f6ff519474d05832c448db619a36edc573a1dcd259e","0.88","Schedule shared per manual_share_policy=shared_within_model_year; official same-MY BMW maintenance booklet; shared from bmw-z4-2019-sdrive30i. URL verification passed: HTTP 200, application/pdf, %PDF magic, 1027813 bytes. v2 retry validation passed 2026-07-26: HTTP 200, application/pdf, %PDF magic, 1027813 bytes, SHA-256 9378017163d6ff1a1e9b6f6ff519474d05832c448db619a36edc573a1dcd259e. Source discovery is valid; remaining dual_extract_mismatch state requires extractor or creator-review remediation.",""
"373","audi-a3-2022-premium","2022","Audi","A3","Premium","","luxury_sedan","audi","fixed_interval","D","","","","","no","","","","","","0.00","v2 in-review retry: the existing NHTSA-hosted Audi maintenance schedule already produced a dual-extract mismatch and was not reused. Audi USA exposes an interactive maintenance schedule, but this pass did not obtain a qualifying public downloadable Warranty & Maintenance Book PDF. Non-OEM mirrors remain eligible for Tier C when a complete US-market maintenance document can be verified.","No replacement PDF verified: existing NHTSA Audi schedule failed dual extraction; Audi USA portal did not yield a public downloadable maintenance booklet; no complete mirrored US-market Warranty & Maintenance Book was verified."
"374","audi-a3-2022-premium-plus","2022","Audi","A3","Premium Plus","","luxury_sedan","audi","fixed_interval","D","","","","","no","","","","","","0.00","v2 in-review retry: the existing NHTSA-hosted Audi maintenance schedule already produced a dual-extract mismatch and was not reused. Audi USA exposes an interactive maintenance schedule, but this pass did not obtain a qualifying public downloadable Warranty & Maintenance Book PDF. Non-OEM mirrors remain eligible for Tier C when a complete US-market maintenance document can be verified.","No replacement PDF verified: existing NHTSA Audi schedule failed dual extraction; Audi USA portal did not yield a public downloadable maintenance booklet; no complete mirrored US-market Warranty & Maintenance Book was verified."
"375","audi-a3-2022-prestige","2022","Audi","A3","Prestige","","luxury_sedan","audi","fixed_interval","D","","","","","no","","","","","","0.00","v2 in-review retry: the existing NHTSA-hosted Audi maintenance schedule already produced a dual-extract mismatch and was not reused. Audi USA exposes an interactive maintenance schedule, but this pass did not obtain a qualifying public downloadable Warranty & Maintenance Book PDF. Non-OEM mirrors remain eligible for Tier C when a complete US-market maintenance document can be verified.","No replacement PDF verified: existing NHTSA Audi schedule failed dual extraction; Audi USA portal did not yield a public downloadable maintenance booklet; no complete mirrored US-market Warranty & Maintenance Book was verified."
"376","audi-a3-2021-premium","2021","Audi","A3","Premium","","luxury_sedan","audi","fixed_interval","D","","","","","no","","","","","","0.00","v2 in-review retry: the existing NHTSA-hosted Audi maintenance schedule already produced a dual-extract mismatch and was not reused. Audi USA exposes an interactive maintenance schedule, but this pass did not obtain a qualifying public downloadable Warranty & Maintenance Book PDF. Non-OEM mirrors remain eligible for Tier C when a complete US-market maintenance document can be verified.","No replacement PDF verified: existing NHTSA Audi schedule failed dual extraction; Audi USA portal did not yield a public downloadable maintenance booklet; no complete mirrored US-market Warranty & Maintenance Book was verified."
"377","audi-a3-2021-premium-plus","2021","Audi","A3","Premium Plus","","luxury_sedan","audi","fixed_interval","D","","","","","no","","","","","","0.00","v2 in-review retry: the existing NHTSA-hosted Audi maintenance schedule already produced a dual-extract mismatch and was not reused. Audi USA exposes an interactive maintenance schedule, but this pass did not obtain a qualifying public downloadable Warranty & Maintenance Book PDF. Non-OEM mirrors remain eligible for Tier C when a complete US-market maintenance document can be verified.","No replacement PDF verified: existing NHTSA Audi schedule failed dual extraction; Audi USA portal did not yield a public downloadable maintenance booklet; no complete mirrored US-market Warranty & Maintenance Book was verified."
"378","audi-a3-2021-prestige","2021","Audi","A3","Prestige","","luxury_sedan","audi","fixed_interval","D","","","","","no","","","","","","0.00","v2 in-review retry: the existing NHTSA-hosted Audi maintenance schedule already produced a dual-extract mismatch and was not reused. Audi USA exposes an interactive maintenance schedule, but this pass did not obtain a qualifying public downloadable Warranty & Maintenance Book PDF. Non-OEM mirrors remain eligible for Tier C when a complete US-market maintenance document can be verified.","No replacement PDF verified: existing NHTSA Audi schedule failed dual extraction; Audi USA portal did not yield a public downloadable maintenance booklet; no complete mirrored US-market Warranty & Maintenance Book was verified."
"379","audi-a3-2020-premium","2020","Audi","A3","Premium","","luxury_sedan","audi","fixed_interval","D","","","","","no","","","","","","0.00","v2 in-review retry: the existing NHTSA-hosted Audi maintenance schedule already produced a dual-extract mismatch and was not reused. Audi USA exposes an interactive maintenance schedule, but this pass did not obtain a qualifying public downloadable Warranty & Maintenance Book PDF. Non-OEM mirrors remain eligible for Tier C when a complete US-market maintenance document can be verified.","No replacement PDF verified: existing NHTSA Audi schedule failed dual extraction; Audi USA portal did not yield a public downloadable maintenance booklet; no complete mirrored US-market Warranty & Maintenance Book was verified."
"380","audi-a3-2020-premium-plus","2020","Audi","A3","Premium Plus","","luxury_sedan","audi","fixed_interval","D","","","","","no","","","","","","0.00","v2 in-review retry: the existing NHTSA-hosted Audi maintenance schedule already produced a dual-extract mismatch and was not reused. Audi USA exposes an interactive maintenance schedule, but this pass did not obtain a qualifying public downloadable Warranty & Maintenance Book PDF. Non-OEM mirrors remain eligible for Tier C when a complete US-market maintenance document can be verified.","No replacement PDF verified: existing NHTSA Audi schedule failed dual extraction; Audi USA portal did not yield a public downloadable maintenance booklet; no complete mirrored US-market Warranty & Maintenance Book was verified."
"381","audi-a3-2020-prestige","2020","Audi","A3","Prestige","","luxury_sedan","audi","fixed_interval","D","","","","","no","","","","","","0.00","v2 in-review retry: the existing NHTSA-hosted Audi maintenance schedule already produced a dual-extract mismatch and was not reused. Audi USA exposes an interactive maintenance schedule, but this pass did not obtain a qualifying public downloadable Warranty & Maintenance Book PDF. Non-OEM mirrors remain eligible for Tier C when a complete US-market maintenance document can be verified.","No replacement PDF verified: existing NHTSA Audi schedule failed dual extraction; Audi USA portal did not yield a public downloadable maintenance booklet; no complete mirrored US-market Warranty & Maintenance Book was verified."
"382","audi-a3-2019-premium","2019","Audi","A3","Premium","","luxury_sedan","audi","fixed_interval","D","","","","","no","","","","","","0.00","v2 in-review retry: the existing NHTSA-hosted Audi maintenance schedule already produced a dual-extract mismatch and was not reused. Audi USA exposes an interactive maintenance schedule, but this pass did not obtain a qualifying public downloadable Warranty & Maintenance Book PDF. Non-OEM mirrors remain eligible for Tier C when a complete US-market maintenance document can be verified.","No replacement PDF verified: existing NHTSA Audi schedule failed dual extraction; Audi USA portal did not yield a public downloadable maintenance booklet; no complete mirrored US-market Warranty & Maintenance Book was verified."
"383","audi-a3-2019-premium-plus","2019","Audi","A3","Premium Plus","","luxury_sedan","audi","fixed_interval","D","","","","","no","","","","","","0.00","v2 in-review retry: the existing NHTSA-hosted Audi maintenance schedule already produced a dual-extract mismatch and was not reused. Audi USA exposes an interactive maintenance schedule, but this pass did not obtain a qualifying public downloadable Warranty & Maintenance Book PDF. Non-OEM mirrors remain eligible for Tier C when a complete US-market maintenance document can be verified.","No replacement PDF verified: existing NHTSA Audi schedule failed dual extraction; Audi USA portal did not yield a public downloadable maintenance booklet; no complete mirrored US-market Warranty & Maintenance Book was verified."
"384","audi-a3-2019-prestige","2019","Audi","A3","Prestige","","luxury_sedan","audi","fixed_interval","D","","","","","no","","","","","","0.00","v2 in-review retry: the existing NHTSA-hosted Audi maintenance schedule already produced a dual-extract mismatch and was not reused. Audi USA exposes an interactive maintenance schedule, but this pass did not obtain a qualifying public downloadable Warranty & Maintenance Book PDF. Non-OEM mirrors remain eligible for Tier C when a complete US-market maintenance document can be verified.","No replacement PDF verified: existing NHTSA Audi schedule failed dual extraction; Audi USA portal did not yield a public downloadable maintenance booklet; no complete mirrored US-market Warranty & Maintenance Book was verified."
"391","audi-a4-2022-premium","2022","Audi","A4","Premium","","luxury_sedan","audi","fixed_interval","D","","","","","no","","","","","","0.00","v2 in-review retry: the existing NHTSA-hosted Audi maintenance schedule already produced a dual-extract mismatch and was not reused. Audi USA exposes an interactive maintenance schedule, but this pass did not obtain a qualifying public downloadable Warranty & Maintenance Book PDF. Non-OEM mirrors remain eligible for Tier C when a complete US-market maintenance document can be verified.","No replacement PDF verified: existing NHTSA Audi schedule failed dual extraction; Audi USA portal did not yield a public downloadable maintenance booklet; no complete mirrored US-market Warranty & Maintenance Book was verified."
"392","audi-a4-2022-premium-plus","2022","Audi","A4","Premium Plus","","luxury_sedan","audi","fixed_interval","D","","","","","no","","","","","","0.00","v2 in-review retry: the existing NHTSA-hosted Audi maintenance schedule already produced a dual-extract mismatch and was not reused. Audi USA exposes an interactive maintenance schedule, but this pass did not obtain a qualifying public downloadable Warranty & Maintenance Book PDF. Non-OEM mirrors remain eligible for Tier C when a complete US-market maintenance document can be verified.","No replacement PDF verified: existing NHTSA Audi schedule failed dual extraction; Audi USA portal did not yield a public downloadable maintenance booklet; no complete mirrored US-market Warranty & Maintenance Book was verified."
"393","audi-a4-2022-prestige","2022","Audi","A4","Prestige","","luxury_sedan","audi","fixed_interval","D","","","","","no","","","","","","0.00","v2 in-review retry: the existing NHTSA-hosted Audi maintenance schedule already produced a dual-extract mismatch and was not reused. Audi USA exposes an interactive maintenance schedule, but this pass did not obtain a qualifying public downloadable Warranty & Maintenance Book PDF. Non-OEM mirrors remain eligible for Tier C when a complete US-market maintenance document can be verified.","No replacement PDF verified: existing NHTSA Audi schedule failed dual extraction; Audi USA portal did not yield a public downloadable maintenance booklet; no complete mirrored US-market Warranty & Maintenance Book was verified."
"394","audi-a4-2021-premium","2021","Audi","A4","Premium","","luxury_sedan","audi","fixed_interval","D","","","","","no","","","","","","0.00","v2 in-review retry: the existing NHTSA-hosted Audi maintenance schedule already produced a dual-extract mismatch and was not reused. Audi USA exposes an interactive maintenance schedule, but this pass did not obtain a qualifying public downloadable Warranty & Maintenance Book PDF. Non-OEM mirrors remain eligible for Tier C when a complete US-market maintenance document can be verified.","No replacement PDF verified: existing NHTSA Audi schedule failed dual extraction; Audi USA portal did not yield a public downloadable maintenance booklet; no complete mirrored US-market Warranty & Maintenance Book was verified."
"395","audi-a4-2021-premium-plus","2021","Audi","A4","Premium Plus","","luxury_sedan","audi","fixed_interval","D","","","","","no","","","","","","0.00","v2 in-review retry: the existing NHTSA-hosted Audi maintenance schedule already produced a dual-extract mismatch and was not reused. Audi USA exposes an interactive maintenance schedule, but this pass did not obtain a qualifying public downloadable Warranty & Maintenance Book PDF. Non-OEM mirrors remain eligible for Tier C when a complete US-market maintenance document can be verified.","No replacement PDF verified: existing NHTSA Audi schedule failed dual extraction; Audi USA portal did not yield a public downloadable maintenance booklet; no complete mirrored US-market Warranty & Maintenance Book was verified."
"396","audi-a4-2021-prestige","2021","Audi","A4","Prestige","","luxury_sedan","audi","fixed_interval","D","","","","","no","","","","","","0.00","v2 in-review retry: the existing NHTSA-hosted Audi maintenance schedule already produced a dual-extract mismatch and was not reused. Audi USA exposes an interactive maintenance schedule, but this pass did not obtain a qualifying public downloadable Warranty & Maintenance Book PDF. Non-OEM mirrors remain eligible for Tier C when a complete US-market maintenance document can be verified.","No replacement PDF verified: existing NHTSA Audi schedule failed dual extraction; Audi USA portal did not yield a public downloadable maintenance booklet; no complete mirrored US-market Warranty & Maintenance Book was verified."
"397","audi-a4-2020-premium","2020","Audi","A4","Premium","","luxury_sedan","audi","fixed_interval","D","","","","","no","","","","","","0.00","v2 in-review retry: the existing NHTSA-hosted Audi maintenance schedule already produced a dual-extract mismatch and was not reused. Audi USA exposes an interactive maintenance schedule, but this pass did not obtain a qualifying public downloadable Warranty & Maintenance Book PDF. Non-OEM mirrors remain eligible for Tier C when a complete US-market maintenance document can be verified.","No replacement PDF verified: existing NHTSA Audi schedule failed dual extraction; Audi USA portal did not yield a public downloadable maintenance booklet; no complete mirrored US-market Warranty & Maintenance Book was verified."
"398","audi-a4-2020-premium-plus","2020","Audi","A4","Premium Plus","","luxury_sedan","audi","fixed_interval","D","","","","","no","","","","","","0.00","v2 in-review retry: the existing NHTSA-hosted Audi maintenance schedule already produced a dual-extract mismatch and was not reused. Audi USA exposes an interactive maintenance schedule, but this pass did not obtain a qualifying public downloadable Warranty & Maintenance Book PDF. Non-OEM mirrors remain eligible for Tier C when a complete US-market maintenance document can be verified.","No replacement PDF verified: existing NHTSA Audi schedule failed dual extraction; Audi USA portal did not yield a public downloadable maintenance booklet; no complete mirrored US-market Warranty & Maintenance Book was verified."
"399","audi-a4-2020-prestige","2020","Audi","A4","Prestige","","luxury_sedan","audi","fixed_interval","D","","","","","no","","","","","","0.00","v2 in-review retry: the existing NHTSA-hosted Audi maintenance schedule already produced a dual-extract mismatch and was not reused. Audi USA exposes an interactive maintenance schedule, but this pass did not obtain a qualifying public downloadable Warranty & Maintenance Book PDF. Non-OEM mirrors remain eligible for Tier C when a complete US-market maintenance document can be verified.","No replacement PDF verified: existing NHTSA Audi schedule failed dual extraction; Audi USA portal did not yield a public downloadable maintenance booklet; no complete mirrored US-market Warranty & Maintenance Book was verified."
"400","audi-a4-2019-premium","2019","Audi","A4","Premium","","luxury_sedan","audi","fixed_interval","D","","","","","no","","","","","","0.00","v2 in-review retry: the existing NHTSA-hosted Audi maintenance schedule already produced a dual-extract mismatch and was not reused. Audi USA exposes an interactive maintenance schedule, but this pass did not obtain a qualifying public downloadable Warranty & Maintenance Book PDF. Non-OEM mirrors remain eligible for Tier C when a complete US-market maintenance document can be verified.","No replacement PDF verified: existing NHTSA Audi schedule failed dual extraction; Audi USA portal did not yield a public downloadable maintenance booklet; no complete mirrored US-market Warranty & Maintenance Book was verified."
"401","audi-a4-2019-premium-plus","2019","Audi","A4","Premium Plus","","luxury_sedan","audi","fixed_interval","D","","","","","no","","","","","","0.00","v2 in-review retry: the existing NHTSA-hosted Audi maintenance schedule already produced a dual-extract mismatch and was not reused. Audi USA exposes an interactive maintenance schedule, but this pass did not obtain a qualifying public downloadable Warranty & Maintenance Book PDF. Non-OEM mirrors remain eligible for Tier C when a complete US-market maintenance document can be verified.","No replacement PDF verified: existing NHTSA Audi schedule failed dual extraction; Audi USA portal did not yield a public downloadable maintenance booklet; no complete mirrored US-market Warranty & Maintenance Book was verified."
"402","audi-a4-2019-prestige","2019","Audi","A4","Prestige","","luxury_sedan","audi","fixed_interval","D","","","","","no","","","","","","0.00","v2 in-review retry: the existing NHTSA-hosted Audi maintenance schedule already produced a dual-extract mismatch and was not reused. Audi USA exposes an interactive maintenance schedule, but this pass did not obtain a qualifying public downloadable Warranty & Maintenance Book PDF. Non-OEM mirrors remain eligible for Tier C when a complete US-market maintenance document can be verified.","No replacement PDF verified: existing NHTSA Audi schedule failed dual extraction; Audi USA portal did not yield a public downloadable maintenance booklet; no complete mirrored US-market Warranty & Maintenance Book was verified."
"403","audi-a4-2018-premium","2018","Audi","A4","Premium","","luxury_sedan","audi","fixed_interval","D","","","","","no","","","","","","0.00","v2 in-review retry: the existing NHTSA-hosted Audi maintenance schedule already produced a dual-extract mismatch and was not reused. Audi USA exposes an interactive maintenance schedule, but this pass did not obtain a qualifying public downloadable Warranty & Maintenance Book PDF. Non-OEM mirrors remain eligible for Tier C when a complete US-market maintenance document can be verified.","No replacement PDF verified: existing NHTSA Audi schedule failed dual extraction; Audi USA portal did not yield a public downloadable maintenance booklet; no complete mirrored US-market Warranty & Maintenance Book was verified."
"404","audi-a4-2018-premium-plus","2018","Audi","A4","Premium Plus","","luxury_sedan","audi","fixed_interval","D","","","","","no","","","","","","0.00","v2 in-review retry: the existing NHTSA-hosted Audi maintenance schedule already produced a dual-extract mismatch and was not reused. Audi USA exposes an interactive maintenance schedule, but this pass did not obtain a qualifying public downloadable Warranty & Maintenance Book PDF. Non-OEM mirrors remain eligible for Tier C when a complete US-market maintenance document can be verified.","No replacement PDF verified: existing NHTSA Audi schedule failed dual extraction; Audi USA portal did not yield a public downloadable maintenance booklet; no complete mirrored US-market Warranty & Maintenance Book was verified."
"405","audi-a4-2018-prestige","2018","Audi","A4","Prestige","","luxury_sedan","audi","fixed_interval","D","","","","","no","","","","","","0.00","v2 in-review retry: the existing NHTSA-hosted Audi maintenance schedule already produced a dual-extract mismatch and was not reused. Audi USA exposes an interactive maintenance schedule, but this pass did not obtain a qualifying public downloadable Warranty & Maintenance Book PDF. Non-OEM mirrors remain eligible for Tier C when a complete US-market maintenance document can be verified.","No replacement PDF verified: existing NHTSA Audi schedule failed dual extraction; Audi USA portal did not yield a public downloadable maintenance booklet; no complete mirrored US-market Warranty & Maintenance Book was verified."
"415","audi-a5-2022-premium","2022","Audi","A5","Premium","","luxury_sedan","audi","fixed_interval","D","","","","","no","","","","","","0.00","v2 in-review retry: the existing NHTSA-hosted Audi maintenance schedule already produced a dual-extract mismatch and was not reused. Audi USA exposes an interactive maintenance schedule, but this pass did not obtain a qualifying public downloadable Warranty & Maintenance Book PDF. Non-OEM mirrors remain eligible for Tier C when a complete US-market maintenance document can be verified.","No replacement PDF verified: existing NHTSA Audi schedule failed dual extraction; Audi USA portal did not yield a public downloadable maintenance booklet; no complete mirrored US-market Warranty & Maintenance Book was verified."
"416","audi-a5-2022-premium-plus","2022","Audi","A5","Premium Plus","","luxury_sedan","audi","fixed_interval","D","","","","","no","","","","","","0.00","v2 in-review retry: the existing NHTSA-hosted Audi maintenance schedule already produced a dual-extract mismatch and was not reused. Audi USA exposes an interactive maintenance schedule, but this pass did not obtain a qualifying public downloadable Warranty & Maintenance Book PDF. Non-OEM mirrors remain eligible for Tier C when a complete US-market maintenance document can be verified.","No replacement PDF verified: existing NHTSA Audi schedule failed dual extraction; Audi USA portal did not yield a public downloadable maintenance booklet; no complete mirrored US-market Warranty & Maintenance Book was verified."
"417","audi-a5-2022-prestige","2022","Audi","A5","Prestige","","luxury_sedan","audi","fixed_interval","D","","","","","no","","","","","","0.00","v2 in-review retry: the existing NHTSA-hosted Audi maintenance schedule already produced a dual-extract mismatch and was not reused. Audi USA exposes an interactive maintenance schedule, but this pass did not obtain a qualifying public downloadable Warranty & Maintenance Book PDF. Non-OEM mirrors remain eligible for Tier C when a complete US-market maintenance document can be verified.","No replacement PDF verified: existing NHTSA Audi schedule failed dual extraction; Audi USA portal did not yield a public downloadable maintenance booklet; no complete mirrored US-market Warranty & Maintenance Book was verified."
"418","audi-a5-2021-premium","2021","Audi","A5","Premium","","luxury_sedan","audi","fixed_interval","D","","","","","no","","","","","","0.00","v2 in-review retry: the existing NHTSA-hosted Audi maintenance schedule already produced a dual-extract mismatch and was not reused. Audi USA exposes an interactive maintenance schedule, but this pass did not obtain a qualifying public downloadable Warranty & Maintenance Book PDF. Non-OEM mirrors remain eligible for Tier C when a complete US-market maintenance document can be verified.","No replacement PDF verified: existing NHTSA Audi schedule failed dual extraction; Audi USA portal did not yield a public downloadable maintenance booklet; no complete mirrored US-market Warranty & Maintenance Book was verified."
"419","audi-a5-2021-premium-plus","2021","Audi","A5","Premium Plus","","luxury_sedan","audi","fixed_interval","D","","","","","no","","","","","","0.00","v2 in-review retry: the existing NHTSA-hosted Audi maintenance schedule already produced a dual-extract mismatch and was not reused. Audi USA exposes an interactive maintenance schedule, but this pass did not obtain a qualifying public downloadable Warranty & Maintenance Book PDF. Non-OEM mirrors remain eligible for Tier C when a complete US-market maintenance document can be verified.","No replacement PDF verified: existing NHTSA Audi schedule failed dual extraction; Audi USA portal did not yield a public downloadable maintenance booklet; no complete mirrored US-market Warranty & Maintenance Book was verified."
"420","audi-a5-2021-prestige","2021","Audi","A5","Prestige","","luxury_sedan","audi","fixed_interval","D","","","","","no","","","","","","0.00","v2 in-review retry: the existing NHTSA-hosted Audi maintenance schedule already produced a dual-extract mismatch and was not reused. Audi USA exposes an interactive maintenance schedule, but this pass did not obtain a qualifying public downloadable Warranty & Maintenance Book PDF. Non-OEM mirrors remain eligible for Tier C when a complete US-market maintenance document can be verified.","No replacement PDF verified: existing NHTSA Audi schedule failed dual extraction; Audi USA portal did not yield a public downloadable maintenance booklet; no complete mirrored US-market Warranty & Maintenance Book was verified."
"421","audi-a5-2020-premium","2020","Audi","A5","Premium","","luxury_sedan","audi","fixed_interval","D","","","","","no","","","","","","0.00","v2 in-review retry: the existing NHTSA-hosted Audi maintenance schedule already produced a dual-extract mismatch and was not reused. Audi USA exposes an interactive maintenance schedule, but this pass did not obtain a qualifying public downloadable Warranty & Maintenance Book PDF. Non-OEM mirrors remain eligible for Tier C when a complete US-market maintenance document can be verified.","No replacement PDF verified: existing NHTSA Audi schedule failed dual extraction; Audi USA portal did not yield a public downloadable maintenance booklet; no complete mirrored US-market Warranty & Maintenance Book was verified."
"422","audi-a5-2020-premium-plus","2020","Audi","A5","Premium Plus","","luxury_sedan","audi","fixed_interval","D","","","","","no","","","","","","0.00","v2 in-review retry: the existing NHTSA-hosted Audi maintenance schedule already produced a dual-extract mismatch and was not reused. Audi USA exposes an interactive maintenance schedule, but this pass did not obtain a qualifying public downloadable Warranty & Maintenance Book PDF. Non-OEM mirrors remain eligible for Tier C when a complete US-market maintenance document can be verified.","No replacement PDF verified: existing NHTSA Audi schedule failed dual extraction; Audi USA portal did not yield a public downloadable maintenance booklet; no complete mirrored US-market Warranty & Maintenance Book was verified."
"423","audi-a5-2020-prestige","2020","Audi","A5","Prestige","","luxury_sedan","audi","fixed_interval","D","","","","","no","","","","","","0.00","v2 in-review retry: the existing NHTSA-hosted Audi maintenance schedule already produced a dual-extract mismatch and was not reused. Audi USA exposes an interactive maintenance schedule, but this pass did not obtain a qualifying public downloadable Warranty & Maintenance Book PDF. Non-OEM mirrors remain eligible for Tier C when a complete US-market maintenance document can be verified.","No replacement PDF verified: existing NHTSA Audi schedule failed dual extraction; Audi USA portal did not yield a public downloadable maintenance booklet; no complete mirrored US-market Warranty & Maintenance Book was verified."
"424","audi-a5-2019-premium","2019","Audi","A5","Premium","","luxury_sedan","audi","fixed_interval","D","","","","","no","","","","","","0.00","v2 in-review retry: the existing NHTSA-hosted Audi maintenance schedule already produced a dual-extract mismatch and was not reused. Audi USA exposes an interactive maintenance schedule, but this pass did not obtain a qualifying public downloadable Warranty & Maintenance Book PDF. Non-OEM mirrors remain eligible for Tier C when a complete US-market maintenance document can be verified.","No replacement PDF verified: existing NHTSA Audi schedule failed dual extraction; Audi USA portal did not yield a public downloadable maintenance booklet; no complete mirrored US-market Warranty & Maintenance Book was verified."
"425","audi-a5-2019-premium-plus","2019","Audi","A5","Premium Plus","","luxury_sedan","audi","fixed_interval","D","","","","","no","","","","","","0.00","v2 in-review retry: the existing NHTSA-hosted Audi maintenance schedule already produced a dual-extract mismatch and was not reused. Audi USA exposes an interactive maintenance schedule, but this pass did not obtain a qualifying public downloadable Warranty & Maintenance Book PDF. Non-OEM mirrors remain eligible for Tier C when a complete US-market maintenance document can be verified.","No replacement PDF verified: existing NHTSA Audi schedule failed dual extraction; Audi USA portal did not yield a public downloadable maintenance booklet; no complete mirrored US-market Warranty & Maintenance Book was verified."
"426","audi-a5-2019-prestige","2019","Audi","A5","Prestige","","luxury_sedan","audi","fixed_interval","D","","","","","no","","","","","","0.00","v2 in-review retry: the existing NHTSA-hosted Audi maintenance schedule already produced a dual-extract mismatch and was not reused. Audi USA exposes an interactive maintenance schedule, but this pass did not obtain a qualifying public downloadable Warranty & Maintenance Book PDF. Non-OEM mirrors remain eligible for Tier C when a complete US-market maintenance document can be verified.","No replacement PDF verified: existing NHTSA Audi schedule failed dual extraction; Audi USA portal did not yield a public downloadable maintenance booklet; no complete mirrored US-market Warranty & Maintenance Book was verified."
"427","audi-a5-2018-premium","2018","Audi","A5","Premium","","luxury_sedan","audi","fixed_interval","D","","","","","no","","","","","","0.00","v2 in-review retry: the existing NHTSA-hosted Audi maintenance schedule already produced a dual-extract mismatch and was not reused. Audi USA exposes an interactive maintenance schedule, but this pass did not obtain a qualifying public downloadable Warranty & Maintenance Book PDF. Non-OEM mirrors remain eligible for Tier C when a complete US-market maintenance document can be verified.","No replacement PDF verified: existing NHTSA Audi schedule failed dual extraction; Audi USA portal did not yield a public downloadable maintenance booklet; no complete mirrored US-market Warranty & Maintenance Book was verified."
"428","audi-a5-2018-premium-plus","2018","Audi","A5","Premium Plus","","luxury_sedan","audi","fixed_interval","D","","","","","no","","","","","","0.00","v2 in-review retry: the existing NHTSA-hosted Audi maintenance schedule already produced a dual-extract mismatch and was not reused. Audi USA exposes an interactive maintenance schedule, but this pass did not obtain a qualifying public downloadable Warranty & Maintenance Book PDF. Non-OEM mirrors remain eligible for Tier C when a complete US-market maintenance document can be verified.","No replacement PDF verified: existing NHTSA Audi schedule failed dual extraction; Audi USA portal did not yield a public downloadable maintenance booklet; no complete mirrored US-market Warranty & Maintenance Book was verified."
"429","audi-a5-2018-prestige","2018","Audi","A5","Prestige","","luxury_sedan","audi","fixed_interval","D","","","","","no","","","","","","0.00","v2 in-review retry: the existing NHTSA-hosted Audi maintenance schedule already produced a dual-extract mismatch and was not reused. Audi USA exposes an interactive maintenance schedule, but this pass did not obtain a qualifying public downloadable Warranty & Maintenance Book PDF. Non-OEM mirrors remain eligible for Tier C when a complete US-market maintenance document can be verified.","No replacement PDF verified: existing NHTSA Audi schedule failed dual extraction; Audi USA portal did not yield a public downloadable maintenance booklet; no complete mirrored US-market Warranty & Maintenance Book was verified."
"439","audi-a6-2022-premium","2022","Audi","A6","Premium","","luxury_sedan","audi","fixed_interval","D","","","","","no","","","","","","0.00","v2 in-review retry: the existing NHTSA-hosted Audi maintenance schedule already produced a dual-extract mismatch and was not reused. Audi USA exposes an interactive maintenance schedule, but this pass did not obtain a qualifying public downloadable Warranty & Maintenance Book PDF. Non-OEM mirrors remain eligible for Tier C when a complete US-market maintenance document can be verified.","No replacement PDF verified: existing NHTSA Audi schedule failed dual extraction; Audi USA portal did not yield a public downloadable maintenance booklet; no complete mirrored US-market Warranty & Maintenance Book was verified."
"440","audi-a6-2022-premium-plus","2022","Audi","A6","Premium Plus","","luxury_sedan","audi","fixed_interval","D","","","","","no","","","","","","0.00","v2 in-review retry: the existing NHTSA-hosted Audi maintenance schedule already produced a dual-extract mismatch and was not reused. Audi USA exposes an interactive maintenance schedule, but this pass did not obtain a qualifying public downloadable Warranty & Maintenance Book PDF. Non-OEM mirrors remain eligible for Tier C when a complete US-market maintenance document can be verified.","No replacement PDF verified: existing NHTSA Audi schedule failed dual extraction; Audi USA portal did not yield a public downloadable maintenance booklet; no complete mirrored US-market Warranty & Maintenance Book was verified."
"441","audi-a6-2022-prestige","2022","Audi","A6","Prestige","","luxury_sedan","audi","fixed_interval","D","","","","","no","","","","","","0.00","v2 in-review retry: the existing NHTSA-hosted Audi maintenance schedule already produced a dual-extract mismatch and was not reused. Audi USA exposes an interactive maintenance schedule, but this pass did not obtain a qualifying public downloadable Warranty & Maintenance Book PDF. Non-OEM mirrors remain eligible for Tier C when a complete US-market maintenance document can be verified.","No replacement PDF verified: existing NHTSA Audi schedule failed dual extraction; Audi USA portal did not yield a public downloadable maintenance booklet; no complete mirrored US-market Warranty & Maintenance Book was verified."
"442","audi-a6-2021-premium","2021","Audi","A6","Premium","","luxury_sedan","audi","fixed_interval","D","","","","","no","","","","","","0.00","v2 in-review retry: the existing NHTSA-hosted Audi maintenance schedule already produced a dual-extract mismatch and was not reused. Audi USA exposes an interactive maintenance schedule, but this pass did not obtain a qualifying public downloadable Warranty & Maintenance Book PDF. Non-OEM mirrors remain eligible for Tier C when a complete US-market maintenance document can be verified.","No replacement PDF verified: existing NHTSA Audi schedule failed dual extraction; Audi USA portal did not yield a public downloadable maintenance booklet; no complete mirrored US-market Warranty & Maintenance Book was verified."
"443","audi-a6-2021-premium-plus","2021","Audi","A6","Premium Plus","","luxury_sedan","audi","fixed_interval","D","","","","","no","","","","","","0.00","v2 in-review retry: the existing NHTSA-hosted Audi maintenance schedule already produced a dual-extract mismatch and was not reused. Audi USA exposes an interactive maintenance schedule, but this pass did not obtain a qualifying public downloadable Warranty & Maintenance Book PDF. Non-OEM mirrors remain eligible for Tier C when a complete US-market maintenance document can be verified.","No replacement PDF verified: existing NHTSA Audi schedule failed dual extraction; Audi USA portal did not yield a public downloadable maintenance booklet; no complete mirrored US-market Warranty & Maintenance Book was verified."
"444","audi-a6-2021-prestige","2021","Audi","A6","Prestige","","luxury_sedan","audi","fixed_interval","D","","","","","no","","","","","","0.00","v2 in-review retry: the existing NHTSA-hosted Audi maintenance schedule already produced a dual-extract mismatch and was not reused. Audi USA exposes an interactive maintenance schedule, but this pass did not obtain a qualifying public downloadable Warranty & Maintenance Book PDF. Non-OEM mirrors remain eligible for Tier C when a complete US-market maintenance document can be verified.","No replacement PDF verified: existing NHTSA Audi schedule failed dual extraction; Audi USA portal did not yield a public downloadable maintenance booklet; no complete mirrored US-market Warranty & Maintenance Book was verified."
"445","audi-a6-2020-premium","2020","Audi","A6","Premium","","luxury_sedan","audi","fixed_interval","D","","","","","no","","","","","","0.00","v2 in-review retry: the existing NHTSA-hosted Audi maintenance schedule already produced a dual-extract mismatch and was not reused. Audi USA exposes an interactive maintenance schedule, but this pass did not obtain a qualifying public downloadable Warranty & Maintenance Book PDF. Non-OEM mirrors remain eligible for Tier C when a complete US-market maintenance document can be verified.","No replacement PDF verified: existing NHTSA Audi schedule failed dual extraction; Audi USA portal did not yield a public downloadable maintenance booklet; no complete mirrored US-market Warranty & Maintenance Book was verified."
"446","audi-a6-2020-premium-plus","2020","Audi","A6","Premium Plus","","luxury_sedan","audi","fixed_interval","D","","","","","no","","","","","","0.00","v2 in-review retry: the existing NHTSA-hosted Audi maintenance schedule already produced a dual-extract mismatch and was not reused. Audi USA exposes an interactive maintenance schedule, but this pass did not obtain a qualifying public downloadable Warranty & Maintenance Book PDF. Non-OEM mirrors remain eligible for Tier C when a complete US-market maintenance document can be verified.","No replacement PDF verified: existing NHTSA Audi schedule failed dual extraction; Audi USA portal did not yield a public downloadable maintenance booklet; no complete mirrored US-market Warranty & Maintenance Book was verified."
"447","audi-a6-2020-prestige","2020","Audi","A6","Prestige","","luxury_sedan","audi","fixed_interval","D","","","","","no","","","","","","0.00","v2 in-review retry: the existing NHTSA-hosted Audi maintenance schedule already produced a dual-extract mismatch and was not reused. Audi USA exposes an interactive maintenance schedule, but this pass did not obtain a qualifying public downloadable Warranty & Maintenance Book PDF. Non-OEM mirrors remain eligible for Tier C when a complete US-market maintenance document can be verified.","No replacement PDF verified: existing NHTSA Audi schedule failed dual extraction; Audi USA portal did not yield a public downloadable maintenance booklet; no complete mirrored US-market Warranty & Maintenance Book was verified."
"448","audi-a6-2019-premium","2019","Audi","A6","Premium","","luxury_sedan","audi","fixed_interval","D","","","","","no","","","","","","0.00","v2 in-review retry: the existing NHTSA-hosted Audi maintenance schedule already produced a dual-extract mismatch and was not reused. Audi USA exposes an interactive maintenance schedule, but this pass did not obtain a qualifying public downloadable Warranty & Maintenance Book PDF. Non-OEM mirrors remain eligible for Tier C when a complete US-market maintenance document can be verified.","No replacement PDF verified: existing NHTSA Audi schedule failed dual extraction; Audi USA portal did not yield a public downloadable maintenance booklet; no complete mirrored US-market Warranty & Maintenance Book was verified."
"449","audi-a6-2019-premium-plus","2019","Audi","A6","Premium Plus","","luxury_sedan","audi","fixed_interval","D","","","","","no","","","","","","0.00","v2 in-review retry: the existing NHTSA-hosted Audi maintenance schedule already produced a dual-extract mismatch and was not reused. Audi USA exposes an interactive maintenance schedule, but this pass did not obtain a qualifying public downloadable Warranty & Maintenance Book PDF. Non-OEM mirrors remain eligible for Tier C when a complete US-market maintenance document can be verified.","No replacement PDF verified: existing NHTSA Audi schedule failed dual extraction; Audi USA portal did not yield a public downloadable maintenance booklet; no complete mirrored US-market Warranty & Maintenance Book was verified."
"450","audi-a6-2019-prestige","2019","Audi","A6","Prestige","","luxury_sedan","audi","fixed_interval","D","","","","","no","","","","","","0.00","v2 in-review retry: the existing NHTSA-hosted Audi maintenance schedule already produced a dual-extract mismatch and was not reused. Audi USA exposes an interactive maintenance schedule, but this pass did not obtain a qualifying public downloadable Warranty & Maintenance Book PDF. Non-OEM mirrors remain eligible for Tier C when a complete US-market maintenance document can be verified.","No replacement PDF verified: existing NHTSA Audi schedule failed dual extraction; Audi USA portal did not yield a public downloadable maintenance booklet; no complete mirrored US-market Warranty & Maintenance Book was verified."
"460","audi-q3-2022-premium","2022","Audi","Q3","Premium","","luxury_suv","audi","fixed_interval","D","","","","","no","","","","","","0.00","v2 in-review retry: the existing NHTSA-hosted Audi maintenance schedule already produced a dual-extract mismatch and was not reused. Audi USA exposes an interactive maintenance schedule, but this pass did not obtain a qualifying public downloadable Warranty & Maintenance Book PDF. Non-OEM mirrors remain eligible for Tier C when a complete US-market maintenance document can be verified.","No replacement PDF verified: existing NHTSA Audi schedule failed dual extraction; Audi USA portal did not yield a public downloadable maintenance booklet; no complete mirrored US-market Warranty & Maintenance Book was verified."
"461","audi-q3-2022-premium-plus","2022","Audi","Q3","Premium Plus","","luxury_suv","audi","fixed_interval","D","","","","","no","","","","","","0.00","v2 in-review retry: the existing NHTSA-hosted Audi maintenance schedule already produced a dual-extract mismatch and was not reused. Audi USA exposes an interactive maintenance schedule, but this pass did not obtain a qualifying public downloadable Warranty & Maintenance Book PDF. Non-OEM mirrors remain eligible for Tier C when a complete US-market maintenance document can be verified.","No replacement PDF verified: existing NHTSA Audi schedule failed dual extraction; Audi USA portal did not yield a public downloadable maintenance booklet; no complete mirrored US-market Warranty & Maintenance Book was verified."
"462","audi-q3-2022-prestige","2022","Audi","Q3","Prestige","","luxury_suv","audi","fixed_interval","D","","","","","no","","","","","","0.00","v2 in-review retry: the existing NHTSA-hosted Audi maintenance schedule already produced a dual-extract mismatch and was not reused. Audi USA exposes an interactive maintenance schedule, but this pass did not obtain a qualifying public downloadable Warranty & Maintenance Book PDF. Non-OEM mirrors remain eligible for Tier C when a complete US-market maintenance document can be verified.","No replacement PDF verified: existing NHTSA Audi schedule failed dual extraction; Audi USA portal did not yield a public downloadable maintenance booklet; no complete mirrored US-market Warranty & Maintenance Book was verified."
"463","audi-q3-2021-premium","2021","Audi","Q3","Premium","","luxury_suv","audi","fixed_interval","D","","","","","no","","","","","","0.00","v2 in-review retry: the existing NHTSA-hosted Audi maintenance schedule already produced a dual-extract mismatch and was not reused. Audi USA exposes an interactive maintenance schedule, but this pass did not obtain a qualifying public downloadable Warranty & Maintenance Book PDF. Non-OEM mirrors remain eligible for Tier C when a complete US-market maintenance document can be verified.","No replacement PDF verified: existing NHTSA Audi schedule failed dual extraction; Audi USA portal did not yield a public downloadable maintenance booklet; no complete mirrored US-market Warranty & Maintenance Book was verified."
"464","audi-q3-2021-premium-plus","2021","Audi","Q3","Premium Plus","","luxury_suv","audi","fixed_interval","D","","","","","no","","","","","","0.00","v2 in-review retry: the existing NHTSA-hosted Audi maintenance schedule already produced a dual-extract mismatch and was not reused. Audi USA exposes an interactive maintenance schedule, but this pass did not obtain a qualifying public downloadable Warranty & Maintenance Book PDF. Non-OEM mirrors remain eligible for Tier C when a complete US-market maintenance document can be verified.","No replacement PDF verified: existing NHTSA Audi schedule failed dual extraction; Audi USA portal did not yield a public downloadable maintenance booklet; no complete mirrored US-market Warranty & Maintenance Book was verified."
"465","audi-q3-2021-prestige","2021","Audi","Q3","Prestige","","luxury_suv","audi","fixed_interval","D","","","","","no","","","","","","0.00","v2 in-review retry: the existing NHTSA-hosted Audi maintenance schedule already produced a dual-extract mismatch and was not reused. Audi USA exposes an interactive maintenance schedule, but this pass did not obtain a qualifying public downloadable Warranty & Maintenance Book PDF. Non-OEM mirrors remain eligible for Tier C when a complete US-market maintenance document can be verified.","No replacement PDF verified: existing NHTSA Audi schedule failed dual extraction; Audi USA portal did not yield a public downloadable maintenance booklet; no complete mirrored US-market Warranty & Maintenance Book was verified."
"466","audi-q3-2020-premium","2020","Audi","Q3","Premium","","luxury_suv","audi","fixed_interval","D","","","","","no","","","","","","0.00","v2 in-review retry: the existing NHTSA-hosted Audi maintenance schedule already produced a dual-extract mismatch and was not reused. Audi USA exposes an interactive maintenance schedule, but this pass did not obtain a qualifying public downloadable Warranty & Maintenance Book PDF. Non-OEM mirrors remain eligible for Tier C when a complete US-market maintenance document can be verified.","No replacement PDF verified: existing NHTSA Audi schedule failed dual extraction; Audi USA portal did not yield a public downloadable maintenance booklet; no complete mirrored US-market Warranty & Maintenance Book was verified."
"467","audi-q3-2020-premium-plus","2020","Audi","Q3","Premium Plus","","luxury_suv","audi","fixed_interval","D","","","","","no","","","","","","0.00","v2 in-review retry: the existing NHTSA-hosted Audi maintenance schedule already produced a dual-extract mismatch and was not reused. Audi USA exposes an interactive maintenance schedule, but this pass did not obtain a qualifying public downloadable Warranty & Maintenance Book PDF. Non-OEM mirrors remain eligible for Tier C when a complete US-market maintenance document can be verified.","No replacement PDF verified: existing NHTSA Audi schedule failed dual extraction; Audi USA portal did not yield a public downloadable maintenance booklet; no complete mirrored US-market Warranty & Maintenance Book was verified."
"468","audi-q3-2020-prestige","2020","Audi","Q3","Prestige","","luxury_suv","audi","fixed_interval","D","","","","","no","","","","","","0.00","v2 in-review retry: the existing NHTSA-hosted Audi maintenance schedule already produced a dual-extract mismatch and was not reused. Audi USA exposes an interactive maintenance schedule, but this pass did not obtain a qualifying public downloadable Warranty & Maintenance Book PDF. Non-OEM mirrors remain eligible for Tier C when a complete US-market maintenance document can be verified.","No replacement PDF verified: existing NHTSA Audi schedule failed dual extraction; Audi USA portal did not yield a public downloadable maintenance booklet; no complete mirrored US-market Warranty & Maintenance Book was verified."
"469","audi-q3-2019-premium","2019","Audi","Q3","Premium","","luxury_suv","audi","fixed_interval","D","","","","","no","","","","","","0.00","v2 in-review retry: the existing NHTSA-hosted Audi maintenance schedule already produced a dual-extract mismatch and was not reused. Audi USA exposes an interactive maintenance schedule, but this pass did not obtain a qualifying public downloadable Warranty & Maintenance Book PDF. Non-OEM mirrors remain eligible for Tier C when a complete US-market maintenance document can be verified.","No replacement PDF verified: existing NHTSA Audi schedule failed dual extraction; Audi USA portal did not yield a public downloadable maintenance booklet; no complete mirrored US-market Warranty & Maintenance Book was verified."
"470","audi-q3-2019-premium-plus","2019","Audi","Q3","Premium Plus","","luxury_suv","audi","fixed_interval","D","","","","","no","","","","","","0.00","v2 in-review retry: the existing NHTSA-hosted Audi maintenance schedule already produced a dual-extract mismatch and was not reused. Audi USA exposes an interactive maintenance schedule, but this pass did not obtain a qualifying public downloadable Warranty & Maintenance Book PDF. Non-OEM mirrors remain eligible for Tier C when a complete US-market maintenance document can be verified.","No replacement PDF verified: existing NHTSA Audi schedule failed dual extraction; Audi USA portal did not yield a public downloadable maintenance booklet; no complete mirrored US-market Warranty & Maintenance Book was verified."
"471","audi-q3-2019-prestige","2019","Audi","Q3","Prestige","","luxury_suv","audi","fixed_interval","D","","","","","no","","","","","","0.00","v2 in-review retry: the existing NHTSA-hosted Audi maintenance schedule already produced a dual-extract mismatch and was not reused. Audi USA exposes an interactive maintenance schedule, but this pass did not obtain a qualifying public downloadable Warranty & Maintenance Book PDF. Non-OEM mirrors remain eligible for Tier C when a complete US-market maintenance document can be verified.","No replacement PDF verified: existing NHTSA Audi schedule failed dual extraction; Audi USA portal did not yield a public downloadable maintenance booklet; no complete mirrored US-market Warranty & Maintenance Book was verified."
"481","audi-q5-2022-premium","2022","Audi","Q5","Premium","","luxury_suv","audi","fixed_interval","D","","","","","no","","","","","","0.00","v2 in-review retry: the existing NHTSA-hosted Audi maintenance schedule already produced a dual-extract mismatch and was not reused. Audi USA exposes an interactive maintenance schedule, but this pass did not obtain a qualifying public downloadable Warranty & Maintenance Book PDF. Non-OEM mirrors remain eligible for Tier C when a complete US-market maintenance document can be verified.","No replacement PDF verified: existing NHTSA Audi schedule failed dual extraction; Audi USA portal did not yield a public downloadable maintenance booklet; no complete mirrored US-market Warranty & Maintenance Book was verified."
"482","audi-q5-2022-premium-plus","2022","Audi","Q5","Premium Plus","","luxury_suv","audi","fixed_interval","D","","","","","no","","","","","","0.00","v2 in-review retry: the existing NHTSA-hosted Audi maintenance schedule already produced a dual-extract mismatch and was not reused. Audi USA exposes an interactive maintenance schedule, but this pass did not obtain a qualifying public downloadable Warranty & Maintenance Book PDF. Non-OEM mirrors remain eligible for Tier C when a complete US-market maintenance document can be verified.","No replacement PDF verified: existing NHTSA Audi schedule failed dual extraction; Audi USA portal did not yield a public downloadable maintenance booklet; no complete mirrored US-market Warranty & Maintenance Book was verified."
"483","audi-q5-2022-prestige","2022","Audi","Q5","Prestige","","luxury_suv","audi","fixed_interval","D","","","","","no","","","","","","0.00","v2 in-review retry: the existing NHTSA-hosted Audi maintenance schedule already produced a dual-extract mismatch and was not reused. Audi USA exposes an interactive maintenance schedule, but this pass did not obtain a qualifying public downloadable Warranty & Maintenance Book PDF. Non-OEM mirrors remain eligible for Tier C when a complete US-market maintenance document can be verified.","No replacement PDF verified: existing NHTSA Audi schedule failed dual extraction; Audi USA portal did not yield a public downloadable maintenance booklet; no complete mirrored US-market Warranty & Maintenance Book was verified."
"484","audi-q5-2021-premium","2021","Audi","Q5","Premium","","luxury_suv","audi","fixed_interval","D","","","","","no","","","","","","0.00","v2 in-review retry: the existing NHTSA-hosted Audi maintenance schedule already produced a dual-extract mismatch and was not reused. Audi USA exposes an interactive maintenance schedule, but this pass did not obtain a qualifying public downloadable Warranty & Maintenance Book PDF. Non-OEM mirrors remain eligible for Tier C when a complete US-market maintenance document can be verified.","No replacement PDF verified: existing NHTSA Audi schedule failed dual extraction; Audi USA portal did not yield a public downloadable maintenance booklet; no complete mirrored US-market Warranty & Maintenance Book was verified."
"485","audi-q5-2021-premium-plus","2021","Audi","Q5","Premium Plus","","luxury_suv","audi","fixed_interval","D","","","","","no","","","","","","0.00","v2 in-review retry: the existing NHTSA-hosted Audi maintenance schedule already produced a dual-extract mismatch and was not reused. Audi USA exposes an interactive maintenance schedule, but this pass did not obtain a qualifying public downloadable Warranty & Maintenance Book PDF. Non-OEM mirrors remain eligible for Tier C when a complete US-market maintenance document can be verified.","No replacement PDF verified: existing NHTSA Audi schedule failed dual extraction; Audi USA portal did not yield a public downloadable maintenance booklet; no complete mirrored US-market Warranty & Maintenance Book was verified."
"486","audi-q5-2021-prestige","2021","Audi","Q5","Prestige","","luxury_suv","audi","fixed_interval","D","","","","","no","","","","","","0.00","v2 in-review retry: the existing NHTSA-hosted Audi maintenance schedule already produced a dual-extract mismatch and was not reused. Audi USA exposes an interactive maintenance schedule, but this pass did not obtain a qualifying public downloadable Warranty & Maintenance Book PDF. Non-OEM mirrors remain eligible for Tier C when a complete US-market maintenance document can be verified.","No replacement PDF verified: existing NHTSA Audi schedule failed dual extraction; Audi USA portal did not yield a public downloadable maintenance booklet; no complete mirrored US-market Warranty & Maintenance Book was verified."
"487","audi-q5-2020-premium","2020","Audi","Q5","Premium","","luxury_suv","audi","fixed_interval","D","","","","","no","","","","","","0.00","v2 in-review retry: the existing NHTSA-hosted Audi maintenance schedule already produced a dual-extract mismatch and was not reused. Audi USA exposes an interactive maintenance schedule, but this pass did not obtain a qualifying public downloadable Warranty & Maintenance Book PDF. Non-OEM mirrors remain eligible for Tier C when a complete US-market maintenance document can be verified.","No replacement PDF verified: existing NHTSA Audi schedule failed dual extraction; Audi USA portal did not yield a public downloadable maintenance booklet; no complete mirrored US-market Warranty & Maintenance Book was verified."
"488","audi-q5-2020-premium-plus","2020","Audi","Q5","Premium Plus","","luxury_suv","audi","fixed_interval","D","","","","","no","","","","","","0.00","v2 in-review retry: the existing NHTSA-hosted Audi maintenance schedule already produced a dual-extract mismatch and was not reused. Audi USA exposes an interactive maintenance schedule, but this pass did not obtain a qualifying public downloadable Warranty & Maintenance Book PDF. Non-OEM mirrors remain eligible for Tier C when a complete US-market maintenance document can be verified.","No replacement PDF verified: existing NHTSA Audi schedule failed dual extraction; Audi USA portal did not yield a public downloadable maintenance booklet; no complete mirrored US-market Warranty & Maintenance Book was verified."
"489","audi-q5-2020-prestige","2020","Audi","Q5","Prestige","","luxury_suv","audi","fixed_interval","D","","","","","no","","","","","","0.00","v2 in-review retry: the existing NHTSA-hosted Audi maintenance schedule already produced a dual-extract mismatch and was not reused. Audi USA exposes an interactive maintenance schedule, but this pass did not obtain a qualifying public downloadable Warranty & Maintenance Book PDF. Non-OEM mirrors remain eligible for Tier C when a complete US-market maintenance document can be verified.","No replacement PDF verified: existing NHTSA Audi schedule failed dual extraction; Audi USA portal did not yield a public downloadable maintenance booklet; no complete mirrored US-market Warranty & Maintenance Book was verified."
"490","audi-q5-2019-premium","2019","Audi","Q5","Premium","","luxury_suv","audi","fixed_interval","D","","","","","no","","","","","","0.00","v2 in-review retry: the existing NHTSA-hosted Audi maintenance schedule already produced a dual-extract mismatch and was not reused. Audi USA exposes an interactive maintenance schedule, but this pass did not obtain a qualifying public downloadable Warranty & Maintenance Book PDF. Non-OEM mirrors remain eligible for Tier C when a complete US-market maintenance document can be verified.","No replacement PDF verified: existing NHTSA Audi schedule failed dual extraction; Audi USA portal did not yield a public downloadable maintenance booklet; no complete mirrored US-market Warranty & Maintenance Book was verified."
"491","audi-q5-2019-premium-plus","2019","Audi","Q5","Premium Plus","","luxury_suv","audi","fixed_interval","D","","","","","no","","","","","","0.00","v2 in-review retry: the existing NHTSA-hosted Audi maintenance schedule already produced a dual-extract mismatch and was not reused. Audi USA exposes an interactive maintenance schedule, but this pass did not obtain a qualifying public downloadable Warranty & Maintenance Book PDF. Non-OEM mirrors remain eligible for Tier C when a complete US-market maintenance document can be verified.","No replacement PDF verified: existing NHTSA Audi schedule failed dual extraction; Audi USA portal did not yield a public downloadable maintenance booklet; no complete mirrored US-market Warranty & Maintenance Book was verified."
"492","audi-q5-2019-prestige","2019","Audi","Q5","Prestige","","luxury_suv","audi","fixed_interval","D","","","","","no","","","","","","0.00","v2 in-review retry: the existing NHTSA-hosted Audi maintenance schedule already produced a dual-extract mismatch and was not reused. Audi USA exposes an interactive maintenance schedule, but this pass did not obtain a qualifying public downloadable Warranty & Maintenance Book PDF. Non-OEM mirrors remain eligible for Tier C when a complete US-market maintenance document can be verified.","No replacement PDF verified: existing NHTSA Audi schedule failed dual extraction; Audi USA portal did not yield a public downloadable maintenance booklet; no complete mirrored US-market Warranty & Maintenance Book was verified."
"493","audi-q5-2018-premium","2018","Audi","Q5","Premium","","luxury_suv","audi","fixed_interval","D","","","","","no","","","","","","0.00","v2 in-review retry: the existing NHTSA-hosted Audi maintenance schedule already produced a dual-extract mismatch and was not reused. Audi USA exposes an interactive maintenance schedule, but this pass did not obtain a qualifying public downloadable Warranty & Maintenance Book PDF. Non-OEM mirrors remain eligible for Tier C when a complete US-market maintenance document can be verified.","No replacement PDF verified: existing NHTSA Audi schedule failed dual extraction; Audi USA portal did not yield a public downloadable maintenance booklet; no complete mirrored US-market Warranty & Maintenance Book was verified."
"494","audi-q5-2018-premium-plus","2018","Audi","Q5","Premium Plus","","luxury_suv","audi","fixed_interval","D","","","","","no","","","","","","0.00","v2 in-review retry: the existing NHTSA-hosted Audi maintenance schedule already produced a dual-extract mismatch and was not reused. Audi USA exposes an interactive maintenance schedule, but this pass did not obtain a qualifying public downloadable Warranty & Maintenance Book PDF. Non-OEM mirrors remain eligible for Tier C when a complete US-market maintenance document can be verified.","No replacement PDF verified: existing NHTSA Audi schedule failed dual extraction; Audi USA portal did not yield a public downloadable maintenance booklet; no complete mirrored US-market Warranty & Maintenance Book was verified."
"495","audi-q5-2018-prestige","2018","Audi","Q5","Prestige","","luxury_suv","audi","fixed_interval","D","","","","","no","","","","","","0.00","v2 in-review retry: the existing NHTSA-hosted Audi maintenance schedule already produced a dual-extract mismatch and was not reused. Audi USA exposes an interactive maintenance schedule, but this pass did not obtain a qualifying public downloadable Warranty & Maintenance Book PDF. Non-OEM mirrors remain eligible for Tier C when a complete US-market maintenance document can be verified.","No replacement PDF verified: existing NHTSA Audi schedule failed dual extraction; Audi USA portal did not yield a public downloadable maintenance booklet; no complete mirrored US-market Warranty & Maintenance Book was verified."
"505","audi-q7-2022-premium","2022","Audi","Q7","Premium","","luxury_suv","audi","fixed_interval","D","","","","","no","","","","","","0.00","v2 in-review retry: the existing NHTSA-hosted Audi maintenance schedule already produced a dual-extract mismatch and was not reused. Audi USA exposes an interactive maintenance schedule, but this pass did not obtain a qualifying public downloadable Warranty & Maintenance Book PDF. Non-OEM mirrors remain eligible for Tier C when a complete US-market maintenance document can be verified.","No replacement PDF verified: existing NHTSA Audi schedule failed dual extraction; Audi USA portal did not yield a public downloadable maintenance booklet; no complete mirrored US-market Warranty & Maintenance Book was verified."
"506","audi-q7-2022-premium-plus","2022","Audi","Q7","Premium Plus","","luxury_suv","audi","fixed_interval","D","","","","","no","","","","","","0.00","v2 in-review retry: the existing NHTSA-hosted Audi maintenance schedule already produced a dual-extract mismatch and was not reused. Audi USA exposes an interactive maintenance schedule, but this pass did not obtain a qualifying public downloadable Warranty & Maintenance Book PDF. Non-OEM mirrors remain eligible for Tier C when a complete US-market maintenance document can be verified.","No replacement PDF verified: existing NHTSA Audi schedule failed dual extraction; Audi USA portal did not yield a public downloadable maintenance booklet; no complete mirrored US-market Warranty & Maintenance Book was verified."
"507","audi-q7-2022-prestige","2022","Audi","Q7","Prestige","","luxury_suv","audi","fixed_interval","D","","","","","no","","","","","","0.00","v2 in-review retry: the existing NHTSA-hosted Audi maintenance schedule already produced a dual-extract mismatch and was not reused. Audi USA exposes an interactive maintenance schedule, but this pass did not obtain a qualifying public downloadable Warranty & Maintenance Book PDF. Non-OEM mirrors remain eligible for Tier C when a complete US-market maintenance document can be verified.","No replacement PDF verified: existing NHTSA Audi schedule failed dual extraction; Audi USA portal did not yield a public downloadable maintenance booklet; no complete mirrored US-market Warranty & Maintenance Book was verified."
"508","audi-q7-2021-premium","2021","Audi","Q7","Premium","","luxury_suv","audi","fixed_interval","D","","","","","no","","","","","","0.00","v2 in-review retry: the existing NHTSA-hosted Audi maintenance schedule already produced a dual-extract mismatch and was not reused. Audi USA exposes an interactive maintenance schedule, but this pass did not obtain a qualifying public downloadable Warranty & Maintenance Book PDF. Non-OEM mirrors remain eligible for Tier C when a complete US-market maintenance document can be verified.","No replacement PDF verified: existing NHTSA Audi schedule failed dual extraction; Audi USA portal did not yield a public downloadable maintenance booklet; no complete mirrored US-market Warranty & Maintenance Book was verified."
"509","audi-q7-2021-premium-plus","2021","Audi","Q7","Premium Plus","","luxury_suv","audi","fixed_interval","D","","","","","no","","","","","","0.00","v2 in-review retry: the existing NHTSA-hosted Audi maintenance schedule already produced a dual-extract mismatch and was not reused. Audi USA exposes an interactive maintenance schedule, but this pass did not obtain a qualifying public downloadable Warranty & Maintenance Book PDF. Non-OEM mirrors remain eligible for Tier C when a complete US-market maintenance document can be verified.","No replacement PDF verified: existing NHTSA Audi schedule failed dual extraction; Audi USA portal did not yield a public downloadable maintenance booklet; no complete mirrored US-market Warranty & Maintenance Book was verified."
"510","audi-q7-2021-prestige","2021","Audi","Q7","Prestige","","luxury_suv","audi","fixed_interval","D","","","","","no","","","","","","0.00","v2 in-review retry: the existing NHTSA-hosted Audi maintenance schedule already produced a dual-extract mismatch and was not reused. Audi USA exposes an interactive maintenance schedule, but this pass did not obtain a qualifying public downloadable Warranty & Maintenance Book PDF. Non-OEM mirrors remain eligible for Tier C when a complete US-market maintenance document can be verified.","No replacement PDF verified: existing NHTSA Audi schedule failed dual extraction; Audi USA portal did not yield a public downloadable maintenance booklet; no complete mirrored US-market Warranty & Maintenance Book was verified."
"511","audi-q7-2020-premium","2020","Audi","Q7","Premium","","luxury_suv","audi","fixed_interval","D","","","","","no","","","","","","0.00","v2 in-review retry: the existing NHTSA-hosted Audi maintenance schedule already produced a dual-extract mismatch and was not reused. Audi USA exposes an interactive maintenance schedule, but this pass did not obtain a qualifying public downloadable Warranty & Maintenance Book PDF. Non-OEM mirrors remain eligible for Tier C when a complete US-market maintenance document can be verified.","No replacement PDF verified: existing NHTSA Audi schedule failed dual extraction; Audi USA portal did not yield a public downloadable maintenance booklet; no complete mirrored US-market Warranty & Maintenance Book was verified."
"512","audi-q7-2020-premium-plus","2020","Audi","Q7","Premium Plus","","luxury_suv","audi","fixed_interval","D","","","","","no","","","","","","0.00","v2 in-review retry: the existing NHTSA-hosted Audi maintenance schedule already produced a dual-extract mismatch and was not reused. Audi USA exposes an interactive maintenance schedule, but this pass did not obtain a qualifying public downloadable Warranty & Maintenance Book PDF. Non-OEM mirrors remain eligible for Tier C when a complete US-market maintenance document can be verified.","No replacement PDF verified: existing NHTSA Audi schedule failed dual extraction; Audi USA portal did not yield a public downloadable maintenance booklet; no complete mirrored US-market Warranty & Maintenance Book was verified."
"513","audi-q7-2020-prestige","2020","Audi","Q7","Prestige","","luxury_suv","audi","fixed_interval","D","","","","","no","","","","","","0.00","v2 in-review retry: the existing NHTSA-hosted Audi maintenance schedule already produced a dual-extract mismatch and was not reused. Audi USA exposes an interactive maintenance schedule, but this pass did not obtain a qualifying public downloadable Warranty & Maintenance Book PDF. Non-OEM mirrors remain eligible for Tier C when a complete US-market maintenance document can be verified.","No replacement PDF verified: existing NHTSA Audi schedule failed dual extraction; Audi USA portal did not yield a public downloadable maintenance booklet; no complete mirrored US-market Warranty & Maintenance Book was verified."
"514","audi-q7-2019-premium","2019","Audi","Q7","Premium","","luxury_suv","audi","fixed_interval","D","","","","","no","","","","","","0.00","v2 in-review retry: the existing NHTSA-hosted Audi maintenance schedule already produced a dual-extract mismatch and was not reused. Audi USA exposes an interactive maintenance schedule, but this pass did not obtain a qualifying public downloadable Warranty & Maintenance Book PDF. Non-OEM mirrors remain eligible for Tier C when a complete US-market maintenance document can be verified.","No replacement PDF verified: existing NHTSA Audi schedule failed dual extraction; Audi USA portal did not yield a public downloadable maintenance booklet; no complete mirrored US-market Warranty & Maintenance Book was verified."
"515","audi-q7-2019-premium-plus","2019","Audi","Q7","Premium Plus","","luxury_suv","audi","fixed_interval","D","","","","","no","","","","","","0.00","v2 in-review retry: the existing NHTSA-hosted Audi maintenance schedule already produced a dual-extract mismatch and was not reused. Audi USA exposes an interactive maintenance schedule, but this pass did not obtain a qualifying public downloadable Warranty & Maintenance Book PDF. Non-OEM mirrors remain eligible for Tier C when a complete US-market maintenance document can be verified.","No replacement PDF verified: existing NHTSA Audi schedule failed dual extraction; Audi USA portal did not yield a public downloadable maintenance booklet; no complete mirrored US-market Warranty & Maintenance Book was verified."
"516","audi-q7-2019-prestige","2019","Audi","Q7","Prestige","","luxury_suv","audi","fixed_interval","D","","","","","no","","","","","","0.00","v2 in-review retry: the existing NHTSA-hosted Audi maintenance schedule already produced a dual-extract mismatch and was not reused. Audi USA exposes an interactive maintenance schedule, but this pass did not obtain a qualifying public downloadable Warranty & Maintenance Book PDF. Non-OEM mirrors remain eligible for Tier C when a complete US-market maintenance document can be verified.","No replacement PDF verified: existing NHTSA Audi schedule failed dual extraction; Audi USA portal did not yield a public downloadable maintenance booklet; no complete mirrored US-market Warranty & Maintenance Book was verified."
"517","audi-q7-2018-premium","2018","Audi","Q7","Premium","","luxury_suv","audi","fixed_interval","D","","","","","no","","","","","","0.00","v2 in-review retry: the existing NHTSA-hosted Audi maintenance schedule already produced a dual-extract mismatch and was not reused. Audi USA exposes an interactive maintenance schedule, but this pass did not obtain a qualifying public downloadable Warranty & Maintenance Book PDF. Non-OEM mirrors remain eligible for Tier C when a complete US-market maintenance document can be verified.","No replacement PDF verified: existing NHTSA Audi schedule failed dual extraction; Audi USA portal did not yield a public downloadable maintenance booklet; no complete mirrored US-market Warranty & Maintenance Book was verified."
"518","audi-q7-2018-premium-plus","2018","Audi","Q7","Premium Plus","","luxury_suv","audi","fixed_interval","D","","","","","no","","","","","","0.00","v2 in-review retry: the existing NHTSA-hosted Audi maintenance schedule already produced a dual-extract mismatch and was not reused. Audi USA exposes an interactive maintenance schedule, but this pass did not obtain a qualifying public downloadable Warranty & Maintenance Book PDF. Non-OEM mirrors remain eligible for Tier C when a complete US-market maintenance document can be verified.","No replacement PDF verified: existing NHTSA Audi schedule failed dual extraction; Audi USA portal did not yield a public downloadable maintenance booklet; no complete mirrored US-market Warranty & Maintenance Book was verified."
"519","audi-q7-2018-prestige","2018","Audi","Q7","Prestige","","luxury_suv","audi","fixed_interval","D","","","","","no","","","","","","0.00","v2 in-review retry: the existing NHTSA-hosted Audi maintenance schedule already produced a dual-extract mismatch and was not reused. Audi USA exposes an interactive maintenance schedule, but this pass did not obtain a qualifying public downloadable Warranty & Maintenance Book PDF. Non-OEM mirrors remain eligible for Tier C when a complete US-market maintenance document can be verified.","No replacement PDF verified: existing NHTSA Audi schedule failed dual extraction; Audi USA portal did not yield a public downloadable maintenance booklet; no complete mirrored US-market Warranty & Maintenance Book was verified."
"526","audi-q8-2022-premium","2022","Audi","Q8","Premium","","luxury_suv","audi","fixed_interval","D","","","","","no","","","","","","0.00","v2 in-review retry: the existing NHTSA-hosted Audi maintenance schedule already produced a dual-extract mismatch and was not reused. Audi USA exposes an interactive maintenance schedule, but this pass did not obtain a qualifying public downloadable Warranty & Maintenance Book PDF. Non-OEM mirrors remain eligible for Tier C when a complete US-market maintenance document can be verified.","No replacement PDF verified: existing NHTSA Audi schedule failed dual extraction; Audi USA portal did not yield a public downloadable maintenance booklet; no complete mirrored US-market Warranty & Maintenance Book was verified."
"527","audi-q8-2022-premium-plus","2022","Audi","Q8","Premium Plus","","luxury_suv","audi","fixed_interval","D","","","","","no","","","","","","0.00","v2 in-review retry: the existing NHTSA-hosted Audi maintenance schedule already produced a dual-extract mismatch and was not reused. Audi USA exposes an interactive maintenance schedule, but this pass did not obtain a qualifying public downloadable Warranty & Maintenance Book PDF. Non-OEM mirrors remain eligible for Tier C when a complete US-market maintenance document can be verified.","No replacement PDF verified: existing NHTSA Audi schedule failed dual extraction; Audi USA portal did not yield a public downloadable maintenance booklet; no complete mirrored US-market Warranty & Maintenance Book was verified."
"528","audi-q8-2021-premium","2021","Audi","Q8","Premium","","luxury_suv","audi","fixed_interval","D","","","","","no","","","","","","0.00","v2 in-review retry: the existing NHTSA-hosted Audi maintenance schedule already produced a dual-extract mismatch and was not reused. Audi USA exposes an interactive maintenance schedule, but this pass did not obtain a qualifying public downloadable Warranty & Maintenance Book PDF. Non-OEM mirrors remain eligible for Tier C when a complete US-market maintenance document can be verified.","No replacement PDF verified: existing NHTSA Audi schedule failed dual extraction; Audi USA portal did not yield a public downloadable maintenance booklet; no complete mirrored US-market Warranty & Maintenance Book was verified."
"529","audi-q8-2021-premium-plus","2021","Audi","Q8","Premium Plus","","luxury_suv","audi","fixed_interval","D","","","","","no","","","","","","0.00","v2 in-review retry: the existing NHTSA-hosted Audi maintenance schedule already produced a dual-extract mismatch and was not reused. Audi USA exposes an interactive maintenance schedule, but this pass did not obtain a qualifying public downloadable Warranty & Maintenance Book PDF. Non-OEM mirrors remain eligible for Tier C when a complete US-market maintenance document can be verified.","No replacement PDF verified: existing NHTSA Audi schedule failed dual extraction; Audi USA portal did not yield a public downloadable maintenance booklet; no complete mirrored US-market Warranty & Maintenance Book was verified."
"530","audi-q8-2020-premium","2020","Audi","Q8","Premium","","luxury_suv","audi","fixed_interval","D","","","","","no","","","","","","0.00","v2 in-review retry: the existing NHTSA-hosted Audi maintenance schedule already produced a dual-extract mismatch and was not reused. Audi USA exposes an interactive maintenance schedule, but this pass did not obtain a qualifying public downloadable Warranty & Maintenance Book PDF. Non-OEM mirrors remain eligible for Tier C when a complete US-market maintenance document can be verified.","No replacement PDF verified: existing NHTSA Audi schedule failed dual extraction; Audi USA portal did not yield a public downloadable maintenance booklet; no complete mirrored US-market Warranty & Maintenance Book was verified."
"531","audi-q8-2020-premium-plus","2020","Audi","Q8","Premium Plus","","luxury_suv","audi","fixed_interval","D","","","","","no","","","","","","0.00","v2 in-review retry: the existing NHTSA-hosted Audi maintenance schedule already produced a dual-extract mismatch and was not reused. Audi USA exposes an interactive maintenance schedule, but this pass did not obtain a qualifying public downloadable Warranty & Maintenance Book PDF. Non-OEM mirrors remain eligible for Tier C when a complete US-market maintenance document can be verified.","No replacement PDF verified: existing NHTSA Audi schedule failed dual extraction; Audi USA portal did not yield a public downloadable maintenance booklet; no complete mirrored US-market Warranty & Maintenance Book was verified."
"552","lexus-is-2025-500-f-sport","2025","Lexus","IS","500 F Sport","","luxury_sedan","lexus","fixed_interval","B","https://assets.sia.toyota.com/publications/en/omms-s/L-MMS-25IS500/pdf/L-MMS-25IS500.pdf","","Warranty and Services Guide","Scheduled Maintenance Log","no","","","200","application/pdf","9d21203d62059ccd74099facfdd59b955873c8f3555ce8301a5b5852860c66b9","0.95","Official Lexus USA model-year Warranty and Services Guide; PDF magic and size validated. The scheduled-maintenance matrix begins in the Scheduled Maintenance Log. URL verification passed: HTTP 200, application/pdf, %PDF magic, 443071 bytes. v2 retry validation passed 2026-07-26: HTTP 200, application/pdf, %PDF magic, 443071 bytes, SHA-256 9d21203d62059ccd74099facfdd59b955873c8f3555ce8301a5b5852860c66b9. Source discovery is valid; remaining dual_extract_mismatch state requires extractor or creator-review remediation.",""
"801","volvo-s60-2025-b5-core","2025","Volvo","S60","B5 Core","","luxury_sedan","volvo","fixed_interval","B","https://azure-eu-assets.contentstack.com/v3/assets/bltccbab8edae0354cd/blt1f1676a16c88494e/6a29cb4fc1351a105b5ed89d/2025_FSM_Maintenance_Sheets_PHEV_MHEV_6.8.26.pdf","","Factory Scheduled Maintenance sheet","Schedule of Factory Maintenance Service Operations","no","","2","200","application/pdf","d9d35c7bfa6375f6952daf7399c4092a07d032faddd2d2e10964b3fc401e4b2b","0.95","Official Volvo Car USA 2025 ICE/PHEV/MHEV maintenance schedule; all listed 2025 models share the drivetrain schedule. URL verification passed: HTTP 200, application/pdf, %PDF magic, 522887 bytes. v2 retry validation passed 2026-07-26: HTTP 200, application/pdf, %PDF magic, 522887 bytes, SHA-256 d9d35c7bfa6375f6952daf7399c4092a07d032faddd2d2e10964b3fc401e4b2b. Source discovery is valid; remaining dual_extract_mismatch state requires extractor or creator-review remediation.",""
"802","volvo-s60-2025-b5-plus","2025","Volvo","S60","B5 Plus","","luxury_sedan","volvo","fixed_interval","B","https://azure-eu-assets.contentstack.com/v3/assets/bltccbab8edae0354cd/blt1f1676a16c88494e/6a29cb4fc1351a105b5ed89d/2025_FSM_Maintenance_Sheets_PHEV_MHEV_6.8.26.pdf","","Factory Scheduled Maintenance sheet","Schedule of Factory Maintenance Service Operations","yes","volvo-s60-2025-b5-core","2","200","application/pdf","d9d35c7bfa6375f6952daf7399c4092a07d032faddd2d2e10964b3fc401e4b2b","0.95","Official Volvo Car USA 2025 ICE/PHEV/MHEV maintenance schedule; all listed 2025 models share the drivetrain schedule. URL verification passed: HTTP 200, application/pdf, %PDF magic, 522887 bytes. v2 retry validation passed 2026-07-26: HTTP 200, application/pdf, %PDF magic, 522887 bytes, SHA-256 d9d35c7bfa6375f6952daf7399c4092a07d032faddd2d2e10964b3fc401e4b2b. Source discovery is valid; remaining dual_extract_mismatch state requires extractor or creator-review remediation.",""
"803","volvo-s60-2025-recharge","2025","Volvo","S60","Recharge","","luxury_sedan","volvo","fixed_interval","B","https://azure-eu-assets.contentstack.com/v3/assets/bltccbab8edae0354cd/blt1f1676a16c88494e/6a29cb4fc1351a105b5ed89d/2025_FSM_Maintenance_Sheets_PHEV_MHEV_6.8.26.pdf","","Factory Scheduled Maintenance sheet","Schedule of Factory Maintenance Service Operations","yes","volvo-s60-2025-b5-core","2","200","application/pdf","d9d35c7bfa6375f6952daf7399c4092a07d032faddd2d2e10964b3fc401e4b2b","0.95","Official Volvo Car USA 2025 ICE/PHEV/MHEV maintenance schedule; all listed 2025 models share the drivetrain schedule. URL verification passed: HTTP 200, application/pdf, %PDF magic, 522887 bytes. v2 retry validation passed 2026-07-26: HTTP 200, application/pdf, %PDF magic, 522887 bytes, SHA-256 d9d35c7bfa6375f6952daf7399c4092a07d032faddd2d2e10964b3fc401e4b2b. Source discovery is valid; remaining no_manifest state requires extractor or creator-review remediation.",""
"804","volvo-s60-2025-recharge-phev","2025","Volvo","S60","Recharge","PHEV","luxury_sedan","volvo","fixed_interval","B","https://azure-eu-assets.contentstack.com/v3/assets/bltccbab8edae0354cd/blt1f1676a16c88494e/6a29cb4fc1351a105b5ed89d/2025_FSM_Maintenance_Sheets_PHEV_MHEV_6.8.26.pdf","","Factory Scheduled Maintenance sheet","Schedule of Factory Maintenance Service Operations","yes","volvo-s60-2025-b5-core","2","200","application/pdf","d9d35c7bfa6375f6952daf7399c4092a07d032faddd2d2e10964b3fc401e4b2b","0.95","Official Volvo Car USA 2025 ICE/PHEV/MHEV maintenance schedule; all listed 2025 models share the drivetrain schedule. URL verification passed: HTTP 200, application/pdf, %PDF magic, 522887 bytes. v2 retry validation passed 2026-07-26: HTTP 200, application/pdf, %PDF magic, 522887 bytes, SHA-256 d9d35c7bfa6375f6952daf7399c4092a07d032faddd2d2e10964b3fc401e4b2b. Source discovery is valid; remaining dual_extract_mismatch state requires extractor or creator-review remediation.",""
"805","volvo-s60-2024-b5-core","2024","Volvo","S60","B5 Core","","luxury_sedan","volvo","fixed_interval","B","https://azure-eu-assets.contentstack.com/v3/assets/bltccbab8edae0354cd/blte903c4602d5671e9/6a29cb536b589f3053b06110/2024_FSM_Maintenance_Sheets_ICE_PHEV_MHEV_6.8.26.pdf","","Factory Scheduled Maintenance sheet","Schedule of Factory Maintenance Service Operations","no","","2","200","application/pdf","c6995ca939bdf690e20fa30610859b59d4522f851125098b966d64909b2c5934","0.95","Official Volvo Car USA 2024 ICE/PHEV/MHEV maintenance schedule; all listed 2024 models share the drivetrain schedule. URL verification passed: HTTP 200, application/pdf, %PDF magic, 947803 bytes. v2 retry validation passed 2026-07-26: HTTP 200, application/pdf, %PDF magic, 947803 bytes, SHA-256 c6995ca939bdf690e20fa30610859b59d4522f851125098b966d64909b2c5934. Source discovery is valid; remaining dual_extract_mismatch state requires extractor or creator-review remediation.",""
"806","volvo-s60-2024-b5-plus","2024","Volvo","S60","B5 Plus","","luxury_sedan","volvo","fixed_interval","B","https://azure-eu-assets.contentstack.com/v3/assets/bltccbab8edae0354cd/blte903c4602d5671e9/6a29cb536b589f3053b06110/2024_FSM_Maintenance_Sheets_ICE_PHEV_MHEV_6.8.26.pdf","","Factory Scheduled Maintenance sheet","Schedule of Factory Maintenance Service Operations","yes","volvo-s60-2024-b5-core","2","200","application/pdf","c6995ca939bdf690e20fa30610859b59d4522f851125098b966d64909b2c5934","0.95","Official Volvo Car USA 2024 ICE/PHEV/MHEV maintenance schedule; all listed 2024 models share the drivetrain schedule. URL verification passed: HTTP 200, application/pdf, %PDF magic, 947803 bytes. v2 retry validation passed 2026-07-26: HTTP 200, application/pdf, %PDF magic, 947803 bytes, SHA-256 c6995ca939bdf690e20fa30610859b59d4522f851125098b966d64909b2c5934. Source discovery is valid; remaining dual_extract_mismatch state requires extractor or creator-review remediation.",""
"807","volvo-s60-2024-recharge","2024","Volvo","S60","Recharge","","luxury_sedan","volvo","fixed_interval","B","https://azure-eu-assets.contentstack.com/v3/assets/bltccbab8edae0354cd/blte903c4602d5671e9/6a29cb536b589f3053b06110/2024_FSM_Maintenance_Sheets_ICE_PHEV_MHEV_6.8.26.pdf","","Factory Scheduled Maintenance sheet","Schedule of Factory Maintenance Service Operations","yes","volvo-s60-2024-b5-core","2","200","application/pdf","c6995ca939bdf690e20fa30610859b59d4522f851125098b966d64909b2c5934","0.95","Official Volvo Car USA 2024 ICE/PHEV/MHEV maintenance schedule; all listed 2024 models share the drivetrain schedule. URL verification passed: HTTP 200, application/pdf, %PDF magic, 947803 bytes. v2 retry validation passed 2026-07-26: HTTP 200, application/pdf, %PDF magic, 947803 bytes, SHA-256 c6995ca939bdf690e20fa30610859b59d4522f851125098b966d64909b2c5934. Source discovery is valid; remaining dual_extract_mismatch state requires extractor or creator-review remediation.",""
"808","volvo-s60-2024-recharge-phev","2024","Volvo","S60","Recharge","PHEV","luxury_sedan","volvo","fixed_interval","B","https://azure-eu-assets.contentstack.com/v3/assets/bltccbab8edae0354cd/blte903c4602d5671e9/6a29cb536b589f3053b06110/2024_FSM_Maintenance_Sheets_ICE_PHEV_MHEV_6.8.26.pdf","","Factory Scheduled Maintenance sheet","Schedule of Factory Maintenance Service Operations","yes","volvo-s60-2024-b5-core","2","200","application/pdf","c6995ca939bdf690e20fa30610859b59d4522f851125098b966d64909b2c5934","0.95","Official Volvo Car USA 2024 ICE/PHEV/MHEV maintenance schedule; all listed 2024 models share the drivetrain schedule. URL verification passed: HTTP 200, application/pdf, %PDF magic, 947803 bytes. v2 retry validation passed 2026-07-26: HTTP 200, application/pdf, %PDF magic, 947803 bytes, SHA-256 c6995ca939bdf690e20fa30610859b59d4522f851125098b966d64909b2c5934. Source discovery is valid; remaining dual_extract_mismatch state requires extractor or creator-review remediation.",""
"809","volvo-s60-2023-b5-core","2023","Volvo","S60","B5 Core","","luxury_sedan","volvo","fixed_interval","B","https://azure-eu-assets.contentstack.com/v3/assets/bltccbab8edae0354cd/blt81f15f82d8a8280f/6a29cb5edcb18dc4dbce664b/2023_FSM_Maintenance_Sheets_ICE_PHEV_MHEV_6.8.26_%281%29.pdf","","Factory Scheduled Maintenance sheet","Schedule of Factory Maintenance Service Operations","no","","2","200","application/pdf","7c365ce08df12fcbdabfd08a4c4a5e1269ca4a175be9aef33037d87828ba6e68","0.95","Official Volvo Car USA 2023 ICE/PHEV/MHEV maintenance schedule; all listed 2023 models share the drivetrain schedule. URL verification passed: HTTP 200, application/pdf, %PDF magic, 417282 bytes. v2 retry validation passed 2026-07-26: HTTP 200, application/pdf, %PDF magic, 417282 bytes, SHA-256 7c365ce08df12fcbdabfd08a4c4a5e1269ca4a175be9aef33037d87828ba6e68. Source discovery is valid; remaining no_manifest state requires extractor or creator-review remediation.",""
"810","volvo-s60-2023-b5-plus","2023","Volvo","S60","B5 Plus","","luxury_sedan","volvo","fixed_interval","B","https://azure-eu-assets.contentstack.com/v3/assets/bltccbab8edae0354cd/blt81f15f82d8a8280f/6a29cb5edcb18dc4dbce664b/2023_FSM_Maintenance_Sheets_ICE_PHEV_MHEV_6.8.26_%281%29.pdf","","Factory Scheduled Maintenance sheet","Schedule of Factory Maintenance Service Operations","yes","volvo-s60-2023-b5-core","2","200","application/pdf","7c365ce08df12fcbdabfd08a4c4a5e1269ca4a175be9aef33037d87828ba6e68","0.95","Official Volvo Car USA 2023 ICE/PHEV/MHEV maintenance schedule; all listed 2023 models share the drivetrain schedule. URL verification passed: HTTP 200, application/pdf, %PDF magic, 417282 bytes. v2 retry validation passed 2026-07-26: HTTP 200, application/pdf, %PDF magic, 417282 bytes, SHA-256 7c365ce08df12fcbdabfd08a4c4a5e1269ca4a175be9aef33037d87828ba6e68. Source discovery is valid; remaining dual_extract_mismatch state requires extractor or creator-review remediation.",""
"811","volvo-s60-2023-recharge","2023","Volvo","S60","Recharge","","luxury_sedan","volvo","fixed_interval","B","https://azure-eu-assets.contentstack.com/v3/assets/bltccbab8edae0354cd/blt81f15f82d8a8280f/6a29cb5edcb18dc4dbce664b/2023_FSM_Maintenance_Sheets_ICE_PHEV_MHEV_6.8.26_%281%29.pdf","","Factory Scheduled Maintenance sheet","Schedule of Factory Maintenance Service Operations","yes","volvo-s60-2023-b5-core","2","200","application/pdf","7c365ce08df12fcbdabfd08a4c4a5e1269ca4a175be9aef33037d87828ba6e68","0.95","Official Volvo Car USA 2023 ICE/PHEV/MHEV maintenance schedule; all listed 2023 models share the drivetrain schedule. URL verification passed: HTTP 200, application/pdf, %PDF magic, 417282 bytes. v2 retry validation passed 2026-07-26: HTTP 200, application/pdf, %PDF magic, 417282 bytes, SHA-256 7c365ce08df12fcbdabfd08a4c4a5e1269ca4a175be9aef33037d87828ba6e68. Source discovery is valid; remaining dual_extract_mismatch state requires extractor or creator-review remediation.",""
"812","volvo-s60-2023-recharge-phev","2023","Volvo","S60","Recharge","PHEV","luxury_sedan","volvo","fixed_interval","B","https://azure-eu-assets.contentstack.com/v3/assets/bltccbab8edae0354cd/blt81f15f82d8a8280f/6a29cb5edcb18dc4dbce664b/2023_FSM_Maintenance_Sheets_ICE_PHEV_MHEV_6.8.26_%281%29.pdf","","Factory Scheduled Maintenance sheet","Schedule of Factory Maintenance Service Operations","yes","volvo-s60-2023-b5-core","2","200","application/pdf","7c365ce08df12fcbdabfd08a4c4a5e1269ca4a175be9aef33037d87828ba6e68","0.95","Official Volvo Car USA 2023 ICE/PHEV/MHEV maintenance schedule; all listed 2023 models share the drivetrain schedule. URL verification passed: HTTP 200, application/pdf, %PDF magic, 417282 bytes. v2 retry validation passed 2026-07-26: HTTP 200, application/pdf, %PDF magic, 417282 bytes, SHA-256 7c365ce08df12fcbdabfd08a4c4a5e1269ca4a175be9aef33037d87828ba6e68. Source discovery is valid; remaining dual_extract_mismatch state requires extractor or creator-review remediation.",""
"813","volvo-s60-2022-b5-core","2022","Volvo","S60","B5 Core","","luxury_sedan","volvo","fixed_interval","B","https://azure-eu-assets.contentstack.com/v3/assets/bltccbab8edae0354cd/bltb47d7a5aea734683/6a29cb631bba922d61aadaa4/2022_FSM_Maintenance_Sheets_ICE_PHEV_MHEV_6.8.26.pdf","","Factory Scheduled Maintenance sheet","Schedule of Factory Maintenance Service Operations","no","","2","200","application/pdf","506f57ee1e889bd587d214b6aa1068e4db2502ce6d8ab5b6f79ff79384ab8418","0.95","Official Volvo Car USA 2022 ICE/PHEV/MHEV maintenance schedule; all listed 2022 models share the drivetrain schedule. URL verification passed: HTTP 200, application/pdf, %PDF magic, 441850 bytes. v2 retry validation passed 2026-07-26: HTTP 200, application/pdf, %PDF magic, 441850 bytes, SHA-256 506f57ee1e889bd587d214b6aa1068e4db2502ce6d8ab5b6f79ff79384ab8418. Source discovery is valid; remaining dual_extract_mismatch state requires extractor or creator-review remediation.",""
"814","volvo-s60-2022-b5-plus","2022","Volvo","S60","B5 Plus","","luxury_sedan","volvo","fixed_interval","B","https://azure-eu-assets.contentstack.com/v3/assets/bltccbab8edae0354cd/bltb47d7a5aea734683/6a29cb631bba922d61aadaa4/2022_FSM_Maintenance_Sheets_ICE_PHEV_MHEV_6.8.26.pdf","","Factory Scheduled Maintenance sheet","Schedule of Factory Maintenance Service Operations","yes","volvo-s60-2022-b5-core","2","200","application/pdf","506f57ee1e889bd587d214b6aa1068e4db2502ce6d8ab5b6f79ff79384ab8418","0.95","Official Volvo Car USA 2022 ICE/PHEV/MHEV maintenance schedule; all listed 2022 models share the drivetrain schedule. URL verification passed: HTTP 200, application/pdf, %PDF magic, 441850 bytes. v2 retry validation passed 2026-07-26: HTTP 200, application/pdf, %PDF magic, 441850 bytes, SHA-256 506f57ee1e889bd587d214b6aa1068e4db2502ce6d8ab5b6f79ff79384ab8418. Source discovery is valid; remaining dual_extract_mismatch state requires extractor or creator-review remediation.",""
"815","volvo-s60-2022-recharge","2022","Volvo","S60","Recharge","","luxury_sedan","volvo","fixed_interval","B","https://azure-eu-assets.contentstack.com/v3/assets/bltccbab8edae0354cd/bltb47d7a5aea734683/6a29cb631bba922d61aadaa4/2022_FSM_Maintenance_Sheets_ICE_PHEV_MHEV_6.8.26.pdf","","Factory Scheduled Maintenance sheet","Schedule of Factory Maintenance Service Operations","yes","volvo-s60-2022-b5-core","2","200","application/pdf","506f57ee1e889bd587d214b6aa1068e4db2502ce6d8ab5b6f79ff79384ab8418","0.95","Official Volvo Car USA 2022 ICE/PHEV/MHEV maintenance schedule; all listed 2022 models share the drivetrain schedule. URL verification passed: HTTP 200, application/pdf, %PDF magic, 441850 bytes. v2 retry validation passed 2026-07-26: HTTP 200, application/pdf, %PDF magic, 441850 bytes, SHA-256 506f57ee1e889bd587d214b6aa1068e4db2502ce6d8ab5b6f79ff79384ab8418. Source discovery is valid; remaining dual_extract_mismatch state requires extractor or creator-review remediation.",""
"816","volvo-s60-2022-recharge-phev","2022","Volvo","S60","Recharge","PHEV","luxury_sedan","volvo","fixed_interval","B","https://azure-eu-assets.contentstack.com/v3/assets/bltccbab8edae0354cd/bltb47d7a5aea734683/6a29cb631bba922d61aadaa4/2022_FSM_Maintenance_Sheets_ICE_PHEV_MHEV_6.8.26.pdf","","Factory Scheduled Maintenance sheet","Schedule of Factory Maintenance Service Operations","yes","volvo-s60-2022-b5-core","2","200","application/pdf","506f57ee1e889bd587d214b6aa1068e4db2502ce6d8ab5b6f79ff79384ab8418","0.95","Official Volvo Car USA 2022 ICE/PHEV/MHEV maintenance schedule; all listed 2022 models share the drivetrain schedule. URL verification passed: HTTP 200, application/pdf, %PDF magic, 441850 bytes. v2 retry validation passed 2026-07-26: HTTP 200, application/pdf, %PDF magic, 441850 bytes, SHA-256 506f57ee1e889bd587d214b6aa1068e4db2502ce6d8ab5b6f79ff79384ab8418. Source discovery is valid; remaining dual_extract_mismatch state requires extractor or creator-review remediation.",""
"817","volvo-s60-2021-b5-core","2021","Volvo","S60","B5 Core","","luxury_sedan","volvo","fixed_interval","B","https://azure-eu-assets.contentstack.com/v3/assets/bltccbab8edae0354cd/blt90b030f1159d2e0a/68418a060635ffb21a0a2172/Volvo_Wty_Manual_2021_CC_05-29-2020.pdf","","Warranty and Maintenance Records Information","Maintenance Service Operations","no","","","200","application/pdf","2da99f1f40918e19f682174b8ef350a5cc72759415dec66b9a3fbf2b9a09d90e","0.95","Official Volvo Car USA 2021 Warranty and Maintenance Records Information booklet containing the model-year maintenance schedule. URL verification passed: HTTP 200, application/pdf, %PDF magic, 1993635 bytes. v2 retry validation passed 2026-07-26: HTTP 200, application/pdf, %PDF magic, 1993635 bytes, SHA-256 2da99f1f40918e19f682174b8ef350a5cc72759415dec66b9a3fbf2b9a09d90e. Replaced an HTTP 403 Volvo delivery URL with its direct official Contentstack asset. Source discovery is valid; remaining dual_extract_mismatch state requires extractor or creator-review remediation.",""
"818","volvo-s60-2021-b5-plus","2021","Volvo","S60","B5 Plus","","luxury_sedan","volvo","fixed_interval","B","https://azure-eu-assets.contentstack.com/v3/assets/bltccbab8edae0354cd/blt90b030f1159d2e0a/68418a060635ffb21a0a2172/Volvo_Wty_Manual_2021_CC_05-29-2020.pdf","","Warranty and Maintenance Records Information","Maintenance Service Operations","yes","volvo-s60-2021-b5-core","","200","application/pdf","2da99f1f40918e19f682174b8ef350a5cc72759415dec66b9a3fbf2b9a09d90e","0.95","Official Volvo Car USA 2021 Warranty and Maintenance Records Information booklet containing the model-year maintenance schedule. URL verification passed: HTTP 200, application/pdf, %PDF magic, 1993635 bytes. v2 retry validation passed 2026-07-26: HTTP 200, application/pdf, %PDF magic, 1993635 bytes, SHA-256 2da99f1f40918e19f682174b8ef350a5cc72759415dec66b9a3fbf2b9a09d90e. Replaced an HTTP 403 Volvo delivery URL with its direct official Contentstack asset. Source discovery is valid; remaining dual_extract_mismatch state requires extractor or creator-review remediation.",""
"819","volvo-s60-2021-recharge","2021","Volvo","S60","Recharge","","luxury_sedan","volvo","fixed_interval","B","https://azure-eu-assets.contentstack.com/v3/assets/bltccbab8edae0354cd/blt90b030f1159d2e0a/68418a060635ffb21a0a2172/Volvo_Wty_Manual_2021_CC_05-29-2020.pdf","","Warranty and Maintenance Records Information","Maintenance Service Operations","yes","volvo-s60-2021-b5-core","","200","application/pdf","2da99f1f40918e19f682174b8ef350a5cc72759415dec66b9a3fbf2b9a09d90e","0.95","Official Volvo Car USA 2021 Warranty and Maintenance Records Information booklet containing the model-year maintenance schedule. URL verification passed: HTTP 200, application/pdf, %PDF magic, 1993635 bytes. v2 retry validation passed 2026-07-26: HTTP 200, application/pdf, %PDF magic, 1993635 bytes, SHA-256 2da99f1f40918e19f682174b8ef350a5cc72759415dec66b9a3fbf2b9a09d90e. Replaced an HTTP 403 Volvo delivery URL with its direct official Contentstack asset. Source discovery is valid; remaining dual_extract_mismatch state requires extractor or creator-review remediation.",""
"820","volvo-s60-2021-recharge-phev","2021","Volvo","S60","Recharge","PHEV","luxury_sedan","volvo","fixed_interval","B","https://azure-eu-assets.contentstack.com/v3/assets/bltccbab8edae0354cd/blt90b030f1159d2e0a/68418a060635ffb21a0a2172/Volvo_Wty_Manual_2021_CC_05-29-2020.pdf","","Warranty and Maintenance Records Information","Maintenance Service Operations","yes","volvo-s60-2021-b5-core","","200","application/pdf","2da99f1f40918e19f682174b8ef350a5cc72759415dec66b9a3fbf2b9a09d90e","0.95","Official Volvo Car USA 2021 Warranty and Maintenance Records Information booklet containing the model-year maintenance schedule. URL verification passed: HTTP 200, application/pdf, %PDF magic, 1993635 bytes. v2 retry validation passed 2026-07-26: HTTP 200, application/pdf, %PDF magic, 1993635 bytes, SHA-256 2da99f1f40918e19f682174b8ef350a5cc72759415dec66b9a3fbf2b9a09d90e. Replaced an HTTP 403 Volvo delivery URL with its direct official Contentstack asset. Source discovery is valid; remaining dual_extract_mismatch state requires extractor or creator-review remediation.",""
"821","volvo-s60-2020-b5-core","2020","Volvo","S60","B5 Core","","luxury_sedan","volvo","fixed_interval","B","https://azure-eu-assets.contentstack.com/v3/assets/bltccbab8edae0354cd/bltc23eea22432e621d/684189fcbbad491c7df90f7e/Volvo_Wty_Manual_2020_CC_05-14-19.pdf","","Warranty and Maintenance Records Information","Maintenance Service Operations","no","","","200","application/pdf","dbc3d74e60c80fa24c65e63f1b880beed4a441afe1d4a3908f57e2087af22f4a","0.95","Official Volvo Car USA 2020 Warranty and Maintenance Records Information booklet containing the model-year maintenance schedule. URL verification passed: HTTP 200, application/pdf, %PDF magic, 480522 bytes. v2 retry validation passed 2026-07-26: HTTP 200, application/pdf, %PDF magic, 480522 bytes, SHA-256 dbc3d74e60c80fa24c65e63f1b880beed4a441afe1d4a3908f57e2087af22f4a. Replaced an HTTP 403 Volvo delivery URL with its direct official Contentstack asset. Source discovery is valid; remaining dual_extract_mismatch state requires extractor or creator-review remediation.",""
"822","volvo-s60-2020-b5-plus","2020","Volvo","S60","B5 Plus","","luxury_sedan","volvo","fixed_interval","B","https://azure-eu-assets.contentstack.com/v3/assets/bltccbab8edae0354cd/bltc23eea22432e621d/684189fcbbad491c7df90f7e/Volvo_Wty_Manual_2020_CC_05-14-19.pdf","","Warranty and Maintenance Records Information","Maintenance Service Operations","yes","volvo-s60-2020-b5-core","","200","application/pdf","dbc3d74e60c80fa24c65e63f1b880beed4a441afe1d4a3908f57e2087af22f4a","0.95","Official Volvo Car USA 2020 Warranty and Maintenance Records Information booklet containing the model-year maintenance schedule. URL verification passed: HTTP 200, application/pdf, %PDF magic, 480522 bytes. v2 retry validation passed 2026-07-26: HTTP 200, application/pdf, %PDF magic, 480522 bytes, SHA-256 dbc3d74e60c80fa24c65e63f1b880beed4a441afe1d4a3908f57e2087af22f4a. Replaced an HTTP 403 Volvo delivery URL with its direct official Contentstack asset. Source discovery is valid; remaining dual_extract_mismatch state requires extractor or creator-review remediation.",""
"823","volvo-s60-2020-recharge","2020","Volvo","S60","Recharge","","luxury_sedan","volvo","fixed_interval","B","https://azure-eu-assets.contentstack.com/v3/assets/bltccbab8edae0354cd/bltc23eea22432e621d/684189fcbbad491c7df90f7e/Volvo_Wty_Manual_2020_CC_05-14-19.pdf","","Warranty and Maintenance Records Information","Maintenance Service Operations","yes","volvo-s60-2020-b5-core","","200","application/pdf","dbc3d74e60c80fa24c65e63f1b880beed4a441afe1d4a3908f57e2087af22f4a","0.95","Official Volvo Car USA 2020 Warranty and Maintenance Records Information booklet containing the model-year maintenance schedule. URL verification passed: HTTP 200, application/pdf, %PDF magic, 480522 bytes. v2 retry validation passed 2026-07-26: HTTP 200, application/pdf, %PDF magic, 480522 bytes, SHA-256 dbc3d74e60c80fa24c65e63f1b880beed4a441afe1d4a3908f57e2087af22f4a. Replaced an HTTP 403 Volvo delivery URL with its direct official Contentstack asset. Source discovery is valid; remaining no_manifest state requires extractor or creator-review remediation.",""
"824","volvo-s60-2020-recharge-phev","2020","Volvo","S60","Recharge","PHEV","luxury_sedan","volvo","fixed_interval","B","https://azure-eu-assets.contentstack.com/v3/assets/bltccbab8edae0354cd/bltc23eea22432e621d/684189fcbbad491c7df90f7e/Volvo_Wty_Manual_2020_CC_05-14-19.pdf","","Warranty and Maintenance Records Information","Maintenance Service Operations","yes","volvo-s60-2020-b5-core","","200","application/pdf","dbc3d74e60c80fa24c65e63f1b880beed4a441afe1d4a3908f57e2087af22f4a","0.95","Official Volvo Car USA 2020 Warranty and Maintenance Records Information booklet containing the model-year maintenance schedule. URL verification passed: HTTP 200, application/pdf, %PDF magic, 480522 bytes. v2 retry validation passed 2026-07-26: HTTP 200, application/pdf, %PDF magic, 480522 bytes, SHA-256 dbc3d74e60c80fa24c65e63f1b880beed4a441afe1d4a3908f57e2087af22f4a. Replaced an HTTP 403 Volvo delivery URL with its direct official Contentstack asset. Source discovery is valid; remaining dual_extract_mismatch state requires extractor or creator-review remediation.",""
"825","volvo-s60-2019-b5-core","2019","Volvo","S60","B5 Core","","luxury_sedan","volvo","fixed_interval","B","https://azure-eu-assets.contentstack.com/v3/assets/bltccbab8edae0354cd/blt2ad4609db7f7435c/684189f1ead0f60f003536e7/2019_Volvo_Warranty_Manual_01-23-18.pdf","","Warranty and Maintenance Records Information","Maintenance Service Operations","no","","","200","application/pdf","78466d21c6497fb85eb6b33f2387db2050b66c21c479b94810f176ff0ba41db0","0.95","Official Volvo Car USA 2019 Warranty and Maintenance Records Information booklet containing the model-year maintenance schedule. URL verification passed: HTTP 200, application/pdf, %PDF magic, 411508 bytes. v2 retry validation passed 2026-07-26: HTTP 200, application/pdf, %PDF magic, 411508 bytes, SHA-256 78466d21c6497fb85eb6b33f2387db2050b66c21c479b94810f176ff0ba41db0. Replaced an HTTP 403 Volvo delivery URL with its direct official Contentstack asset. Source discovery is valid; remaining dual_extract_mismatch state requires extractor or creator-review remediation.",""
"826","volvo-s60-2019-b5-plus","2019","Volvo","S60","B5 Plus","","luxury_sedan","volvo","fixed_interval","B","https://azure-eu-assets.contentstack.com/v3/assets/bltccbab8edae0354cd/blt2ad4609db7f7435c/684189f1ead0f60f003536e7/2019_Volvo_Warranty_Manual_01-23-18.pdf","","Warranty and Maintenance Records Information","Maintenance Service Operations","yes","volvo-s60-2019-b5-core","","200","application/pdf","78466d21c6497fb85eb6b33f2387db2050b66c21c479b94810f176ff0ba41db0","0.95","Official Volvo Car USA 2019 Warranty and Maintenance Records Information booklet containing the model-year maintenance schedule. URL verification passed: HTTP 200, application/pdf, %PDF magic, 411508 bytes. v2 retry validation passed 2026-07-26: HTTP 200, application/pdf, %PDF magic, 411508 bytes, SHA-256 78466d21c6497fb85eb6b33f2387db2050b66c21c479b94810f176ff0ba41db0. Replaced an HTTP 403 Volvo delivery URL with its direct official Contentstack asset. Source discovery is valid; remaining dual_extract_mismatch state requires extractor or creator-review remediation.",""
"827","volvo-s60-2019-recharge","2019","Volvo","S60","Recharge","","luxury_sedan","volvo","fixed_interval","B","https://azure-eu-assets.contentstack.com/v3/assets/bltccbab8edae0354cd/blt2ad4609db7f7435c/684189f1ead0f60f003536e7/2019_Volvo_Warranty_Manual_01-23-18.pdf","","Warranty and Maintenance Records Information","Maintenance Service Operations","yes","volvo-s60-2019-b5-core","","200","application/pdf","78466d21c6497fb85eb6b33f2387db2050b66c21c479b94810f176ff0ba41db0","0.95","Official Volvo Car USA 2019 Warranty and Maintenance Records Information booklet containing the model-year maintenance schedule. URL verification passed: HTTP 200, application/pdf, %PDF magic, 411508 bytes. v2 retry validation passed 2026-07-26: HTTP 200, application/pdf, %PDF magic, 411508 bytes, SHA-256 78466d21c6497fb85eb6b33f2387db2050b66c21c479b94810f176ff0ba41db0. Replaced an HTTP 403 Volvo delivery URL with its direct official Contentstack asset. Source discovery is valid; remaining dual_extract_mismatch state requires extractor or creator-review remediation.",""
"828","volvo-s60-2019-recharge-phev","2019","Volvo","S60","Recharge","PHEV","luxury_sedan","volvo","fixed_interval","B","https://azure-eu-assets.contentstack.com/v3/assets/bltccbab8edae0354cd/blt2ad4609db7f7435c/684189f1ead0f60f003536e7/2019_Volvo_Warranty_Manual_01-23-18.pdf","","Warranty and Maintenance Records Information","Maintenance Service Operations","yes","volvo-s60-2019-b5-core","","200","application/pdf","78466d21c6497fb85eb6b33f2387db2050b66c21c479b94810f176ff0ba41db0","0.95","Official Volvo Car USA 2019 Warranty and Maintenance Records Information booklet containing the model-year maintenance schedule. URL verification passed: HTTP 200, application/pdf, %PDF magic, 411508 bytes. v2 retry validation passed 2026-07-26: HTTP 200, application/pdf, %PDF magic, 411508 bytes, SHA-256 78466d21c6497fb85eb6b33f2387db2050b66c21c479b94810f176ff0ba41db0. Replaced an HTTP 403 Volvo delivery URL with its direct official Contentstack asset. Source discovery is valid; remaining dual_extract_mismatch state requires extractor or creator-review remediation.",""
"829","volvo-s90-2025-b6-core","2025","Volvo","S90","B6 Core","","luxury_sedan","volvo","fixed_interval","B","https://azure-eu-assets.contentstack.com/v3/assets/bltccbab8edae0354cd/blt1f1676a16c88494e/6a29cb4fc1351a105b5ed89d/2025_FSM_Maintenance_Sheets_PHEV_MHEV_6.8.26.pdf","","Factory Scheduled Maintenance sheet","Schedule of Factory Maintenance Service Operations","yes","volvo-s60-2025-b5-core","2","200","application/pdf","d9d35c7bfa6375f6952daf7399c4092a07d032faddd2d2e10964b3fc401e4b2b","0.95","Official Volvo Car USA 2025 ICE/PHEV/MHEV maintenance schedule; all listed 2025 models share the drivetrain schedule. URL verification passed: HTTP 200, application/pdf, %PDF magic, 522887 bytes. v2 retry validation passed 2026-07-26: HTTP 200, application/pdf, %PDF magic, 522887 bytes, SHA-256 d9d35c7bfa6375f6952daf7399c4092a07d032faddd2d2e10964b3fc401e4b2b. Source discovery is valid; remaining no_manifest state requires extractor or creator-review remediation.",""
"830","volvo-s90-2025-b6-plus","2025","Volvo","S90","B6 Plus","","luxury_sedan","volvo","fixed_interval","B","https://azure-eu-assets.contentstack.com/v3/assets/bltccbab8edae0354cd/blt1f1676a16c88494e/6a29cb4fc1351a105b5ed89d/2025_FSM_Maintenance_Sheets_PHEV_MHEV_6.8.26.pdf","","Factory Scheduled Maintenance sheet","Schedule of Factory Maintenance Service Operations","yes","volvo-s60-2025-b5-core","2","200","application/pdf","d9d35c7bfa6375f6952daf7399c4092a07d032faddd2d2e10964b3fc401e4b2b","0.95","Official Volvo Car USA 2025 ICE/PHEV/MHEV maintenance schedule; all listed 2025 models share the drivetrain schedule. URL verification passed: HTTP 200, application/pdf, %PDF magic, 522887 bytes. v2 retry validation passed 2026-07-26: HTTP 200, application/pdf, %PDF magic, 522887 bytes, SHA-256 d9d35c7bfa6375f6952daf7399c4092a07d032faddd2d2e10964b3fc401e4b2b. Source discovery is valid; remaining dual_extract_mismatch state requires extractor or creator-review remediation.",""
"831","volvo-s90-2025-recharge","2025","Volvo","S90","Recharge","","luxury_sedan","volvo","fixed_interval","B","https://azure-eu-assets.contentstack.com/v3/assets/bltccbab8edae0354cd/blt1f1676a16c88494e/6a29cb4fc1351a105b5ed89d/2025_FSM_Maintenance_Sheets_PHEV_MHEV_6.8.26.pdf","","Factory Scheduled Maintenance sheet","Schedule of Factory Maintenance Service Operations","yes","volvo-s60-2025-b5-core","2","200","application/pdf","d9d35c7bfa6375f6952daf7399c4092a07d032faddd2d2e10964b3fc401e4b2b","0.95","Official Volvo Car USA 2025 ICE/PHEV/MHEV maintenance schedule; all listed 2025 models share the drivetrain schedule. URL verification passed: HTTP 200, application/pdf, %PDF magic, 522887 bytes. v2 retry validation passed 2026-07-26: HTTP 200, application/pdf, %PDF magic, 522887 bytes, SHA-256 d9d35c7bfa6375f6952daf7399c4092a07d032faddd2d2e10964b3fc401e4b2b. Source discovery is valid; remaining dual_extract_mismatch state requires extractor or creator-review remediation.",""
"832","volvo-s90-2024-b6-core","2024","Volvo","S90","B6 Core","","luxury_sedan","volvo","fixed_interval","B","https://azure-eu-assets.contentstack.com/v3/assets/bltccbab8edae0354cd/blte903c4602d5671e9/6a29cb536b589f3053b06110/2024_FSM_Maintenance_Sheets_ICE_PHEV_MHEV_6.8.26.pdf","","Factory Scheduled Maintenance sheet","Schedule of Factory Maintenance Service Operations","yes","volvo-s60-2024-b5-core","2","200","application/pdf","c6995ca939bdf690e20fa30610859b59d4522f851125098b966d64909b2c5934","0.95","Official Volvo Car USA 2024 ICE/PHEV/MHEV maintenance schedule; all listed 2024 models share the drivetrain schedule. URL verification passed: HTTP 200, application/pdf, %PDF magic, 947803 bytes. v2 retry validation passed 2026-07-26: HTTP 200, application/pdf, %PDF magic, 947803 bytes, SHA-256 c6995ca939bdf690e20fa30610859b59d4522f851125098b966d64909b2c5934. Source discovery is valid; remaining no_manifest state requires extractor or creator-review remediation.",""
"833","volvo-s90-2024-b6-plus","2024","Volvo","S90","B6 Plus","","luxury_sedan","volvo","fixed_interval","B","https://azure-eu-assets.contentstack.com/v3/assets/bltccbab8edae0354cd/blte903c4602d5671e9/6a29cb536b589f3053b06110/2024_FSM_Maintenance_Sheets_ICE_PHEV_MHEV_6.8.26.pdf","","Factory Scheduled Maintenance sheet","Schedule of Factory Maintenance Service Operations","yes","volvo-s60-2024-b5-core","2","200","application/pdf","c6995ca939bdf690e20fa30610859b59d4522f851125098b966d64909b2c5934","0.95","Official Volvo Car USA 2024 ICE/PHEV/MHEV maintenance schedule; all listed 2024 models share the drivetrain schedule. URL verification passed: HTTP 200, application/pdf, %PDF magic, 947803 bytes. v2 retry validation passed 2026-07-26: HTTP 200, application/pdf, %PDF magic, 947803 bytes, SHA-256 c6995ca939bdf690e20fa30610859b59d4522f851125098b966d64909b2c5934. Source discovery is valid; remaining dual_extract_mismatch state requires extractor or creator-review remediation.",""
"834","volvo-s90-2024-recharge","2024","Volvo","S90","Recharge","","luxury_sedan","volvo","fixed_interval","B","https://azure-eu-assets.contentstack.com/v3/assets/bltccbab8edae0354cd/blte903c4602d5671e9/6a29cb536b589f3053b06110/2024_FSM_Maintenance_Sheets_ICE_PHEV_MHEV_6.8.26.pdf","","Factory Scheduled Maintenance sheet","Schedule of Factory Maintenance Service Operations","yes","volvo-s60-2024-b5-core","2","200","application/pdf","c6995ca939bdf690e20fa30610859b59d4522f851125098b966d64909b2c5934","0.95","Official Volvo Car USA 2024 ICE/PHEV/MHEV maintenance schedule; all listed 2024 models share the drivetrain schedule. URL verification passed: HTTP 200, application/pdf, %PDF magic, 947803 bytes. v2 retry validation passed 2026-07-26: HTTP 200, application/pdf, %PDF magic, 947803 bytes, SHA-256 c6995ca939bdf690e20fa30610859b59d4522f851125098b966d64909b2c5934. Source discovery is valid; remaining dual_extract_mismatch state requires extractor or creator-review remediation.",""
"835","volvo-s90-2023-b6-core","2023","Volvo","S90","B6 Core","","luxury_sedan","volvo","fixed_interval","B","https://azure-eu-assets.contentstack.com/v3/assets/bltccbab8edae0354cd/blt81f15f82d8a8280f/6a29cb5edcb18dc4dbce664b/2023_FSM_Maintenance_Sheets_ICE_PHEV_MHEV_6.8.26_%281%29.pdf","","Factory Scheduled Maintenance sheet","Schedule of Factory Maintenance Service Operations","yes","volvo-s60-2023-b5-core","2","200","application/pdf","7c365ce08df12fcbdabfd08a4c4a5e1269ca4a175be9aef33037d87828ba6e68","0.95","Official Volvo Car USA 2023 ICE/PHEV/MHEV maintenance schedule; all listed 2023 models share the drivetrain schedule. URL verification passed: HTTP 200, application/pdf, %PDF magic, 417282 bytes. v2 retry validation passed 2026-07-26: HTTP 200, application/pdf, %PDF magic, 417282 bytes, SHA-256 7c365ce08df12fcbdabfd08a4c4a5e1269ca4a175be9aef33037d87828ba6e68. Source discovery is valid; remaining dual_extract_mismatch state requires extractor or creator-review remediation.",""
"836","volvo-s90-2023-b6-plus","2023","Volvo","S90","B6 Plus","","luxury_sedan","volvo","fixed_interval","B","https://azure-eu-assets.contentstack.com/v3/assets/bltccbab8edae0354cd/blt81f15f82d8a8280f/6a29cb5edcb18dc4dbce664b/2023_FSM_Maintenance_Sheets_ICE_PHEV_MHEV_6.8.26_%281%29.pdf","","Factory Scheduled Maintenance sheet","Schedule of Factory Maintenance Service Operations","yes","volvo-s60-2023-b5-core","2","200","application/pdf","7c365ce08df12fcbdabfd08a4c4a5e1269ca4a175be9aef33037d87828ba6e68","0.95","Official Volvo Car USA 2023 ICE/PHEV/MHEV maintenance schedule; all listed 2023 models share the drivetrain schedule. URL verification passed: HTTP 200, application/pdf, %PDF magic, 417282 bytes. v2 retry validation passed 2026-07-26: HTTP 200, application/pdf, %PDF magic, 417282 bytes, SHA-256 7c365ce08df12fcbdabfd08a4c4a5e1269ca4a175be9aef33037d87828ba6e68. Source discovery is valid; remaining dual_extract_mismatch state requires extractor or creator-review remediation.",""
"837","volvo-s90-2023-recharge","2023","Volvo","S90","Recharge","","luxury_sedan","volvo","fixed_interval","B","https://azure-eu-assets.contentstack.com/v3/assets/bltccbab8edae0354cd/blt81f15f82d8a8280f/6a29cb5edcb18dc4dbce664b/2023_FSM_Maintenance_Sheets_ICE_PHEV_MHEV_6.8.26_%281%29.pdf","","Factory Scheduled Maintenance sheet","Schedule of Factory Maintenance Service Operations","yes","volvo-s60-2023-b5-core","2","200","application/pdf","7c365ce08df12fcbdabfd08a4c4a5e1269ca4a175be9aef33037d87828ba6e68","0.95","Official Volvo Car USA 2023 ICE/PHEV/MHEV maintenance schedule; all listed 2023 models share the drivetrain schedule. URL verification passed: HTTP 200, application/pdf, %PDF magic, 417282 bytes. v2 retry validation passed 2026-07-26: HTTP 200, application/pdf, %PDF magic, 417282 bytes, SHA-256 7c365ce08df12fcbdabfd08a4c4a5e1269ca4a175be9aef33037d87828ba6e68. Source discovery is valid; remaining dual_extract_mismatch state requires extractor or creator-review remediation.",""
"838","volvo-s90-2022-b6-core","2022","Volvo","S90","B6 Core","","luxury_sedan","volvo","fixed_interval","B","https://azure-eu-assets.contentstack.com/v3/assets/bltccbab8edae0354cd/bltb47d7a5aea734683/6a29cb631bba922d61aadaa4/2022_FSM_Maintenance_Sheets_ICE_PHEV_MHEV_6.8.26.pdf","","Factory Scheduled Maintenance sheet","Schedule of Factory Maintenance Service Operations","yes","volvo-s60-2022-b5-core","2","200","application/pdf","506f57ee1e889bd587d214b6aa1068e4db2502ce6d8ab5b6f79ff79384ab8418","0.95","Official Volvo Car USA 2022 ICE/PHEV/MHEV maintenance schedule; all listed 2022 models share the drivetrain schedule. URL verification passed: HTTP 200, application/pdf, %PDF magic, 441850 bytes. v2 retry validation passed 2026-07-26: HTTP 200, application/pdf, %PDF magic, 441850 bytes, SHA-256 506f57ee1e889bd587d214b6aa1068e4db2502ce6d8ab5b6f79ff79384ab8418. Source discovery is valid; remaining dual_extract_mismatch state requires extractor or creator-review remediation.",""
"839","volvo-s90-2022-b6-plus","2022","Volvo","S90","B6 Plus","","luxury_sedan","volvo","fixed_interval","B","https://azure-eu-assets.contentstack.com/v3/assets/bltccbab8edae0354cd/bltb47d7a5aea734683/6a29cb631bba922d61aadaa4/2022_FSM_Maintenance_Sheets_ICE_PHEV_MHEV_6.8.26.pdf","","Factory Scheduled Maintenance sheet","Schedule of Factory Maintenance Service Operations","yes","volvo-s60-2022-b5-core","2","200","application/pdf","506f57ee1e889bd587d214b6aa1068e4db2502ce6d8ab5b6f79ff79384ab8418","0.95","Official Volvo Car USA 2022 ICE/PHEV/MHEV maintenance schedule; all listed 2022 models share the drivetrain schedule. URL verification passed: HTTP 200, application/pdf, %PDF magic, 441850 bytes. v2 retry validation passed 2026-07-26: HTTP 200, application/pdf, %PDF magic, 441850 bytes, SHA-256 506f57ee1e889bd587d214b6aa1068e4db2502ce6d8ab5b6f79ff79384ab8418. Source discovery is valid; remaining dual_extract_mismatch state requires extractor or creator-review remediation.",""
"840","volvo-s90-2022-recharge","2022","Volvo","S90","Recharge","","luxury_sedan","volvo","fixed_interval","B","https://azure-eu-assets.contentstack.com/v3/assets/bltccbab8edae0354cd/bltb47d7a5aea734683/6a29cb631bba922d61aadaa4/2022_FSM_Maintenance_Sheets_ICE_PHEV_MHEV_6.8.26.pdf","","Factory Scheduled Maintenance sheet","Schedule of Factory Maintenance Service Operations","yes","volvo-s60-2022-b5-core","2","200","application/pdf","506f57ee1e889bd587d214b6aa1068e4db2502ce6d8ab5b6f79ff79384ab8418","0.95","Official Volvo Car USA 2022 ICE/PHEV/MHEV maintenance schedule; all listed 2022 models share the drivetrain schedule. URL verification passed: HTTP 200, application/pdf, %PDF magic, 441850 bytes. v2 retry validation passed 2026-07-26: HTTP 200, application/pdf, %PDF magic, 441850 bytes, SHA-256 506f57ee1e889bd587d214b6aa1068e4db2502ce6d8ab5b6f79ff79384ab8418. Source discovery is valid; remaining dual_extract_mismatch state requires extractor or creator-review remediation.",""
"841","volvo-s90-2021-b6-core","2021","Volvo","S90","B6 Core","","luxury_sedan","volvo","fixed_interval","B","https://azure-eu-assets.contentstack.com/v3/assets/bltccbab8edae0354cd/blt90b030f1159d2e0a/68418a060635ffb21a0a2172/Volvo_Wty_Manual_2021_CC_05-29-2020.pdf","","Warranty and Maintenance Records Information","Maintenance Service Operations","yes","volvo-s60-2021-b5-core","","200","application/pdf","2da99f1f40918e19f682174b8ef350a5cc72759415dec66b9a3fbf2b9a09d90e","0.95","Official Volvo Car USA 2021 Warranty and Maintenance Records Information booklet containing the model-year maintenance schedule. URL verification passed: HTTP 200, application/pdf, %PDF magic, 1993635 bytes. v2 retry validation passed 2026-07-26: HTTP 200, application/pdf, %PDF magic, 1993635 bytes, SHA-256 2da99f1f40918e19f682174b8ef350a5cc72759415dec66b9a3fbf2b9a09d90e. Replaced an HTTP 403 Volvo delivery URL with its direct official Contentstack asset. Source discovery is valid; remaining dual_extract_mismatch state requires extractor or creator-review remediation.",""
"842","volvo-s90-2021-b6-plus","2021","Volvo","S90","B6 Plus","","luxury_sedan","volvo","fixed_interval","B","https://azure-eu-assets.contentstack.com/v3/assets/bltccbab8edae0354cd/blt90b030f1159d2e0a/68418a060635ffb21a0a2172/Volvo_Wty_Manual_2021_CC_05-29-2020.pdf","","Warranty and Maintenance Records Information","Maintenance Service Operations","yes","volvo-s60-2021-b5-core","","200","application/pdf","2da99f1f40918e19f682174b8ef350a5cc72759415dec66b9a3fbf2b9a09d90e","0.95","Official Volvo Car USA 2021 Warranty and Maintenance Records Information booklet containing the model-year maintenance schedule. URL verification passed: HTTP 200, application/pdf, %PDF magic, 1993635 bytes. v2 retry validation passed 2026-07-26: HTTP 200, application/pdf, %PDF magic, 1993635 bytes, SHA-256 2da99f1f40918e19f682174b8ef350a5cc72759415dec66b9a3fbf2b9a09d90e. Replaced an HTTP 403 Volvo delivery URL with its direct official Contentstack asset. Source discovery is valid; remaining dual_extract_mismatch state requires extractor or creator-review remediation.",""
"843","volvo-s90-2021-recharge","2021","Volvo","S90","Recharge","","luxury_sedan","volvo","fixed_interval","B","https://azure-eu-assets.contentstack.com/v3/assets/bltccbab8edae0354cd/blt90b030f1159d2e0a/68418a060635ffb21a0a2172/Volvo_Wty_Manual_2021_CC_05-29-2020.pdf","","Warranty and Maintenance Records Information","Maintenance Service Operations","yes","volvo-s60-2021-b5-core","","200","application/pdf","2da99f1f40918e19f682174b8ef350a5cc72759415dec66b9a3fbf2b9a09d90e","0.95","Official Volvo Car USA 2021 Warranty and Maintenance Records Information booklet containing the model-year maintenance schedule. URL verification passed: HTTP 200, application/pdf, %PDF magic, 1993635 bytes. v2 retry validation passed 2026-07-26: HTTP 200, application/pdf, %PDF magic, 1993635 bytes, SHA-256 2da99f1f40918e19f682174b8ef350a5cc72759415dec66b9a3fbf2b9a09d90e. Replaced an HTTP 403 Volvo delivery URL with its direct official Contentstack asset. Source discovery is valid; remaining dual_extract_mismatch state requires extractor or creator-review remediation.",""
"844","volvo-s90-2020-b6-core","2020","Volvo","S90","B6 Core","","luxury_sedan","volvo","fixed_interval","B","https://azure-eu-assets.contentstack.com/v3/assets/bltccbab8edae0354cd/bltc23eea22432e621d/684189fcbbad491c7df90f7e/Volvo_Wty_Manual_2020_CC_05-14-19.pdf","","Warranty and Maintenance Records Information","Maintenance Service Operations","yes","volvo-s60-2020-b5-core","","200","application/pdf","dbc3d74e60c80fa24c65e63f1b880beed4a441afe1d4a3908f57e2087af22f4a","0.95","Official Volvo Car USA 2020 Warranty and Maintenance Records Information booklet containing the model-year maintenance schedule. URL verification passed: HTTP 200, application/pdf, %PDF magic, 480522 bytes. v2 retry validation passed 2026-07-26: HTTP 200, application/pdf, %PDF magic, 480522 bytes, SHA-256 dbc3d74e60c80fa24c65e63f1b880beed4a441afe1d4a3908f57e2087af22f4a. Replaced an HTTP 403 Volvo delivery URL with its direct official Contentstack asset. Source discovery is valid; remaining dual_extract_mismatch state requires extractor or creator-review remediation.",""
"845","volvo-s90-2020-b6-plus","2020","Volvo","S90","B6 Plus","","luxury_sedan","volvo","fixed_interval","B","https://azure-eu-assets.contentstack.com/v3/assets/bltccbab8edae0354cd/bltc23eea22432e621d/684189fcbbad491c7df90f7e/Volvo_Wty_Manual_2020_CC_05-14-19.pdf","","Warranty and Maintenance Records Information","Maintenance Service Operations","yes","volvo-s60-2020-b5-core","","200","application/pdf","dbc3d74e60c80fa24c65e63f1b880beed4a441afe1d4a3908f57e2087af22f4a","0.95","Official Volvo Car USA 2020 Warranty and Maintenance Records Information booklet containing the model-year maintenance schedule. URL verification passed: HTTP 200, application/pdf, %PDF magic, 480522 bytes. v2 retry validation passed 2026-07-26: HTTP 200, application/pdf, %PDF magic, 480522 bytes, SHA-256 dbc3d74e60c80fa24c65e63f1b880beed4a441afe1d4a3908f57e2087af22f4a. Replaced an HTTP 403 Volvo delivery URL with its direct official Contentstack asset. Source discovery is valid; remaining dual_extract_mismatch state requires extractor or creator-review remediation.",""
"846","volvo-s90-2020-recharge","2020","Volvo","S90","Recharge","","luxury_sedan","volvo","fixed_interval","B","https://azure-eu-assets.contentstack.com/v3/assets/bltccbab8edae0354cd/bltc23eea22432e621d/684189fcbbad491c7df90f7e/Volvo_Wty_Manual_2020_CC_05-14-19.pdf","","Warranty and Maintenance Records Information","Maintenance Service Operations","yes","volvo-s60-2020-b5-core","","200","application/pdf","dbc3d74e60c80fa24c65e63f1b880beed4a441afe1d4a3908f57e2087af22f4a","0.95","Official Volvo Car USA 2020 Warranty and Maintenance Records Information booklet containing the model-year maintenance schedule. URL verification passed: HTTP 200, application/pdf, %PDF magic, 480522 bytes. v2 retry validation passed 2026-07-26: HTTP 200, application/pdf, %PDF magic, 480522 bytes, SHA-256 dbc3d74e60c80fa24c65e63f1b880beed4a441afe1d4a3908f57e2087af22f4a. Replaced an HTTP 403 Volvo delivery URL with its direct official Contentstack asset. Source discovery is valid; remaining no_manifest state requires extractor or creator-review remediation.",""
"847","volvo-s90-2019-b6-core","2019","Volvo","S90","B6 Core","","luxury_sedan","volvo","fixed_interval","B","https://azure-eu-assets.contentstack.com/v3/assets/bltccbab8edae0354cd/blt2ad4609db7f7435c/684189f1ead0f60f003536e7/2019_Volvo_Warranty_Manual_01-23-18.pdf","","Warranty and Maintenance Records Information","Maintenance Service Operations","yes","volvo-s60-2019-b5-core","","200","application/pdf","78466d21c6497fb85eb6b33f2387db2050b66c21c479b94810f176ff0ba41db0","0.95","Official Volvo Car USA 2019 Warranty and Maintenance Records Information booklet containing the model-year maintenance schedule. URL verification passed: HTTP 200, application/pdf, %PDF magic, 411508 bytes. v2 retry validation passed 2026-07-26: HTTP 200, application/pdf, %PDF magic, 411508 bytes, SHA-256 78466d21c6497fb85eb6b33f2387db2050b66c21c479b94810f176ff0ba41db0. Replaced an HTTP 403 Volvo delivery URL with its direct official Contentstack asset. Source discovery is valid; remaining dual_extract_mismatch state requires extractor or creator-review remediation.",""
"848","volvo-s90-2019-b6-plus","2019","Volvo","S90","B6 Plus","","luxury_sedan","volvo","fixed_interval","B","https://azure-eu-assets.contentstack.com/v3/assets/bltccbab8edae0354cd/blt2ad4609db7f7435c/684189f1ead0f60f003536e7/2019_Volvo_Warranty_Manual_01-23-18.pdf","","Warranty and Maintenance Records Information","Maintenance Service Operations","yes","volvo-s60-2019-b5-core","","200","application/pdf","78466d21c6497fb85eb6b33f2387db2050b66c21c479b94810f176ff0ba41db0","0.95","Official Volvo Car USA 2019 Warranty and Maintenance Records Information booklet containing the model-year maintenance schedule. URL verification passed: HTTP 200, application/pdf, %PDF magic, 411508 bytes. v2 retry validation passed 2026-07-26: HTTP 200, application/pdf, %PDF magic, 411508 bytes, SHA-256 78466d21c6497fb85eb6b33f2387db2050b66c21c479b94810f176ff0ba41db0. Replaced an HTTP 403 Volvo delivery URL with its direct official Contentstack asset. Source discovery is valid; remaining dual_extract_mismatch state requires extractor or creator-review remediation.",""
"849","volvo-s90-2019-recharge","2019","Volvo","S90","Recharge","","luxury_sedan","volvo","fixed_interval","B","https://azure-eu-assets.contentstack.com/v3/assets/bltccbab8edae0354cd/blt2ad4609db7f7435c/684189f1ead0f60f003536e7/2019_Volvo_Warranty_Manual_01-23-18.pdf","","Warranty and Maintenance Records Information","Maintenance Service Operations","yes","volvo-s60-2019-b5-core","","200","application/pdf","78466d21c6497fb85eb6b33f2387db2050b66c21c479b94810f176ff0ba41db0","0.95","Official Volvo Car USA 2019 Warranty and Maintenance Records Information booklet containing the model-year maintenance schedule. URL verification passed: HTTP 200, application/pdf, %PDF magic, 411508 bytes. v2 retry validation passed 2026-07-26: HTTP 200, application/pdf, %PDF magic, 411508 bytes, SHA-256 78466d21c6497fb85eb6b33f2387db2050b66c21c479b94810f176ff0ba41db0. Replaced an HTTP 403 Volvo delivery URL with its direct official Contentstack asset. Source discovery is valid; remaining dual_extract_mismatch state requires extractor or creator-review remediation.",""
"850","volvo-s90-2018-b6-core","2018","Volvo","S90","B6 Core","","luxury_sedan","volvo","fixed_interval","B","https://azure-eu-assets.contentstack.com/v3/assets/bltccbab8edae0354cd/blt3adb02be8afa18ca/684189e68fb0320c24550dac/VCUSAwk_1717non-hybrid_warranty_CC_02-09-17.pdf","","Warranty and Maintenance Records Information","Maintenance Service Operations","no","","","200","application/pdf","daa4d3e1fc493afdd25d95384dac835e2c5698c6e90018dc5fcdc5b957dd8634","0.95","Official Volvo Car USA 2018 Warranty and Maintenance Records Information booklet containing the model-year maintenance schedule. URL verification passed: HTTP 200, application/pdf, %PDF magic, 734710 bytes. v2 retry validation passed 2026-07-26: HTTP 200, application/pdf, %PDF magic, 734710 bytes, SHA-256 daa4d3e1fc493afdd25d95384dac835e2c5698c6e90018dc5fcdc5b957dd8634. Replaced an HTTP 403 Volvo delivery URL with its direct official Contentstack asset. Source discovery is valid; remaining dual_extract_mismatch state requires extractor or creator-review remediation.",""
"851","volvo-s90-2018-b6-plus","2018","Volvo","S90","B6 Plus","","luxury_sedan","volvo","fixed_interval","B","https://azure-eu-assets.contentstack.com/v3/assets/bltccbab8edae0354cd/blt3adb02be8afa18ca/684189e68fb0320c24550dac/VCUSAwk_1717non-hybrid_warranty_CC_02-09-17.pdf","","Warranty and Maintenance Records Information","Maintenance Service Operations","yes","volvo-s90-2018-b6-core","","200","application/pdf","daa4d3e1fc493afdd25d95384dac835e2c5698c6e90018dc5fcdc5b957dd8634","0.95","Official Volvo Car USA 2018 Warranty and Maintenance Records Information booklet containing the model-year maintenance schedule. URL verification passed: HTTP 200, application/pdf, %PDF magic, 734710 bytes. v2 retry validation passed 2026-07-26: HTTP 200, application/pdf, %PDF magic, 734710 bytes, SHA-256 daa4d3e1fc493afdd25d95384dac835e2c5698c6e90018dc5fcdc5b957dd8634. Replaced an HTTP 403 Volvo delivery URL with its direct official Contentstack asset. Source discovery is valid; remaining dual_extract_mismatch state requires extractor or creator-review remediation.",""
"852","volvo-s90-2018-recharge","2018","Volvo","S90","Recharge","","luxury_sedan","volvo","fixed_interval","B","https://azure-eu-assets.contentstack.com/v3/assets/bltccbab8edae0354cd/blt80f26c7e3156af2d/684189e6ead0f6a3f33536e1/2018_US_Hybrid_Wty_Manual_CC_02-09-17.pdf","","Warranty and Maintenance Records Information","Maintenance Service Operations","no","","","200","application/pdf","d9153278a21e2e0918770f821838f7f6ed753d20693660ae87cfe7ae98b6ea8f","0.95","Official Volvo Car USA 2018 Warranty and Maintenance Records Information booklet containing the model-year maintenance schedule. URL verification passed: HTTP 200, application/pdf, %PDF magic, 1010853 bytes. v2 retry validation passed 2026-07-26: HTTP 200, application/pdf, %PDF magic, 1010853 bytes, SHA-256 d9153278a21e2e0918770f821838f7f6ed753d20693660ae87cfe7ae98b6ea8f. Replaced an HTTP 403 Volvo delivery URL with its direct official Contentstack asset. Source discovery is valid; remaining dual_extract_mismatch state requires extractor or creator-review remediation.",""
"853","volvo-xc40-2025-b5-core","2025","Volvo","XC40","B5 Core","","luxury_suv","volvo","fixed_interval","B","https://azure-eu-assets.contentstack.com/v3/assets/bltccbab8edae0354cd/blt1f1676a16c88494e/6a29cb4fc1351a105b5ed89d/2025_FSM_Maintenance_Sheets_PHEV_MHEV_6.8.26.pdf","","Factory Scheduled Maintenance sheet","Schedule of Factory Maintenance Service Operations","yes","volvo-s60-2025-b5-core","2","200","application/pdf","d9d35c7bfa6375f6952daf7399c4092a07d032faddd2d2e10964b3fc401e4b2b","0.95","Official Volvo Car USA 2025 ICE/PHEV/MHEV maintenance schedule; all listed 2025 models share the drivetrain schedule. URL verification passed: HTTP 200, application/pdf, %PDF magic, 522887 bytes. v2 retry validation passed 2026-07-26: HTTP 200, application/pdf, %PDF magic, 522887 bytes, SHA-256 d9d35c7bfa6375f6952daf7399c4092a07d032faddd2d2e10964b3fc401e4b2b. Source discovery is valid; remaining no_manifest state requires extractor or creator-review remediation.",""
"854","volvo-xc40-2025-b5-plus","2025","Volvo","XC40","B5 Plus","","luxury_suv","volvo","fixed_interval","B","https://azure-eu-assets.contentstack.com/v3/assets/bltccbab8edae0354cd/blt1f1676a16c88494e/6a29cb4fc1351a105b5ed89d/2025_FSM_Maintenance_Sheets_PHEV_MHEV_6.8.26.pdf","","Factory Scheduled Maintenance sheet","Schedule of Factory Maintenance Service Operations","yes","volvo-s60-2025-b5-core","2","200","application/pdf","d9d35c7bfa6375f6952daf7399c4092a07d032faddd2d2e10964b3fc401e4b2b","0.95","Official Volvo Car USA 2025 ICE/PHEV/MHEV maintenance schedule; all listed 2025 models share the drivetrain schedule. URL verification passed: HTTP 200, application/pdf, %PDF magic, 522887 bytes. v2 retry validation passed 2026-07-26: HTTP 200, application/pdf, %PDF magic, 522887 bytes, SHA-256 d9d35c7bfa6375f6952daf7399c4092a07d032faddd2d2e10964b3fc401e4b2b. Source discovery is valid; remaining dual_extract_mismatch state requires extractor or creator-review remediation.",""
"855","volvo-xc40-2025-recharge","2025","Volvo","XC40","Recharge","","luxury_suv","volvo","fixed_interval","B","https://azure-eu-assets.contentstack.com/v3/assets/bltccbab8edae0354cd/blt1f1676a16c88494e/6a29cb4fc1351a105b5ed89d/2025_FSM_Maintenance_Sheets_PHEV_MHEV_6.8.26.pdf","","Factory Scheduled Maintenance sheet","Schedule of Factory Maintenance Service Operations","yes","volvo-s60-2025-b5-core","2","200","application/pdf","d9d35c7bfa6375f6952daf7399c4092a07d032faddd2d2e10964b3fc401e4b2b","0.95","Official Volvo Car USA 2025 ICE/PHEV/MHEV maintenance schedule; all listed 2025 models share the drivetrain schedule. URL verification passed: HTTP 200, application/pdf, %PDF magic, 522887 bytes. v2 retry validation passed 2026-07-26: HTTP 200, application/pdf, %PDF magic, 522887 bytes, SHA-256 d9d35c7bfa6375f6952daf7399c4092a07d032faddd2d2e10964b3fc401e4b2b. Source discovery is valid; remaining dual_extract_mismatch state requires extractor or creator-review remediation.",""
"856","volvo-xc40-2025-recharge-pure-electric-electric","2025","Volvo","XC40","Recharge Pure Electric","Electric","luxury_suv","volvo","ev_simplified","B","https://azure-eu-assets.contentstack.com/v3/assets/bltccbab8edae0354cd/blt5f5eeaa792dafc9f/6a29cb51e3ad016c620efb4b/2025_FSM_Maintenance_Sheets_Fully_Electric_6.8.26.pdf","","Factory Scheduled Maintenance sheet","Schedule of Factory Maintenance Service Operations","no","","1","200","application/pdf","c2ec1d8c07683a76c36ad1f8824e26497b8d5708f337c9463291e3d4caa3e2ed","0.95","Official Volvo Car USA 2025 fully electric maintenance schedule; all listed 2025 models share the drivetrain schedule. URL verification passed: HTTP 200, application/pdf, %PDF magic, 432944 bytes. v2 retry validation passed 2026-07-26: HTTP 200, application/pdf, %PDF magic, 432944 bytes, SHA-256 c2ec1d8c07683a76c36ad1f8824e26497b8d5708f337c9463291e3d4caa3e2ed. Source discovery is valid; remaining no_manifest state requires extractor or creator-review remediation.",""
"857","volvo-xc40-2024-b5-core","2024","Volvo","XC40","B5 Core","","luxury_suv","volvo","fixed_interval","B","https://azure-eu-assets.contentstack.com/v3/assets/bltccbab8edae0354cd/blte903c4602d5671e9/6a29cb536b589f3053b06110/2024_FSM_Maintenance_Sheets_ICE_PHEV_MHEV_6.8.26.pdf","","Factory Scheduled Maintenance sheet","Schedule of Factory Maintenance Service Operations","yes","volvo-s60-2024-b5-core","2","200","application/pdf","c6995ca939bdf690e20fa30610859b59d4522f851125098b966d64909b2c5934","0.95","Official Volvo Car USA 2024 ICE/PHEV/MHEV maintenance schedule; all listed 2024 models share the drivetrain schedule. URL verification passed: HTTP 200, application/pdf, %PDF magic, 947803 bytes. v2 retry validation passed 2026-07-26: HTTP 200, application/pdf, %PDF magic, 947803 bytes, SHA-256 c6995ca939bdf690e20fa30610859b59d4522f851125098b966d64909b2c5934. Source discovery is valid; remaining dual_extract_mismatch state requires extractor or creator-review remediation.",""
"858","volvo-xc40-2024-b5-plus","2024","Volvo","XC40","B5 Plus","","luxury_suv","volvo","fixed_interval","B","https://azure-eu-assets.contentstack.com/v3/assets/bltccbab8edae0354cd/blte903c4602d5671e9/6a29cb536b589f3053b06110/2024_FSM_Maintenance_Sheets_ICE_PHEV_MHEV_6.8.26.pdf","","Factory Scheduled Maintenance sheet","Schedule of Factory Maintenance Service Operations","yes","volvo-s60-2024-b5-core","2","200","application/pdf","c6995ca939bdf690e20fa30610859b59d4522f851125098b966d64909b2c5934","0.95","Official Volvo Car USA 2024 ICE/PHEV/MHEV maintenance schedule; all listed 2024 models share the drivetrain schedule. URL verification passed: HTTP 200, application/pdf, %PDF magic, 947803 bytes. v2 retry validation passed 2026-07-26: HTTP 200, application/pdf, %PDF magic, 947803 bytes, SHA-256 c6995ca939bdf690e20fa30610859b59d4522f851125098b966d64909b2c5934. Source discovery is valid; remaining dual_extract_mismatch state requires extractor or creator-review remediation.",""
"859","volvo-xc40-2024-recharge","2024","Volvo","XC40","Recharge","","luxury_suv","volvo","fixed_interval","B","https://azure-eu-assets.contentstack.com/v3/assets/bltccbab8edae0354cd/blte903c4602d5671e9/6a29cb536b589f3053b06110/2024_FSM_Maintenance_Sheets_ICE_PHEV_MHEV_6.8.26.pdf","","Factory Scheduled Maintenance sheet","Schedule of Factory Maintenance Service Operations","yes","volvo-s60-2024-b5-core","2","200","application/pdf","c6995ca939bdf690e20fa30610859b59d4522f851125098b966d64909b2c5934","0.95","Official Volvo Car USA 2024 ICE/PHEV/MHEV maintenance schedule; all listed 2024 models share the drivetrain schedule. URL verification passed: HTTP 200, application/pdf, %PDF magic, 947803 bytes. v2 retry validation passed 2026-07-26: HTTP 200, application/pdf, %PDF magic, 947803 bytes, SHA-256 c6995ca939bdf690e20fa30610859b59d4522f851125098b966d64909b2c5934. Source discovery is valid; remaining dual_extract_mismatch state requires extractor or creator-review remediation.",""
"861","volvo-xc40-2023-b5-core","2023","Volvo","XC40","B5 Core","","luxury_suv","volvo","fixed_interval","B","https://azure-eu-assets.contentstack.com/v3/assets/bltccbab8edae0354cd/blt81f15f82d8a8280f/6a29cb5edcb18dc4dbce664b/2023_FSM_Maintenance_Sheets_ICE_PHEV_MHEV_6.8.26_%281%29.pdf","","Factory Scheduled Maintenance sheet","Schedule of Factory Maintenance Service Operations","yes","volvo-s60-2023-b5-core","2","200","application/pdf","7c365ce08df12fcbdabfd08a4c4a5e1269ca4a175be9aef33037d87828ba6e68","0.95","Official Volvo Car USA 2023 ICE/PHEV/MHEV maintenance schedule; all listed 2023 models share the drivetrain schedule. URL verification passed: HTTP 200, application/pdf, %PDF magic, 417282 bytes. v2 retry validation passed 2026-07-26: HTTP 200, application/pdf, %PDF magic, 417282 bytes, SHA-256 7c365ce08df12fcbdabfd08a4c4a5e1269ca4a175be9aef33037d87828ba6e68. Source discovery is valid; remaining dual_extract_mismatch state requires extractor or creator-review remediation.",""
"862","volvo-xc40-2023-b5-plus","2023","Volvo","XC40","B5 Plus","","luxury_suv","volvo","fixed_interval","B","https://azure-eu-assets.contentstack.com/v3/assets/bltccbab8edae0354cd/blt81f15f82d8a8280f/6a29cb5edcb18dc4dbce664b/2023_FSM_Maintenance_Sheets_ICE_PHEV_MHEV_6.8.26_%281%29.pdf","","Factory Scheduled Maintenance sheet","Schedule of Factory Maintenance Service Operations","yes","volvo-s60-2023-b5-core","2","200","application/pdf","7c365ce08df12fcbdabfd08a4c4a5e1269ca4a175be9aef33037d87828ba6e68","0.95","Official Volvo Car USA 2023 ICE/PHEV/MHEV maintenance schedule; all listed 2023 models share the drivetrain schedule. URL verification passed: HTTP 200, application/pdf, %PDF magic, 417282 bytes. v2 retry validation passed 2026-07-26: HTTP 200, application/pdf, %PDF magic, 417282 bytes, SHA-256 7c365ce08df12fcbdabfd08a4c4a5e1269ca4a175be9aef33037d87828ba6e68. Source discovery is valid; remaining no_manifest state requires extractor or creator-review remediation.",""
"863","volvo-xc40-2023-recharge","2023","Volvo","XC40","Recharge","","luxury_suv","volvo","fixed_interval","B","https://azure-eu-assets.contentstack.com/v3/assets/bltccbab8edae0354cd/blt81f15f82d8a8280f/6a29cb5edcb18dc4dbce664b/2023_FSM_Maintenance_Sheets_ICE_PHEV_MHEV_6.8.26_%281%29.pdf","","Factory Scheduled Maintenance sheet","Schedule of Factory Maintenance Service Operations","yes","volvo-s60-2023-b5-core","2","200","application/pdf","7c365ce08df12fcbdabfd08a4c4a5e1269ca4a175be9aef33037d87828ba6e68","0.95","Official Volvo Car USA 2023 ICE/PHEV/MHEV maintenance schedule; all listed 2023 models share the drivetrain schedule. URL verification passed: HTTP 200, application/pdf, %PDF magic, 417282 bytes. v2 retry validation passed 2026-07-26: HTTP 200, application/pdf, %PDF magic, 417282 bytes, SHA-256 7c365ce08df12fcbdabfd08a4c4a5e1269ca4a175be9aef33037d87828ba6e68. Source discovery is valid; remaining dual_extract_mismatch state requires extractor or creator-review remediation.",""
"865","volvo-xc40-2022-b5-core","2022","Volvo","XC40","B5 Core","","luxury_suv","volvo","fixed_interval","B","https://azure-eu-assets.contentstack.com/v3/assets/bltccbab8edae0354cd/bltb47d7a5aea734683/6a29cb631bba922d61aadaa4/2022_FSM_Maintenance_Sheets_ICE_PHEV_MHEV_6.8.26.pdf","","Factory Scheduled Maintenance sheet","Schedule of Factory Maintenance Service Operations","yes","volvo-s60-2022-b5-core","2","200","application/pdf","506f57ee1e889bd587d214b6aa1068e4db2502ce6d8ab5b6f79ff79384ab8418","0.95","Official Volvo Car USA 2022 ICE/PHEV/MHEV maintenance schedule; all listed 2022 models share the drivetrain schedule. URL verification passed: HTTP 200, application/pdf, %PDF magic, 441850 bytes. v2 retry validation passed 2026-07-26: HTTP 200, application/pdf, %PDF magic, 441850 bytes, SHA-256 506f57ee1e889bd587d214b6aa1068e4db2502ce6d8ab5b6f79ff79384ab8418. Source discovery is valid; remaining dual_extract_mismatch state requires extractor or creator-review remediation.",""
"866","volvo-xc40-2022-b5-plus","2022","Volvo","XC40","B5 Plus","","luxury_suv","volvo","fixed_interval","B","https://azure-eu-assets.contentstack.com/v3/assets/bltccbab8edae0354cd/bltb47d7a5aea734683/6a29cb631bba922d61aadaa4/2022_FSM_Maintenance_Sheets_ICE_PHEV_MHEV_6.8.26.pdf","","Factory Scheduled Maintenance sheet","Schedule of Factory Maintenance Service Operations","yes","volvo-s60-2022-b5-core","2","200","application/pdf","506f57ee1e889bd587d214b6aa1068e4db2502ce6d8ab5b6f79ff79384ab8418","0.95","Official Volvo Car USA 2022 ICE/PHEV/MHEV maintenance schedule; all listed 2022 models share the drivetrain schedule. URL verification passed: HTTP 200, application/pdf, %PDF magic, 441850 bytes. v2 retry validation passed 2026-07-26: HTTP 200, application/pdf, %PDF magic, 441850 bytes, SHA-256 506f57ee1e889bd587d214b6aa1068e4db2502ce6d8ab5b6f79ff79384ab8418. Source discovery is valid; remaining dual_extract_mismatch state requires extractor or creator-review remediation.",""
"867","volvo-xc40-2022-recharge","2022","Volvo","XC40","Recharge","","luxury_suv","volvo","fixed_interval","B","https://azure-eu-assets.contentstack.com/v3/assets/bltccbab8edae0354cd/bltb47d7a5aea734683/6a29cb631bba922d61aadaa4/2022_FSM_Maintenance_Sheets_ICE_PHEV_MHEV_6.8.26.pdf","","Factory Scheduled Maintenance sheet","Schedule of Factory Maintenance Service Operations","yes","volvo-s60-2022-b5-core","2","200","application/pdf","506f57ee1e889bd587d214b6aa1068e4db2502ce6d8ab5b6f79ff79384ab8418","0.95","Official Volvo Car USA 2022 ICE/PHEV/MHEV maintenance schedule; all listed 2022 models share the drivetrain schedule. URL verification passed: HTTP 200, application/pdf, %PDF magic, 441850 bytes. v2 retry validation passed 2026-07-26: HTTP 200, application/pdf, %PDF magic, 441850 bytes, SHA-256 506f57ee1e889bd587d214b6aa1068e4db2502ce6d8ab5b6f79ff79384ab8418. Source discovery is valid; remaining no_manifest state requires extractor or creator-review remediation.",""
"869","volvo-xc40-2021-b5-core","2021","Volvo","XC40","B5 Core","","luxury_suv","volvo","fixed_interval","B","https://azure-eu-assets.contentstack.com/v3/assets/bltccbab8edae0354cd/blt90b030f1159d2e0a/68418a060635ffb21a0a2172/Volvo_Wty_Manual_2021_CC_05-29-2020.pdf","","Warranty and Maintenance Records Information","Maintenance Service Operations","yes","volvo-s60-2021-b5-core","","200","application/pdf","2da99f1f40918e19f682174b8ef350a5cc72759415dec66b9a3fbf2b9a09d90e","0.95","Official Volvo Car USA 2021 Warranty and Maintenance Records Information booklet containing the model-year maintenance schedule. URL verification passed: HTTP 200, application/pdf, %PDF magic, 1993635 bytes. v2 retry validation passed 2026-07-26: HTTP 200, application/pdf, %PDF magic, 1993635 bytes, SHA-256 2da99f1f40918e19f682174b8ef350a5cc72759415dec66b9a3fbf2b9a09d90e. Replaced an HTTP 403 Volvo delivery URL with its direct official Contentstack asset. Source discovery is valid; remaining dual_extract_mismatch state requires extractor or creator-review remediation.",""
"870","volvo-xc40-2021-b5-plus","2021","Volvo","XC40","B5 Plus","","luxury_suv","volvo","fixed_interval","B","https://azure-eu-assets.contentstack.com/v3/assets/bltccbab8edae0354cd/blt90b030f1159d2e0a/68418a060635ffb21a0a2172/Volvo_Wty_Manual_2021_CC_05-29-2020.pdf","","Warranty and Maintenance Records Information","Maintenance Service Operations","yes","volvo-s60-2021-b5-core","","200","application/pdf","2da99f1f40918e19f682174b8ef350a5cc72759415dec66b9a3fbf2b9a09d90e","0.95","Official Volvo Car USA 2021 Warranty and Maintenance Records Information booklet containing the model-year maintenance schedule. URL verification passed: HTTP 200, application/pdf, %PDF magic, 1993635 bytes. v2 retry validation passed 2026-07-26: HTTP 200, application/pdf, %PDF magic, 1993635 bytes, SHA-256 2da99f1f40918e19f682174b8ef350a5cc72759415dec66b9a3fbf2b9a09d90e. Replaced an HTTP 403 Volvo delivery URL with its direct official Contentstack asset. Source discovery is valid; remaining dual_extract_mismatch state requires extractor or creator-review remediation.",""
"871","volvo-xc40-2021-recharge","2021","Volvo","XC40","Recharge","","luxury_suv","volvo","fixed_interval","B","https://azure-eu-assets.contentstack.com/v3/assets/bltccbab8edae0354cd/blt90b030f1159d2e0a/68418a060635ffb21a0a2172/Volvo_Wty_Manual_2021_CC_05-29-2020.pdf","","Warranty and Maintenance Records Information","Maintenance Service Operations","yes","volvo-s60-2021-b5-core","","200","application/pdf","2da99f1f40918e19f682174b8ef350a5cc72759415dec66b9a3fbf2b9a09d90e","0.95","Official Volvo Car USA 2021 Warranty and Maintenance Records Information booklet containing the model-year maintenance schedule. URL verification passed: HTTP 200, application/pdf, %PDF magic, 1993635 bytes. v2 retry validation passed 2026-07-26: HTTP 200, application/pdf, %PDF magic, 1993635 bytes, SHA-256 2da99f1f40918e19f682174b8ef350a5cc72759415dec66b9a3fbf2b9a09d90e. Replaced an HTTP 403 Volvo delivery URL with its direct official Contentstack asset. Source discovery is valid; remaining dual_extract_mismatch state requires extractor or creator-review remediation.",""
"873","volvo-xc40-2020-b5-core","2020","Volvo","XC40","B5 Core","","luxury_suv","volvo","fixed_interval","B","https://azure-eu-assets.contentstack.com/v3/assets/bltccbab8edae0354cd/bltc23eea22432e621d/684189fcbbad491c7df90f7e/Volvo_Wty_Manual_2020_CC_05-14-19.pdf","","Warranty and Maintenance Records Information","Maintenance Service Operations","yes","volvo-s60-2020-b5-core","","200","application/pdf","dbc3d74e60c80fa24c65e63f1b880beed4a441afe1d4a3908f57e2087af22f4a","0.95","Official Volvo Car USA 2020 Warranty and Maintenance Records Information booklet containing the model-year maintenance schedule. URL verification passed: HTTP 200, application/pdf, %PDF magic, 480522 bytes. v2 retry validation passed 2026-07-26: HTTP 200, application/pdf, %PDF magic, 480522 bytes, SHA-256 dbc3d74e60c80fa24c65e63f1b880beed4a441afe1d4a3908f57e2087af22f4a. Replaced an HTTP 403 Volvo delivery URL with its direct official Contentstack asset. Source discovery is valid; remaining no_manifest state requires extractor or creator-review remediation.",""
"874","volvo-xc40-2020-b5-plus","2020","Volvo","XC40","B5 Plus","","luxury_suv","volvo","fixed_interval","B","https://azure-eu-assets.contentstack.com/v3/assets/bltccbab8edae0354cd/bltc23eea22432e621d/684189fcbbad491c7df90f7e/Volvo_Wty_Manual_2020_CC_05-14-19.pdf","","Warranty and Maintenance Records Information","Maintenance Service Operations","yes","volvo-s60-2020-b5-core","","200","application/pdf","dbc3d74e60c80fa24c65e63f1b880beed4a441afe1d4a3908f57e2087af22f4a","0.95","Official Volvo Car USA 2020 Warranty and Maintenance Records Information booklet containing the model-year maintenance schedule. URL verification passed: HTTP 200, application/pdf, %PDF magic, 480522 bytes. v2 retry validation passed 2026-07-26: HTTP 200, application/pdf, %PDF magic, 480522 bytes, SHA-256 dbc3d74e60c80fa24c65e63f1b880beed4a441afe1d4a3908f57e2087af22f4a. Replaced an HTTP 403 Volvo delivery URL with its direct official Contentstack asset. Source discovery is valid; remaining dual_extract_mismatch state requires extractor or creator-review remediation.",""
"875","volvo-xc40-2020-recharge","2020","Volvo","XC40","Recharge","","luxury_suv","volvo","fixed_interval","B","https://azure-eu-assets.contentstack.com/v3/assets/bltccbab8edae0354cd/bltc23eea22432e621d/684189fcbbad491c7df90f7e/Volvo_Wty_Manual_2020_CC_05-14-19.pdf","","Warranty and Maintenance Records Information","Maintenance Service Operations","yes","volvo-s60-2020-b5-core","","200","application/pdf","dbc3d74e60c80fa24c65e63f1b880beed4a441afe1d4a3908f57e2087af22f4a","0.95","Official Volvo Car USA 2020 Warranty and Maintenance Records Information booklet containing the model-year maintenance schedule. URL verification passed: HTTP 200, application/pdf, %PDF magic, 480522 bytes. v2 retry validation passed 2026-07-26: HTTP 200, application/pdf, %PDF magic, 480522 bytes, SHA-256 dbc3d74e60c80fa24c65e63f1b880beed4a441afe1d4a3908f57e2087af22f4a. Replaced an HTTP 403 Volvo delivery URL with its direct official Contentstack asset. Source discovery is valid; remaining dual_extract_mismatch state requires extractor or creator-review remediation.",""
"876","volvo-xc40-2020-recharge-pure-electric-electric","2020","Volvo","XC40","Recharge Pure Electric","Electric","luxury_suv","volvo","ev_simplified","B","https://azure-eu-assets.contentstack.com/v3/assets/bltccbab8edae0354cd/bltc23eea22432e621d/684189fcbbad491c7df90f7e/Volvo_Wty_Manual_2020_CC_05-14-19.pdf","","Warranty and Maintenance Records Information","Maintenance Service Operations","yes","volvo-s60-2020-b5-core","","200","application/pdf","dbc3d74e60c80fa24c65e63f1b880beed4a441afe1d4a3908f57e2087af22f4a","0.95","Official Volvo Car USA 2020 Warranty and Maintenance Records Information booklet containing the model-year maintenance schedule. URL verification passed: HTTP 200, application/pdf, %PDF magic, 480522 bytes. v2 retry validation passed 2026-07-26: HTTP 200, application/pdf, %PDF magic, 480522 bytes, SHA-256 dbc3d74e60c80fa24c65e63f1b880beed4a441afe1d4a3908f57e2087af22f4a. Replaced an HTTP 403 Volvo delivery URL with its direct official Contentstack asset. Source discovery is valid; remaining no_manifest state requires extractor or creator-review remediation.",""
"877","volvo-xc40-2019-b5-core","2019","Volvo","XC40","B5 Core","","luxury_suv","volvo","fixed_interval","B","https://azure-eu-assets.contentstack.com/v3/assets/bltccbab8edae0354cd/blt2ad4609db7f7435c/684189f1ead0f60f003536e7/2019_Volvo_Warranty_Manual_01-23-18.pdf","","Warranty and Maintenance Records Information","Maintenance Service Operations","yes","volvo-s60-2019-b5-core","","200","application/pdf","78466d21c6497fb85eb6b33f2387db2050b66c21c479b94810f176ff0ba41db0","0.95","Official Volvo Car USA 2019 Warranty and Maintenance Records Information booklet containing the model-year maintenance schedule. URL verification passed: HTTP 200, application/pdf, %PDF magic, 411508 bytes. v2 retry validation passed 2026-07-26: HTTP 200, application/pdf, %PDF magic, 411508 bytes, SHA-256 78466d21c6497fb85eb6b33f2387db2050b66c21c479b94810f176ff0ba41db0. Replaced an HTTP 403 Volvo delivery URL with its direct official Contentstack asset. Source discovery is valid; remaining dual_extract_mismatch state requires extractor or creator-review remediation.",""
"878","volvo-xc40-2019-b5-plus","2019","Volvo","XC40","B5 Plus","","luxury_suv","volvo","fixed_interval","B","https://azure-eu-assets.contentstack.com/v3/assets/bltccbab8edae0354cd/blt2ad4609db7f7435c/684189f1ead0f60f003536e7/2019_Volvo_Warranty_Manual_01-23-18.pdf","","Warranty and Maintenance Records Information","Maintenance Service Operations","yes","volvo-s60-2019-b5-core","","200","application/pdf","78466d21c6497fb85eb6b33f2387db2050b66c21c479b94810f176ff0ba41db0","0.95","Official Volvo Car USA 2019 Warranty and Maintenance Records Information booklet containing the model-year maintenance schedule. URL verification passed: HTTP 200, application/pdf, %PDF magic, 411508 bytes. v2 retry validation passed 2026-07-26: HTTP 200, application/pdf, %PDF magic, 411508 bytes, SHA-256 78466d21c6497fb85eb6b33f2387db2050b66c21c479b94810f176ff0ba41db0. Replaced an HTTP 403 Volvo delivery URL with its direct official Contentstack asset. Source discovery is valid; remaining dual_extract_mismatch state requires extractor or creator-review remediation.",""
"879","volvo-xc40-2019-recharge","2019","Volvo","XC40","Recharge","","luxury_suv","volvo","fixed_interval","B","https://azure-eu-assets.contentstack.com/v3/assets/bltccbab8edae0354cd/blt2ad4609db7f7435c/684189f1ead0f60f003536e7/2019_Volvo_Warranty_Manual_01-23-18.pdf","","Warranty and Maintenance Records Information","Maintenance Service Operations","yes","volvo-s60-2019-b5-core","","200","application/pdf","78466d21c6497fb85eb6b33f2387db2050b66c21c479b94810f176ff0ba41db0","0.95","Official Volvo Car USA 2019 Warranty and Maintenance Records Information booklet containing the model-year maintenance schedule. URL verification passed: HTTP 200, application/pdf, %PDF magic, 411508 bytes. v2 retry validation passed 2026-07-26: HTTP 200, application/pdf, %PDF magic, 411508 bytes, SHA-256 78466d21c6497fb85eb6b33f2387db2050b66c21c479b94810f176ff0ba41db0. Replaced an HTTP 403 Volvo delivery URL with its direct official Contentstack asset. Source discovery is valid; remaining dual_extract_mismatch state requires extractor or creator-review remediation.",""
"881","volvo-xc60-2025-b5-core","2025","Volvo","XC60","B5 Core","","luxury_suv","volvo","fixed_interval","B","https://azure-eu-assets.contentstack.com/v3/assets/bltccbab8edae0354cd/blt1f1676a16c88494e/6a29cb4fc1351a105b5ed89d/2025_FSM_Maintenance_Sheets_PHEV_MHEV_6.8.26.pdf","","Factory Scheduled Maintenance sheet","Schedule of Factory Maintenance Service Operations","yes","volvo-s60-2025-b5-core","2","200","application/pdf","d9d35c7bfa6375f6952daf7399c4092a07d032faddd2d2e10964b3fc401e4b2b","0.95","Official Volvo Car USA 2025 ICE/PHEV/MHEV maintenance schedule; all listed 2025 models share the drivetrain schedule. URL verification passed: HTTP 200, application/pdf, %PDF magic, 522887 bytes. v2 retry validation passed 2026-07-26: HTTP 200, application/pdf, %PDF magic, 522887 bytes, SHA-256 d9d35c7bfa6375f6952daf7399c4092a07d032faddd2d2e10964b3fc401e4b2b. Source discovery is valid; remaining dual_extract_mismatch state requires extractor or creator-review remediation.",""
"882","volvo-xc60-2025-b5-plus","2025","Volvo","XC60","B5 Plus","","luxury_suv","volvo","fixed_interval","B","https://azure-eu-assets.contentstack.com/v3/assets/bltccbab8edae0354cd/blt1f1676a16c88494e/6a29cb4fc1351a105b5ed89d/2025_FSM_Maintenance_Sheets_PHEV_MHEV_6.8.26.pdf","","Factory Scheduled Maintenance sheet","Schedule of Factory Maintenance Service Operations","yes","volvo-s60-2025-b5-core","2","200","application/pdf","d9d35c7bfa6375f6952daf7399c4092a07d032faddd2d2e10964b3fc401e4b2b","0.95","Official Volvo Car USA 2025 ICE/PHEV/MHEV maintenance schedule; all listed 2025 models share the drivetrain schedule. URL verification passed: HTTP 200, application/pdf, %PDF magic, 522887 bytes. v2 retry validation passed 2026-07-26: HTTP 200, application/pdf, %PDF magic, 522887 bytes, SHA-256 d9d35c7bfa6375f6952daf7399c4092a07d032faddd2d2e10964b3fc401e4b2b. Source discovery is valid; remaining dual_extract_mismatch state requires extractor or creator-review remediation.",""
"883","volvo-xc60-2025-recharge","2025","Volvo","XC60","Recharge","","luxury_suv","volvo","fixed_interval","B","https://azure-eu-assets.contentstack.com/v3/assets/bltccbab8edae0354cd/blt1f1676a16c88494e/6a29cb4fc1351a105b5ed89d/2025_FSM_Maintenance_Sheets_PHEV_MHEV_6.8.26.pdf","","Factory Scheduled Maintenance sheet","Schedule of Factory Maintenance Service Operations","yes","volvo-s60-2025-b5-core","2","200","application/pdf","d9d35c7bfa6375f6952daf7399c4092a07d032faddd2d2e10964b3fc401e4b2b","0.95","Official Volvo Car USA 2025 ICE/PHEV/MHEV maintenance schedule; all listed 2025 models share the drivetrain schedule. URL verification passed: HTTP 200, application/pdf, %PDF magic, 522887 bytes. v2 retry validation passed 2026-07-26: HTTP 200, application/pdf, %PDF magic, 522887 bytes, SHA-256 d9d35c7bfa6375f6952daf7399c4092a07d032faddd2d2e10964b3fc401e4b2b. Source discovery is valid; remaining dual_extract_mismatch state requires extractor or creator-review remediation.",""
"884","volvo-xc60-2024-b5-core","2024","Volvo","XC60","B5 Core","","luxury_suv","volvo","fixed_interval","B","https://azure-eu-assets.contentstack.com/v3/assets/bltccbab8edae0354cd/blte903c4602d5671e9/6a29cb536b589f3053b06110/2024_FSM_Maintenance_Sheets_ICE_PHEV_MHEV_6.8.26.pdf","","Factory Scheduled Maintenance sheet","Schedule of Factory Maintenance Service Operations","yes","volvo-s60-2024-b5-core","2","200","application/pdf","c6995ca939bdf690e20fa30610859b59d4522f851125098b966d64909b2c5934","0.95","Official Volvo Car USA 2024 ICE/PHEV/MHEV maintenance schedule; all listed 2024 models share the drivetrain schedule. URL verification passed: HTTP 200, application/pdf, %PDF magic, 947803 bytes. v2 retry validation passed 2026-07-26: HTTP 200, application/pdf, %PDF magic, 947803 bytes, SHA-256 c6995ca939bdf690e20fa30610859b59d4522f851125098b966d64909b2c5934. Source discovery is valid; remaining dual_extract_mismatch state requires extractor or creator-review remediation.",""
"885","volvo-xc60-2024-b5-plus","2024","Volvo","XC60","B5 Plus","","luxury_suv","volvo","fixed_interval","B","https://azure-eu-assets.contentstack.com/v3/assets/bltccbab8edae0354cd/blte903c4602d5671e9/6a29cb536b589f3053b06110/2024_FSM_Maintenance_Sheets_ICE_PHEV_MHEV_6.8.26.pdf","","Factory Scheduled Maintenance sheet","Schedule of Factory Maintenance Service Operations","yes","volvo-s60-2024-b5-core","2","200","application/pdf","c6995ca939bdf690e20fa30610859b59d4522f851125098b966d64909b2c5934","0.95","Official Volvo Car USA 2024 ICE/PHEV/MHEV maintenance schedule; all listed 2024 models share the drivetrain schedule. URL verification passed: HTTP 200, application/pdf, %PDF magic, 947803 bytes. v2 retry validation passed 2026-07-26: HTTP 200, application/pdf, %PDF magic, 947803 bytes, SHA-256 c6995ca939bdf690e20fa30610859b59d4522f851125098b966d64909b2c5934. Source discovery is valid; remaining no_manifest state requires extractor or creator-review remediation.",""
"886","volvo-xc60-2024-recharge","2024","Volvo","XC60","Recharge","","luxury_suv","volvo","fixed_interval","B","https://azure-eu-assets.contentstack.com/v3/assets/bltccbab8edae0354cd/blte903c4602d5671e9/6a29cb536b589f3053b06110/2024_FSM_Maintenance_Sheets_ICE_PHEV_MHEV_6.8.26.pdf","","Factory Scheduled Maintenance sheet","Schedule of Factory Maintenance Service Operations","yes","volvo-s60-2024-b5-core","2","200","application/pdf","c6995ca939bdf690e20fa30610859b59d4522f851125098b966d64909b2c5934","0.95","Official Volvo Car USA 2024 ICE/PHEV/MHEV maintenance schedule; all listed 2024 models share the drivetrain schedule. URL verification passed: HTTP 200, application/pdf, %PDF magic, 947803 bytes. v2 retry validation passed 2026-07-26: HTTP 200, application/pdf, %PDF magic, 947803 bytes, SHA-256 c6995ca939bdf690e20fa30610859b59d4522f851125098b966d64909b2c5934. Source discovery is valid; remaining dual_extract_mismatch state requires extractor or creator-review remediation.",""
"887","volvo-xc60-2023-b5-core","2023","Volvo","XC60","B5 Core","","luxury_suv","volvo","fixed_interval","B","https://azure-eu-assets.contentstack.com/v3/assets/bltccbab8edae0354cd/blt81f15f82d8a8280f/6a29cb5edcb18dc4dbce664b/2023_FSM_Maintenance_Sheets_ICE_PHEV_MHEV_6.8.26_%281%29.pdf","","Factory Scheduled Maintenance sheet","Schedule of Factory Maintenance Service Operations","yes","volvo-s60-2023-b5-core","2","200","application/pdf","7c365ce08df12fcbdabfd08a4c4a5e1269ca4a175be9aef33037d87828ba6e68","0.95","Official Volvo Car USA 2023 ICE/PHEV/MHEV maintenance schedule; all listed 2023 models share the drivetrain schedule. URL verification passed: HTTP 200, application/pdf, %PDF magic, 417282 bytes. v2 retry validation passed 2026-07-26: HTTP 200, application/pdf, %PDF magic, 417282 bytes, SHA-256 7c365ce08df12fcbdabfd08a4c4a5e1269ca4a175be9aef33037d87828ba6e68. Source discovery is valid; remaining dual_extract_mismatch state requires extractor or creator-review remediation.",""
"888","volvo-xc60-2023-b5-plus","2023","Volvo","XC60","B5 Plus","","luxury_suv","volvo","fixed_interval","B","https://azure-eu-assets.contentstack.com/v3/assets/bltccbab8edae0354cd/blt81f15f82d8a8280f/6a29cb5edcb18dc4dbce664b/2023_FSM_Maintenance_Sheets_ICE_PHEV_MHEV_6.8.26_%281%29.pdf","","Factory Scheduled Maintenance sheet","Schedule of Factory Maintenance Service Operations","yes","volvo-s60-2023-b5-core","2","200","application/pdf","7c365ce08df12fcbdabfd08a4c4a5e1269ca4a175be9aef33037d87828ba6e68","0.95","Official Volvo Car USA 2023 ICE/PHEV/MHEV maintenance schedule; all listed 2023 models share the drivetrain schedule. URL verification passed: HTTP 200, application/pdf, %PDF magic, 417282 bytes. v2 retry validation passed 2026-07-26: HTTP 200, application/pdf, %PDF magic, 417282 bytes, SHA-256 7c365ce08df12fcbdabfd08a4c4a5e1269ca4a175be9aef33037d87828ba6e68. Source discovery is valid; remaining no_manifest state requires extractor or creator-review remediation.",""
"889","volvo-xc60-2023-recharge","2023","Volvo","XC60","Recharge","","luxury_suv","volvo","fixed_interval","B","https://azure-eu-assets.contentstack.com/v3/assets/bltccbab8edae0354cd/blt81f15f82d8a8280f/6a29cb5edcb18dc4dbce664b/2023_FSM_Maintenance_Sheets_ICE_PHEV_MHEV_6.8.26_%281%29.pdf","","Factory Scheduled Maintenance sheet","Schedule of Factory Maintenance Service Operations","yes","volvo-s60-2023-b5-core","2","200","application/pdf","7c365ce08df12fcbdabfd08a4c4a5e1269ca4a175be9aef33037d87828ba6e68","0.95","Official Volvo Car USA 2023 ICE/PHEV/MHEV maintenance schedule; all listed 2023 models share the drivetrain schedule. URL verification passed: HTTP 200, application/pdf, %PDF magic, 417282 bytes. v2 retry validation passed 2026-07-26: HTTP 200, application/pdf, %PDF magic, 417282 bytes, SHA-256 7c365ce08df12fcbdabfd08a4c4a5e1269ca4a175be9aef33037d87828ba6e68. Source discovery is valid; remaining dual_extract_mismatch state requires extractor or creator-review remediation.",""
"890","volvo-xc60-2022-b5-core","2022","Volvo","XC60","B5 Core","","luxury_suv","volvo","fixed_interval","B","https://azure-eu-assets.contentstack.com/v3/assets/bltccbab8edae0354cd/bltb47d7a5aea734683/6a29cb631bba922d61aadaa4/2022_FSM_Maintenance_Sheets_ICE_PHEV_MHEV_6.8.26.pdf","","Factory Scheduled Maintenance sheet","Schedule of Factory Maintenance Service Operations","yes","volvo-s60-2022-b5-core","2","200","application/pdf","506f57ee1e889bd587d214b6aa1068e4db2502ce6d8ab5b6f79ff79384ab8418","0.95","Official Volvo Car USA 2022 ICE/PHEV/MHEV maintenance schedule; all listed 2022 models share the drivetrain schedule. URL verification passed: HTTP 200, application/pdf, %PDF magic, 441850 bytes. v2 retry validation passed 2026-07-26: HTTP 200, application/pdf, %PDF magic, 441850 bytes, SHA-256 506f57ee1e889bd587d214b6aa1068e4db2502ce6d8ab5b6f79ff79384ab8418. Source discovery is valid; remaining dual_extract_mismatch state requires extractor or creator-review remediation.",""
"891","volvo-xc60-2022-b5-plus","2022","Volvo","XC60","B5 Plus","","luxury_suv","volvo","fixed_interval","B","https://azure-eu-assets.contentstack.com/v3/assets/bltccbab8edae0354cd/bltb47d7a5aea734683/6a29cb631bba922d61aadaa4/2022_FSM_Maintenance_Sheets_ICE_PHEV_MHEV_6.8.26.pdf","","Factory Scheduled Maintenance sheet","Schedule of Factory Maintenance Service Operations","yes","volvo-s60-2022-b5-core","2","200","application/pdf","506f57ee1e889bd587d214b6aa1068e4db2502ce6d8ab5b6f79ff79384ab8418","0.95","Official Volvo Car USA 2022 ICE/PHEV/MHEV maintenance schedule; all listed 2022 models share the drivetrain schedule. URL verification passed: HTTP 200, application/pdf, %PDF magic, 441850 bytes. v2 retry validation passed 2026-07-26: HTTP 200, application/pdf, %PDF magic, 441850 bytes, SHA-256 506f57ee1e889bd587d214b6aa1068e4db2502ce6d8ab5b6f79ff79384ab8418. Source discovery is valid; remaining dual_extract_mismatch state requires extractor or creator-review remediation.",""
"892","volvo-xc60-2022-recharge","2022","Volvo","XC60","Recharge","","luxury_suv","volvo","fixed_interval","B","https://azure-eu-assets.contentstack.com/v3/assets/bltccbab8edae0354cd/bltb47d7a5aea734683/6a29cb631bba922d61aadaa4/2022_FSM_Maintenance_Sheets_ICE_PHEV_MHEV_6.8.26.pdf","","Factory Scheduled Maintenance sheet","Schedule of Factory Maintenance Service Operations","yes","volvo-s60-2022-b5-core","2","200","application/pdf","506f57ee1e889bd587d214b6aa1068e4db2502ce6d8ab5b6f79ff79384ab8418","0.95","Official Volvo Car USA 2022 ICE/PHEV/MHEV maintenance schedule; all listed 2022 models share the drivetrain schedule. URL verification passed: HTTP 200, application/pdf, %PDF magic, 441850 bytes. v2 retry validation passed 2026-07-26: HTTP 200, application/pdf, %PDF magic, 441850 bytes, SHA-256 506f57ee1e889bd587d214b6aa1068e4db2502ce6d8ab5b6f79ff79384ab8418. Source discovery is valid; remaining dual_extract_mismatch state requires extractor or creator-review remediation.",""
"893","volvo-xc60-2021-b5-core","2021","Volvo","XC60","B5 Core","","luxury_suv","volvo","fixed_interval","B","https://azure-eu-assets.contentstack.com/v3/assets/bltccbab8edae0354cd/blt90b030f1159d2e0a/68418a060635ffb21a0a2172/Volvo_Wty_Manual_2021_CC_05-29-2020.pdf","","Warranty and Maintenance Records Information","Maintenance Service Operations","yes","volvo-s60-2021-b5-core","","200","application/pdf","2da99f1f40918e19f682174b8ef350a5cc72759415dec66b9a3fbf2b9a09d90e","0.95","Official Volvo Car USA 2021 Warranty and Maintenance Records Information booklet containing the model-year maintenance schedule. URL verification passed: HTTP 200, application/pdf, %PDF magic, 1993635 bytes. v2 retry validation passed 2026-07-26: HTTP 200, application/pdf, %PDF magic, 1993635 bytes, SHA-256 2da99f1f40918e19f682174b8ef350a5cc72759415dec66b9a3fbf2b9a09d90e. Replaced an HTTP 403 Volvo delivery URL with its direct official Contentstack asset. Source discovery is valid; remaining no_manifest state requires extractor or creator-review remediation.",""
"894","volvo-xc60-2021-b5-plus","2021","Volvo","XC60","B5 Plus","","luxury_suv","volvo","fixed_interval","B","https://azure-eu-assets.contentstack.com/v3/assets/bltccbab8edae0354cd/blt90b030f1159d2e0a/68418a060635ffb21a0a2172/Volvo_Wty_Manual_2021_CC_05-29-2020.pdf","","Warranty and Maintenance Records Information","Maintenance Service Operations","yes","volvo-s60-2021-b5-core","","200","application/pdf","2da99f1f40918e19f682174b8ef350a5cc72759415dec66b9a3fbf2b9a09d90e","0.95","Official Volvo Car USA 2021 Warranty and Maintenance Records Information booklet containing the model-year maintenance schedule. URL verification passed: HTTP 200, application/pdf, %PDF magic, 1993635 bytes. v2 retry validation passed 2026-07-26: HTTP 200, application/pdf, %PDF magic, 1993635 bytes, SHA-256 2da99f1f40918e19f682174b8ef350a5cc72759415dec66b9a3fbf2b9a09d90e. Replaced an HTTP 403 Volvo delivery URL with its direct official Contentstack asset. Source discovery is valid; remaining dual_extract_mismatch state requires extractor or creator-review remediation.",""
"895","volvo-xc60-2021-recharge","2021","Volvo","XC60","Recharge","","luxury_suv","volvo","fixed_interval","B","https://azure-eu-assets.contentstack.com/v3/assets/bltccbab8edae0354cd/blt90b030f1159d2e0a/68418a060635ffb21a0a2172/Volvo_Wty_Manual_2021_CC_05-29-2020.pdf","","Warranty and Maintenance Records Information","Maintenance Service Operations","yes","volvo-s60-2021-b5-core","","200","application/pdf","2da99f1f40918e19f682174b8ef350a5cc72759415dec66b9a3fbf2b9a09d90e","0.95","Official Volvo Car USA 2021 Warranty and Maintenance Records Information booklet containing the model-year maintenance schedule. URL verification passed: HTTP 200, application/pdf, %PDF magic, 1993635 bytes. v2 retry validation passed 2026-07-26: HTTP 200, application/pdf, %PDF magic, 1993635 bytes, SHA-256 2da99f1f40918e19f682174b8ef350a5cc72759415dec66b9a3fbf2b9a09d90e. Replaced an HTTP 403 Volvo delivery URL with its direct official Contentstack asset. Source discovery is valid; remaining dual_extract_mismatch state requires extractor or creator-review remediation.",""
"896","volvo-xc60-2020-b5-core","2020","Volvo","XC60","B5 Core","","luxury_suv","volvo","fixed_interval","B","https://azure-eu-assets.contentstack.com/v3/assets/bltccbab8edae0354cd/bltc23eea22432e621d/684189fcbbad491c7df90f7e/Volvo_Wty_Manual_2020_CC_05-14-19.pdf","","Warranty and Maintenance Records Information","Maintenance Service Operations","yes","volvo-s60-2020-b5-core","","200","application/pdf","dbc3d74e60c80fa24c65e63f1b880beed4a441afe1d4a3908f57e2087af22f4a","0.95","Official Volvo Car USA 2020 Warranty and Maintenance Records Information booklet containing the model-year maintenance schedule. URL verification passed: HTTP 200, application/pdf, %PDF magic, 480522 bytes. v2 retry validation passed 2026-07-26: HTTP 200, application/pdf, %PDF magic, 480522 bytes, SHA-256 dbc3d74e60c80fa24c65e63f1b880beed4a441afe1d4a3908f57e2087af22f4a. Replaced an HTTP 403 Volvo delivery URL with its direct official Contentstack asset. Source discovery is valid; remaining no_manifest state requires extractor or creator-review remediation.",""
"897","volvo-xc60-2020-b5-plus","2020","Volvo","XC60","B5 Plus","","luxury_suv","volvo","fixed_interval","B","https://azure-eu-assets.contentstack.com/v3/assets/bltccbab8edae0354cd/bltc23eea22432e621d/684189fcbbad491c7df90f7e/Volvo_Wty_Manual_2020_CC_05-14-19.pdf","","Warranty and Maintenance Records Information","Maintenance Service Operations","yes","volvo-s60-2020-b5-core","","200","application/pdf","dbc3d74e60c80fa24c65e63f1b880beed4a441afe1d4a3908f57e2087af22f4a","0.95","Official Volvo Car USA 2020 Warranty and Maintenance Records Information booklet containing the model-year maintenance schedule. URL verification passed: HTTP 200, application/pdf, %PDF magic, 480522 bytes. v2 retry validation passed 2026-07-26: HTTP 200, application/pdf, %PDF magic, 480522 bytes, SHA-256 dbc3d74e60c80fa24c65e63f1b880beed4a441afe1d4a3908f57e2087af22f4a. Replaced an HTTP 403 Volvo delivery URL with its direct official Contentstack asset. Source discovery is valid; remaining dual_extract_mismatch state requires extractor or creator-review remediation.",""
"898","volvo-xc60-2020-recharge","2020","Volvo","XC60","Recharge","","luxury_suv","volvo","fixed_interval","B","https://azure-eu-assets.contentstack.com/v3/assets/bltccbab8edae0354cd/bltc23eea22432e621d/684189fcbbad491c7df90f7e/Volvo_Wty_Manual_2020_CC_05-14-19.pdf","","Warranty and Maintenance Records Information","Maintenance Service Operations","yes","volvo-s60-2020-b5-core","","200","application/pdf","dbc3d74e60c80fa24c65e63f1b880beed4a441afe1d4a3908f57e2087af22f4a","0.95","Official Volvo Car USA 2020 Warranty and Maintenance Records Information booklet containing the model-year maintenance schedule. URL verification passed: HTTP 200, application/pdf, %PDF magic, 480522 bytes. v2 retry validation passed 2026-07-26: HTTP 200, application/pdf, %PDF magic, 480522 bytes, SHA-256 dbc3d74e60c80fa24c65e63f1b880beed4a441afe1d4a3908f57e2087af22f4a. Replaced an HTTP 403 Volvo delivery URL with its direct official Contentstack asset. Source discovery is valid; remaining dual_extract_mismatch state requires extractor or creator-review remediation.",""
"899","volvo-xc60-2019-b5-core","2019","Volvo","XC60","B5 Core","","luxury_suv","volvo","fixed_interval","B","https://azure-eu-assets.contentstack.com/v3/assets/bltccbab8edae0354cd/blt2ad4609db7f7435c/684189f1ead0f60f003536e7/2019_Volvo_Warranty_Manual_01-23-18.pdf","","Warranty and Maintenance Records Information","Maintenance Service Operations","yes","volvo-s60-2019-b5-core","","200","application/pdf","78466d21c6497fb85eb6b33f2387db2050b66c21c479b94810f176ff0ba41db0","0.95","Official Volvo Car USA 2019 Warranty and Maintenance Records Information booklet containing the model-year maintenance schedule. URL verification passed: HTTP 200, application/pdf, %PDF magic, 411508 bytes. v2 retry validation passed 2026-07-26: HTTP 200, application/pdf, %PDF magic, 411508 bytes, SHA-256 78466d21c6497fb85eb6b33f2387db2050b66c21c479b94810f176ff0ba41db0. Replaced an HTTP 403 Volvo delivery URL with its direct official Contentstack asset. Source discovery is valid; remaining dual_extract_mismatch state requires extractor or creator-review remediation.",""
"900","volvo-xc60-2019-b5-plus","2019","Volvo","XC60","B5 Plus","","luxury_suv","volvo","fixed_interval","B","https://azure-eu-assets.contentstack.com/v3/assets/bltccbab8edae0354cd/blt2ad4609db7f7435c/684189f1ead0f60f003536e7/2019_Volvo_Warranty_Manual_01-23-18.pdf","","Warranty and Maintenance Records Information","Maintenance Service Operations","yes","volvo-s60-2019-b5-core","","200","application/pdf","78466d21c6497fb85eb6b33f2387db2050b66c21c479b94810f176ff0ba41db0","0.95","Official Volvo Car USA 2019 Warranty and Maintenance Records Information booklet containing the model-year maintenance schedule. URL verification passed: HTTP 200, application/pdf, %PDF magic, 411508 bytes. v2 retry validation passed 2026-07-26: HTTP 200, application/pdf, %PDF magic, 411508 bytes, SHA-256 78466d21c6497fb85eb6b33f2387db2050b66c21c479b94810f176ff0ba41db0. Replaced an HTTP 403 Volvo delivery URL with its direct official Contentstack asset. Source discovery is valid; remaining dual_extract_mismatch state requires extractor or creator-review remediation.",""
"1084","subaru-outback-2024-base","2024","Subaru","Outback","Base","","volume_suv","subaru","fixed_interval","C","https://techinfo.subaru.com/stis/doc/warrantyBooklet/2023_war_and_maint_060822.PDF","","Warranty and Maintenance Booklet","Recommended Maintenance Services","no","","","200","application/pdf","44c9f517f4ea879b1c9d130291c0c24d3392b9ad4b0679712cc9c8cfc993b1de","0.75","Official Subaru of America 2023 booklet used as the permitted adjacent-year source for 2024; downstream applicability review required. URL verification passed: HTTP 200, application/pdf, %PDF magic, 134543 bytes. v2 retry validation passed 2026-07-26: HTTP 200, application/pdf, %PDF magic, 134543 bytes, SHA-256 44c9f517f4ea879b1c9d130291c0c24d3392b9ad4b0679712cc9c8cfc993b1de. Source discovery is valid; remaining dual_extract_mismatch state requires extractor or creator-review remediation.",""
"1086","subaru-outback-2024-limited","2024","Subaru","Outback","Limited","","volume_suv","subaru","fixed_interval","C","https://techinfo.subaru.com/stis/doc/warrantyBooklet/2023_war_and_maint_060822.PDF","","Warranty and Maintenance Booklet","Recommended Maintenance Services","yes","subaru-outback-2024-base","","200","application/pdf","44c9f517f4ea879b1c9d130291c0c24d3392b9ad4b0679712cc9c8cfc993b1de","0.75","Official Subaru of America 2023 booklet used as the permitted adjacent-year source for 2024; downstream applicability review required. URL verification passed: HTTP 200, application/pdf, %PDF magic, 134543 bytes. v2 retry validation passed 2026-07-26: HTTP 200, application/pdf, %PDF magic, 134543 bytes, SHA-256 44c9f517f4ea879b1c9d130291c0c24d3392b9ad4b0679712cc9c8cfc993b1de. Source discovery is valid; remaining dual_extract_mismatch state requires extractor or creator-review remediation.",""
"1087","subaru-outback-2023-base","2023","Subaru","Outback","Base","","volume_suv","subaru","fixed_interval","B","https://techinfo.subaru.com/stis/doc/warrantyBooklet/2023_war_and_maint_060822.PDF","","Warranty and Maintenance Booklet","Recommended Maintenance Services","yes","subaru-outback-2024-base","","200","application/pdf","44c9f517f4ea879b1c9d130291c0c24d3392b9ad4b0679712cc9c8cfc993b1de","0.95","Official Subaru of America 2023 Warranty and Maintenance Booklet shared across the model-year lineup. URL verification passed: HTTP 200, application/pdf, %PDF magic, 134543 bytes. v2 retry validation passed 2026-07-26: HTTP 200, application/pdf, %PDF magic, 134543 bytes, SHA-256 44c9f517f4ea879b1c9d130291c0c24d3392b9ad4b0679712cc9c8cfc993b1de. Source discovery is valid; remaining dual_extract_mismatch state requires extractor or creator-review remediation.",""
"1088","subaru-outback-2023-premium","2023","Subaru","Outback","Premium","","volume_suv","subaru","fixed_interval","B","https://techinfo.subaru.com/stis/doc/warrantyBooklet/2023_war_and_maint_060822.PDF","","Warranty and Maintenance Booklet","Recommended Maintenance Services","yes","subaru-outback-2024-base","","200","application/pdf","44c9f517f4ea879b1c9d130291c0c24d3392b9ad4b0679712cc9c8cfc993b1de","0.95","Official Subaru of America 2023 Warranty and Maintenance Booklet shared across the model-year lineup. URL verification passed: HTTP 200, application/pdf, %PDF magic, 134543 bytes. v2 retry validation passed 2026-07-26: HTTP 200, application/pdf, %PDF magic, 134543 bytes, SHA-256 44c9f517f4ea879b1c9d130291c0c24d3392b9ad4b0679712cc9c8cfc993b1de. Source discovery is valid; remaining dual_extract_mismatch state requires extractor or creator-review remediation.",""
"1089","subaru-outback-2023-limited","2023","Subaru","Outback","Limited","","volume_suv","subaru","fixed_interval","B","https://techinfo.subaru.com/stis/doc/warrantyBooklet/2023_war_and_maint_060822.PDF","","Warranty and Maintenance Booklet","Recommended Maintenance Services","yes","subaru-outback-2024-base","","200","application/pdf","44c9f517f4ea879b1c9d130291c0c24d3392b9ad4b0679712cc9c8cfc993b1de","0.95","Official Subaru of America 2023 Warranty and Maintenance Booklet shared across the model-year lineup. URL verification passed: HTTP 200, application/pdf, %PDF magic, 134543 bytes. v2 retry validation passed 2026-07-26: HTTP 200, application/pdf, %PDF magic, 134543 bytes, SHA-256 44c9f517f4ea879b1c9d130291c0c24d3392b9ad4b0679712cc9c8cfc993b1de. Source discovery is valid; remaining dual_extract_mismatch state requires extractor or creator-review remediation.",""
"1090","subaru-outback-2022-base","2022","Subaru","Outback","Base","","volume_suv","subaru","fixed_interval","C","https://techinfo.subaru.com/stis/doc/warrantyBooklet/2023_war_and_maint_060822.PDF","","Warranty and Maintenance Booklet","Recommended Maintenance Services","yes","subaru-outback-2024-base","","200","application/pdf","44c9f517f4ea879b1c9d130291c0c24d3392b9ad4b0679712cc9c8cfc993b1de","0.75","Official Subaru of America 2023 booklet used as the permitted adjacent-year source for 2022; downstream applicability review required. URL verification passed: HTTP 200, application/pdf, %PDF magic, 134543 bytes. v2 retry validation passed 2026-07-26: HTTP 200, application/pdf, %PDF magic, 134543 bytes, SHA-256 44c9f517f4ea879b1c9d130291c0c24d3392b9ad4b0679712cc9c8cfc993b1de. Source discovery is valid; remaining dual_extract_mismatch state requires extractor or creator-review remediation.",""
"1091","subaru-outback-2022-premium","2022","Subaru","Outback","Premium","","volume_suv","subaru","fixed_interval","C","https://techinfo.subaru.com/stis/doc/warrantyBooklet/2023_war_and_maint_060822.PDF","","Warranty and Maintenance Booklet","Recommended Maintenance Services","yes","subaru-outback-2024-base","","200","application/pdf","44c9f517f4ea879b1c9d130291c0c24d3392b9ad4b0679712cc9c8cfc993b1de","0.75","Official Subaru of America 2023 booklet used as the permitted adjacent-year source for 2022; downstream applicability review required. URL verification passed: HTTP 200, application/pdf, %PDF magic, 134543 bytes. v2 retry validation passed 2026-07-26: HTTP 200, application/pdf, %PDF magic, 134543 bytes, SHA-256 44c9f517f4ea879b1c9d130291c0c24d3392b9ad4b0679712cc9c8cfc993b1de. Source discovery is valid; remaining dual_extract_mismatch state requires extractor or creator-review remediation.",""
"1092","subaru-outback-2022-limited","2022","Subaru","Outback","Limited","","volume_suv","subaru","fixed_interval","C","https://techinfo.subaru.com/stis/doc/warrantyBooklet/2023_war_and_maint_060822.PDF","","Warranty and Maintenance Booklet","Recommended Maintenance Services","yes","subaru-outback-2024-base","","200","application/pdf","44c9f517f4ea879b1c9d130291c0c24d3392b9ad4b0679712cc9c8cfc993b1de","0.75","Official Subaru of America 2023 booklet used as the permitted adjacent-year source for 2022; downstream applicability review required. URL verification passed: HTTP 200, application/pdf, %PDF magic, 134543 bytes. v2 retry validation passed 2026-07-26: HTTP 200, application/pdf, %PDF magic, 134543 bytes, SHA-256 44c9f517f4ea879b1c9d130291c0c24d3392b9ad4b0679712cc9c8cfc993b1de. Source discovery is valid; remaining dual_extract_mismatch state requires extractor or creator-review remediation.",""
"1192","subaru-forester-2024-base","2024","Subaru","Forester","Base","","volume_suv","subaru","fixed_interval","C","https://techinfo.subaru.com/stis/doc/warrantyBooklet/2023_war_and_maint_060822.PDF","","Warranty and Maintenance Booklet","Recommended Maintenance Services","yes","subaru-outback-2024-base","","200","application/pdf","44c9f517f4ea879b1c9d130291c0c24d3392b9ad4b0679712cc9c8cfc993b1de","0.75","Official Subaru of America 2023 booklet used as the permitted adjacent-year source for 2024; downstream applicability review required. URL verification passed: HTTP 200, application/pdf, %PDF magic, 134543 bytes. v2 retry validation passed 2026-07-26: HTTP 200, application/pdf, %PDF magic, 134543 bytes, SHA-256 44c9f517f4ea879b1c9d130291c0c24d3392b9ad4b0679712cc9c8cfc993b1de. Source discovery is valid; remaining dual_extract_mismatch state requires extractor or creator-review remediation.",""
"1194","subaru-forester-2024-limited","2024","Subaru","Forester","Limited","","volume_suv","subaru","fixed_interval","C","https://techinfo.subaru.com/stis/doc/warrantyBooklet/2023_war_and_maint_060822.PDF","","Warranty and Maintenance Booklet","Recommended Maintenance Services","yes","subaru-outback-2024-base","","200","application/pdf","44c9f517f4ea879b1c9d130291c0c24d3392b9ad4b0679712cc9c8cfc993b1de","0.75","Official Subaru of America 2023 booklet used as the permitted adjacent-year source for 2024; downstream applicability review required. URL verification passed: HTTP 200, application/pdf, %PDF magic, 134543 bytes. v2 retry validation passed 2026-07-26: HTTP 200, application/pdf, %PDF magic, 134543 bytes, SHA-256 44c9f517f4ea879b1c9d130291c0c24d3392b9ad4b0679712cc9c8cfc993b1de. Source discovery is valid; remaining dual_extract_mismatch state requires extractor or creator-review remediation.",""
"1195","subaru-forester-2023-base","2023","Subaru","Forester","Base","","volume_suv","subaru","fixed_interval","B","https://techinfo.subaru.com/stis/doc/warrantyBooklet/2023_war_and_maint_060822.PDF","","Warranty and Maintenance Booklet","Recommended Maintenance Services","yes","subaru-outback-2024-base","","200","application/pdf","44c9f517f4ea879b1c9d130291c0c24d3392b9ad4b0679712cc9c8cfc993b1de","0.95","Official Subaru of America 2023 Warranty and Maintenance Booklet shared across the model-year lineup. URL verification passed: HTTP 200, application/pdf, %PDF magic, 134543 bytes. v2 retry validation passed 2026-07-26: HTTP 200, application/pdf, %PDF magic, 134543 bytes, SHA-256 44c9f517f4ea879b1c9d130291c0c24d3392b9ad4b0679712cc9c8cfc993b1de. Source discovery is valid; remaining dual_extract_mismatch state requires extractor or creator-review remediation.",""
"1196","subaru-forester-2023-premium","2023","Subaru","Forester","Premium","","volume_suv","subaru","fixed_interval","B","https://techinfo.subaru.com/stis/doc/warrantyBooklet/2023_war_and_maint_060822.PDF","","Warranty and Maintenance Booklet","Recommended Maintenance Services","yes","subaru-outback-2024-base","","200","application/pdf","44c9f517f4ea879b1c9d130291c0c24d3392b9ad4b0679712cc9c8cfc993b1de","0.95","Official Subaru of America 2023 Warranty and Maintenance Booklet shared across the model-year lineup. URL verification passed: HTTP 200, application/pdf, %PDF magic, 134543 bytes. v2 retry validation passed 2026-07-26: HTTP 200, application/pdf, %PDF magic, 134543 bytes, SHA-256 44c9f517f4ea879b1c9d130291c0c24d3392b9ad4b0679712cc9c8cfc993b1de. Source discovery is valid; remaining dual_extract_mismatch state requires extractor or creator-review remediation.",""
"1197","subaru-forester-2023-limited","2023","Subaru","Forester","Limited","","volume_suv","subaru","fixed_interval","B","https://techinfo.subaru.com/stis/doc/warrantyBooklet/2023_war_and_maint_060822.PDF","","Warranty and Maintenance Booklet","Recommended Maintenance Services","yes","subaru-outback-2024-base","","200","application/pdf","44c9f517f4ea879b1c9d130291c0c24d3392b9ad4b0679712cc9c8cfc993b1de","0.95","Official Subaru of America 2023 Warranty and Maintenance Booklet shared across the model-year lineup. URL verification passed: HTTP 200, application/pdf, %PDF magic, 134543 bytes. v2 retry validation passed 2026-07-26: HTTP 200, application/pdf, %PDF magic, 134543 bytes, SHA-256 44c9f517f4ea879b1c9d130291c0c24d3392b9ad4b0679712cc9c8cfc993b1de. Source discovery is valid; remaining dual_extract_mismatch state requires extractor or creator-review remediation.",""
"1198","subaru-forester-2022-base","2022","Subaru","Forester","Base","","volume_suv","subaru","fixed_interval","C","https://techinfo.subaru.com/stis/doc/warrantyBooklet/2023_war_and_maint_060822.PDF","","Warranty and Maintenance Booklet","Recommended Maintenance Services","yes","subaru-outback-2024-base","","200","application/pdf","44c9f517f4ea879b1c9d130291c0c24d3392b9ad4b0679712cc9c8cfc993b1de","0.75","Official Subaru of America 2023 booklet used as the permitted adjacent-year source for 2022; downstream applicability review required. URL verification passed: HTTP 200, application/pdf, %PDF magic, 134543 bytes. v2 retry validation passed 2026-07-26: HTTP 200, application/pdf, %PDF magic, 134543 bytes, SHA-256 44c9f517f4ea879b1c9d130291c0c24d3392b9ad4b0679712cc9c8cfc993b1de. Source discovery is valid; remaining dual_extract_mismatch state requires extractor or creator-review remediation.",""
"1199","subaru-forester-2022-premium","2022","Subaru","Forester","Premium","","volume_suv","subaru","fixed_interval","C","https://techinfo.subaru.com/stis/doc/warrantyBooklet/2023_war_and_maint_060822.PDF","","Warranty and Maintenance Booklet","Recommended Maintenance Services","yes","subaru-outback-2024-base","","200","application/pdf","44c9f517f4ea879b1c9d130291c0c24d3392b9ad4b0679712cc9c8cfc993b1de","0.75","Official Subaru of America 2023 booklet used as the permitted adjacent-year source for 2022; downstream applicability review required. URL verification passed: HTTP 200, application/pdf, %PDF magic, 134543 bytes. v2 retry validation passed 2026-07-26: HTTP 200, application/pdf, %PDF magic, 134543 bytes, SHA-256 44c9f517f4ea879b1c9d130291c0c24d3392b9ad4b0679712cc9c8cfc993b1de. Source discovery is valid; remaining dual_extract_mismatch state requires extractor or creator-review remediation.",""
"1200","subaru-forester-2022-limited","2022","Subaru","Forester","Limited","","volume_suv","subaru","fixed_interval","C","https://techinfo.subaru.com/stis/doc/warrantyBooklet/2023_war_and_maint_060822.PDF","","Warranty and Maintenance Booklet","Recommended Maintenance Services","yes","subaru-outback-2024-base","","200","application/pdf","44c9f517f4ea879b1c9d130291c0c24d3392b9ad4b0679712cc9c8cfc993b1de","0.75","Official Subaru of America 2023 booklet used as the permitted adjacent-year source for 2022; downstream applicability review required. URL verification passed: HTTP 200, application/pdf, %PDF magic, 134543 bytes. v2 retry validation passed 2026-07-26: HTTP 200, application/pdf, %PDF magic, 134543 bytes, SHA-256 44c9f517f4ea879b1c9d130291c0c24d3392b9ad4b0679712cc9c8cfc993b1de. Source discovery is valid; remaining dual_extract_mismatch state requires extractor or creator-review remediation.",""
"1351","subaru-crosstrek-2024-base","2024","Subaru","Crosstrek","Base","","volume_suv","subaru","fixed_interval","C","https://techinfo.subaru.com/stis/doc/warrantyBooklet/2023_war_and_maint_060822.PDF","","Warranty and Maintenance Booklet","Recommended Maintenance Services","yes","subaru-outback-2024-base","","200","application/pdf","44c9f517f4ea879b1c9d130291c0c24d3392b9ad4b0679712cc9c8cfc993b1de","0.75","Official Subaru of America 2023 booklet used as the permitted adjacent-year source for 2024; downstream applicability review required. URL verification passed: HTTP 200, application/pdf, %PDF magic, 134543 bytes. v2 retry validation passed 2026-07-26: HTTP 200, application/pdf, %PDF magic, 134543 bytes, SHA-256 44c9f517f4ea879b1c9d130291c0c24d3392b9ad4b0679712cc9c8cfc993b1de. Source discovery is valid; remaining dual_extract_mismatch state requires extractor or creator-review remediation.",""
"1353","subaru-crosstrek-2024-limited","2024","Subaru","Crosstrek","Limited","","volume_suv","subaru","fixed_interval","C","https://techinfo.subaru.com/stis/doc/warrantyBooklet/2023_war_and_maint_060822.PDF","","Warranty and Maintenance Booklet","Recommended Maintenance Services","yes","subaru-outback-2024-base","","200","application/pdf","44c9f517f4ea879b1c9d130291c0c24d3392b9ad4b0679712cc9c8cfc993b1de","0.75","Official Subaru of America 2023 booklet used as the permitted adjacent-year source for 2024; downstream applicability review required. URL verification passed: HTTP 200, application/pdf, %PDF magic, 134543 bytes. v2 retry validation passed 2026-07-26: HTTP 200, application/pdf, %PDF magic, 134543 bytes, SHA-256 44c9f517f4ea879b1c9d130291c0c24d3392b9ad4b0679712cc9c8cfc993b1de. Source discovery is valid; remaining dual_extract_mismatch state requires extractor or creator-review remediation.",""
"1354","subaru-crosstrek-2023-base","2023","Subaru","Crosstrek","Base","","volume_suv","subaru","fixed_interval","B","https://techinfo.subaru.com/stis/doc/warrantyBooklet/2023_war_and_maint_060822.PDF","","Warranty and Maintenance Booklet","Recommended Maintenance Services","yes","subaru-outback-2024-base","","200","application/pdf","44c9f517f4ea879b1c9d130291c0c24d3392b9ad4b0679712cc9c8cfc993b1de","0.95","Official Subaru of America 2023 Warranty and Maintenance Booklet shared across the model-year lineup. URL verification passed: HTTP 200, application/pdf, %PDF magic, 134543 bytes. v2 retry validation passed 2026-07-26: HTTP 200, application/pdf, %PDF magic, 134543 bytes, SHA-256 44c9f517f4ea879b1c9d130291c0c24d3392b9ad4b0679712cc9c8cfc993b1de. Source discovery is valid; remaining dual_extract_mismatch state requires extractor or creator-review remediation.",""
"1355","subaru-crosstrek-2023-premium","2023","Subaru","Crosstrek","Premium","","volume_suv","subaru","fixed_interval","B","https://techinfo.subaru.com/stis/doc/warrantyBooklet/2023_war_and_maint_060822.PDF","","Warranty and Maintenance Booklet","Recommended Maintenance Services","yes","subaru-outback-2024-base","","200","application/pdf","44c9f517f4ea879b1c9d130291c0c24d3392b9ad4b0679712cc9c8cfc993b1de","0.95","Official Subaru of America 2023 Warranty and Maintenance Booklet shared across the model-year lineup. URL verification passed: HTTP 200, application/pdf, %PDF magic, 134543 bytes. v2 retry validation passed 2026-07-26: HTTP 200, application/pdf, %PDF magic, 134543 bytes, SHA-256 44c9f517f4ea879b1c9d130291c0c24d3392b9ad4b0679712cc9c8cfc993b1de. Source discovery is valid; remaining dual_extract_mismatch state requires extractor or creator-review remediation.",""
"1356","subaru-crosstrek-2023-limited","2023","Subaru","Crosstrek","Limited","","volume_suv","subaru","fixed_interval","B","https://techinfo.subaru.com/stis/doc/warrantyBooklet/2023_war_and_maint_060822.PDF","","Warranty and Maintenance Booklet","Recommended Maintenance Services","yes","subaru-outback-2024-base","","200","application/pdf","44c9f517f4ea879b1c9d130291c0c24d3392b9ad4b0679712cc9c8cfc993b1de","0.95","Official Subaru of America 2023 Warranty and Maintenance Booklet shared across the model-year lineup. URL verification passed: HTTP 200, application/pdf, %PDF magic, 134543 bytes. v2 retry validation passed 2026-07-26: HTTP 200, application/pdf, %PDF magic, 134543 bytes, SHA-256 44c9f517f4ea879b1c9d130291c0c24d3392b9ad4b0679712cc9c8cfc993b1de. Source discovery is valid; remaining dual_extract_mismatch state requires extractor or creator-review remediation.",""
"1357","subaru-crosstrek-2022-base","2022","Subaru","Crosstrek","Base","","volume_suv","subaru","fixed_interval","C","https://techinfo.subaru.com/stis/doc/warrantyBooklet/2023_war_and_maint_060822.PDF","","Warranty and Maintenance Booklet","Recommended Maintenance Services","yes","subaru-outback-2024-base","","200","application/pdf","44c9f517f4ea879b1c9d130291c0c24d3392b9ad4b0679712cc9c8cfc993b1de","0.75","Official Subaru of America 2023 booklet used as the permitted adjacent-year source for 2022; downstream applicability review required. URL verification passed: HTTP 200, application/pdf, %PDF magic, 134543 bytes. v2 retry validation passed 2026-07-26: HTTP 200, application/pdf, %PDF magic, 134543 bytes, SHA-256 44c9f517f4ea879b1c9d130291c0c24d3392b9ad4b0679712cc9c8cfc993b1de. Source discovery is valid; remaining dual_extract_mismatch state requires extractor or creator-review remediation.",""
"1358","subaru-crosstrek-2022-premium","2022","Subaru","Crosstrek","Premium","","volume_suv","subaru","fixed_interval","C","https://techinfo.subaru.com/stis/doc/warrantyBooklet/2023_war_and_maint_060822.PDF","","Warranty and Maintenance Booklet","Recommended Maintenance Services","yes","subaru-outback-2024-base","","200","application/pdf","44c9f517f4ea879b1c9d130291c0c24d3392b9ad4b0679712cc9c8cfc993b1de","0.75","Official Subaru of America 2023 booklet used as the permitted adjacent-year source for 2022; downstream applicability review required. URL verification passed: HTTP 200, application/pdf, %PDF magic, 134543 bytes. v2 retry validation passed 2026-07-26: HTTP 200, application/pdf, %PDF magic, 134543 bytes, SHA-256 44c9f517f4ea879b1c9d130291c0c24d3392b9ad4b0679712cc9c8cfc993b1de. Source discovery is valid; remaining dual_extract_mismatch state requires extractor or creator-review remediation.",""
"1359","subaru-crosstrek-2022-limited","2022","Subaru","Crosstrek","Limited","","volume_suv","subaru","fixed_interval","C","https://techinfo.subaru.com/stis/doc/warrantyBooklet/2023_war_and_maint_060822.PDF","","Warranty and Maintenance Booklet","Recommended Maintenance Services","yes","subaru-outback-2024-base","","200","application/pdf","44c9f517f4ea879b1c9d130291c0c24d3392b9ad4b0679712cc9c8cfc993b1de","0.75","Official Subaru of America 2023 booklet used as the permitted adjacent-year source for 2022; downstream applicability review required. URL verification passed: HTTP 200, application/pdf, %PDF magic, 134543 bytes. v2 retry validation passed 2026-07-26: HTTP 200, application/pdf, %PDF magic, 134543 bytes, SHA-256 44c9f517f4ea879b1c9d130291c0c24d3392b9ad4b0679712cc9c8cfc993b1de. Source discovery is valid; remaining dual_extract_mismatch state requires extractor or creator-review remediation.",""
"1372","toyota-prius-2023-le-hybrid","2023","Toyota","Prius","LE","Hybrid","volume_hybrid","toyota","fixed_interval","B","https://assets.sia.toyota.com/publications/en/omms-s/T-MMS-23Prius/pdf/T-MMS-23Prius.pdf","","Warranty and Maintenance Guide","Maintenance Log / Maintenance Charts","no","","","200","application/pdf","bb4b71662e6260ae49aed5f72b74ccaf1764e159160d643573c465046dee3bd3","0.95","Official Toyota USA model-year Warranty and Maintenance Guide candidate; shared by trims using the same model/powertrain schedule. URL verification passed: HTTP 200, application/pdf, %PDF magic, 1244604 bytes. v2 retry validation passed 2026-07-26: HTTP 200, application/pdf, %PDF magic, 1244604 bytes, SHA-256 bb4b71662e6260ae49aed5f72b74ccaf1764e159160d643573c465046dee3bd3. Source discovery is valid; remaining dual_extract_mismatch state requires extractor or creator-review remediation.",""
"1373","toyota-prius-2023-xle-hybrid","2023","Toyota","Prius","XLE","Hybrid","volume_hybrid","toyota","fixed_interval","B","https://assets.sia.toyota.com/publications/en/omms-s/T-MMS-23Prius/pdf/T-MMS-23Prius.pdf","","Warranty and Maintenance Guide","Maintenance Log / Maintenance Charts","yes","toyota-prius-2023-le-hybrid","","200","application/pdf","bb4b71662e6260ae49aed5f72b74ccaf1764e159160d643573c465046dee3bd3","0.95","Official Toyota USA model-year Warranty and Maintenance Guide candidate; shared by trims using the same model/powertrain schedule. URL verification passed: HTTP 200, application/pdf, %PDF magic, 1244604 bytes. v2 retry validation passed 2026-07-26: HTTP 200, application/pdf, %PDF magic, 1244604 bytes, SHA-256 bb4b71662e6260ae49aed5f72b74ccaf1764e159160d643573c465046dee3bd3. Source discovery is valid; remaining dual_extract_mismatch state requires extractor or creator-review remediation.",""
"1374","toyota-prius-2023-limited-hybrid","2023","Toyota","Prius","Limited","Hybrid","volume_hybrid","toyota","fixed_interval","B","https://assets.sia.toyota.com/publications/en/omms-s/T-MMS-23Prius/pdf/T-MMS-23Prius.pdf","","Warranty and Maintenance Guide","Maintenance Log / Maintenance Charts","yes","toyota-prius-2023-le-hybrid","","200","application/pdf","bb4b71662e6260ae49aed5f72b74ccaf1764e159160d643573c465046dee3bd3","0.95","Official Toyota USA model-year Warranty and Maintenance Guide candidate; shared by trims using the same model/powertrain schedule. URL verification passed: HTTP 200, application/pdf, %PDF magic, 1244604 bytes. v2 retry validation passed 2026-07-26: HTTP 200, application/pdf, %PDF magic, 1244604 bytes, SHA-256 bb4b71662e6260ae49aed5f72b74ccaf1764e159160d643573c465046dee3bd3. Source discovery is valid; remaining dual_extract_mismatch state requires extractor or creator-review remediation.",""
"1454","subaru-impreza-2024-premium","2024","Subaru","Impreza","Premium","","volume_sedan","subaru","fixed_interval","C","https://techinfo.subaru.com/stis/doc/warrantyBooklet/2023_war_and_maint_060822.PDF","","Warranty and Maintenance Booklet","Recommended Maintenance Services","yes","subaru-outback-2024-base","","200","application/pdf","44c9f517f4ea879b1c9d130291c0c24d3392b9ad4b0679712cc9c8cfc993b1de","0.75","Official Subaru of America 2023 booklet used as the permitted adjacent-year source for 2024; downstream applicability review required. URL verification passed: HTTP 200, application/pdf, %PDF magic, 134543 bytes. v2 retry validation passed 2026-07-26: HTTP 200, application/pdf, %PDF magic, 134543 bytes, SHA-256 44c9f517f4ea879b1c9d130291c0c24d3392b9ad4b0679712cc9c8cfc993b1de. Source discovery is valid; remaining dual_extract_mismatch state requires extractor or creator-review remediation.",""
"1455","subaru-impreza-2024-sport","2024","Subaru","Impreza","Sport","","volume_sedan","subaru","fixed_interval","C","https://techinfo.subaru.com/stis/doc/warrantyBooklet/2023_war_and_maint_060822.PDF","","Warranty and Maintenance Booklet","Recommended Maintenance Services","yes","subaru-outback-2024-base","","200","application/pdf","44c9f517f4ea879b1c9d130291c0c24d3392b9ad4b0679712cc9c8cfc993b1de","0.75","Official Subaru of America 2023 booklet used as the permitted adjacent-year source for 2024; downstream applicability review required. URL verification passed: HTTP 200, application/pdf, %PDF magic, 134543 bytes. v2 retry validation passed 2026-07-26: HTTP 200, application/pdf, %PDF magic, 134543 bytes, SHA-256 44c9f517f4ea879b1c9d130291c0c24d3392b9ad4b0679712cc9c8cfc993b1de. Source discovery is valid; remaining dual_extract_mismatch state requires extractor or creator-review remediation.",""
"1456","subaru-impreza-2023-base","2023","Subaru","Impreza","Base","","volume_sedan","subaru","fixed_interval","B","https://techinfo.subaru.com/stis/doc/warrantyBooklet/2023_war_and_maint_060822.PDF","","Warranty and Maintenance Booklet","Recommended Maintenance Services","yes","subaru-outback-2024-base","","200","application/pdf","44c9f517f4ea879b1c9d130291c0c24d3392b9ad4b0679712cc9c8cfc993b1de","0.95","Official Subaru of America 2023 Warranty and Maintenance Booklet shared across the model-year lineup. URL verification passed: HTTP 200, application/pdf, %PDF magic, 134543 bytes. v2 retry validation passed 2026-07-26: HTTP 200, application/pdf, %PDF magic, 134543 bytes, SHA-256 44c9f517f4ea879b1c9d130291c0c24d3392b9ad4b0679712cc9c8cfc993b1de. Source discovery is valid; remaining dual_extract_mismatch state requires extractor or creator-review remediation.",""
"1457","subaru-impreza-2023-premium","2023","Subaru","Impreza","Premium","","volume_sedan","subaru","fixed_interval","B","https://techinfo.subaru.com/stis/doc/warrantyBooklet/2023_war_and_maint_060822.PDF","","Warranty and Maintenance Booklet","Recommended Maintenance Services","yes","subaru-outback-2024-base","","200","application/pdf","44c9f517f4ea879b1c9d130291c0c24d3392b9ad4b0679712cc9c8cfc993b1de","0.95","Official Subaru of America 2023 Warranty and Maintenance Booklet shared across the model-year lineup. URL verification passed: HTTP 200, application/pdf, %PDF magic, 134543 bytes. v2 retry validation passed 2026-07-26: HTTP 200, application/pdf, %PDF magic, 134543 bytes, SHA-256 44c9f517f4ea879b1c9d130291c0c24d3392b9ad4b0679712cc9c8cfc993b1de. Source discovery is valid; remaining dual_extract_mismatch state requires extractor or creator-review remediation.",""
"1458","subaru-impreza-2023-sport","2023","Subaru","Impreza","Sport","","volume_sedan","subaru","fixed_interval","B","https://techinfo.subaru.com/stis/doc/warrantyBooklet/2023_war_and_maint_060822.PDF","","Warranty and Maintenance Booklet","Recommended Maintenance Services","yes","subaru-outback-2024-base","","200","application/pdf","44c9f517f4ea879b1c9d130291c0c24d3392b9ad4b0679712cc9c8cfc993b1de","0.95","Official Subaru of America 2023 Warranty and Maintenance Booklet shared across the model-year lineup. URL verification passed: HTTP 200, application/pdf, %PDF magic, 134543 bytes. v2 retry validation passed 2026-07-26: HTTP 200, application/pdf, %PDF magic, 134543 bytes, SHA-256 44c9f517f4ea879b1c9d130291c0c24d3392b9ad4b0679712cc9c8cfc993b1de. Source discovery is valid; remaining dual_extract_mismatch state requires extractor or creator-review remediation.",""
"1459","subaru-impreza-2022-base","2022","Subaru","Impreza","Base","","volume_sedan","subaru","fixed_interval","C","https://techinfo.subaru.com/stis/doc/warrantyBooklet/2023_war_and_maint_060822.PDF","","Warranty and Maintenance Booklet","Recommended Maintenance Services","yes","subaru-outback-2024-base","","200","application/pdf","44c9f517f4ea879b1c9d130291c0c24d3392b9ad4b0679712cc9c8cfc993b1de","0.75","Official Subaru of America 2023 booklet used as the permitted adjacent-year source for 2022; downstream applicability review required. URL verification passed: HTTP 200, application/pdf, %PDF magic, 134543 bytes. v2 retry validation passed 2026-07-26: HTTP 200, application/pdf, %PDF magic, 134543 bytes, SHA-256 44c9f517f4ea879b1c9d130291c0c24d3392b9ad4b0679712cc9c8cfc993b1de. Source discovery is valid; remaining dual_extract_mismatch state requires extractor or creator-review remediation.",""
"1460","subaru-impreza-2022-premium","2022","Subaru","Impreza","Premium","","volume_sedan","subaru","fixed_interval","C","https://techinfo.subaru.com/stis/doc/warrantyBooklet/2023_war_and_maint_060822.PDF","","Warranty and Maintenance Booklet","Recommended Maintenance Services","yes","subaru-outback-2024-base","","200","application/pdf","44c9f517f4ea879b1c9d130291c0c24d3392b9ad4b0679712cc9c8cfc993b1de","0.75","Official Subaru of America 2023 booklet used as the permitted adjacent-year source for 2022; downstream applicability review required. URL verification passed: HTTP 200, application/pdf, %PDF magic, 134543 bytes. v2 retry validation passed 2026-07-26: HTTP 200, application/pdf, %PDF magic, 134543 bytes, SHA-256 44c9f517f4ea879b1c9d130291c0c24d3392b9ad4b0679712cc9c8cfc993b1de. Source discovery is valid; remaining dual_extract_mismatch state requires extractor or creator-review remediation.",""
"1461","subaru-impreza-2022-sport","2022","Subaru","Impreza","Sport","","volume_sedan","subaru","fixed_interval","C","https://techinfo.subaru.com/stis/doc/warrantyBooklet/2023_war_and_maint_060822.PDF","","Warranty and Maintenance Booklet","Recommended Maintenance Services","yes","subaru-outback-2024-base","","200","application/pdf","44c9f517f4ea879b1c9d130291c0c24d3392b9ad4b0679712cc9c8cfc993b1de","0.75","Official Subaru of America 2023 booklet used as the permitted adjacent-year source for 2022; downstream applicability review required. URL verification passed: HTTP 200, application/pdf, %PDF magic, 134543 bytes. v2 retry validation passed 2026-07-26: HTTP 200, application/pdf, %PDF magic, 134543 bytes, SHA-256 44c9f517f4ea879b1c9d130291c0c24d3392b9ad4b0679712cc9c8cfc993b1de. Source discovery is valid; remaining dual_extract_mismatch state requires extractor or creator-review remediation.",""
"1810","toyota-venza-2021-xle-hybrid","2021","Toyota","Venza","XLE","Hybrid","volume_suv","toyota","fixed_interval","B","https://assets.sia.toyota.com/publications/en/omms-s/T-MMS-21VenzaHV/pdf/T-MMS-21VenzaHV.pdf","","Warranty and Maintenance Guide","Maintenance Log / Maintenance Charts","yes","toyota-venza-2021-le-hybrid","","200","application/pdf","415150f1df96af856b9f8c8481f9d0bb09f135023b2e24a697b67198feef81da","0.95","Official Toyota USA model-year Warranty and Maintenance Guide candidate; shared by trims using the same model/powertrain schedule. URL verification passed: HTTP 200, application/pdf, %PDF magic, 766803 bytes. v2 retry validation passed 2026-07-26: HTTP 200, application/pdf, %PDF magic, 766803 bytes, SHA-256 415150f1df96af856b9f8c8481f9d0bb09f135023b2e24a697b67198feef81da. Source discovery is valid; remaining no_manifest state requires extractor or creator-review remediation.",""
"1887","mini-cooper-2025-classic","2025","MINI","Cooper","Classic","","luxury_sedan","mini","cbs_condition_based","B","https://www.miniusa.com/content/dam/mini/PDF/warranties/MINI_MY2025_All_Models_Maintenance_2025-03-07_1K.pdf","","All Models Maintenance booklet","Maintenance Service Summary","no","","24","200","application/pdf","920c14b7ffbec7e091f1ce408e3e1fedefefb97a86a5898f5f5152769ac68e49","0.95","Official MINI USA all-models model-year maintenance booklet; Condition-Based Service schedule shared across listed trims. URL verification passed: HTTP 200, application/pdf, %PDF magic, 617902 bytes. v2 retry validation passed 2026-07-26: HTTP 200, application/pdf, %PDF magic, 617902 bytes, SHA-256 920c14b7ffbec7e091f1ce408e3e1fedefefb97a86a5898f5f5152769ac68e49. Source discovery is valid; remaining dual_extract_mismatch state requires extractor or creator-review remediation.",""
"1888","mini-cooper-2025-s","2025","MINI","Cooper","S","","luxury_sedan","mini","cbs_condition_based","B","https://www.miniusa.com/content/dam/mini/PDF/warranties/MINI_MY2025_All_Models_Maintenance_2025-03-07_1K.pdf","","All Models Maintenance booklet","Maintenance Service Summary","yes","mini-cooper-2025-classic","24","200","application/pdf","920c14b7ffbec7e091f1ce408e3e1fedefefb97a86a5898f5f5152769ac68e49","0.95","Official MINI USA all-models model-year maintenance booklet; Condition-Based Service schedule shared across listed trims. URL verification passed: HTTP 200, application/pdf, %PDF magic, 617902 bytes. v2 retry validation passed 2026-07-26: HTTP 200, application/pdf, %PDF magic, 617902 bytes, SHA-256 920c14b7ffbec7e091f1ce408e3e1fedefefb97a86a5898f5f5152769ac68e49. Source discovery is valid; remaining dual_extract_mismatch state requires extractor or creator-review remediation.",""
"1889","mini-cooper-2025-jcw","2025","MINI","Cooper","JCW","","luxury_sedan","mini","cbs_condition_based","B","https://www.miniusa.com/content/dam/mini/PDF/warranties/MINI_MY2025_All_Models_Maintenance_2025-03-07_1K.pdf","","All Models Maintenance booklet","Maintenance Service Summary","yes","mini-cooper-2025-classic","24","200","application/pdf","920c14b7ffbec7e091f1ce408e3e1fedefefb97a86a5898f5f5152769ac68e49","0.95","Official MINI USA all-models model-year maintenance booklet; Condition-Based Service schedule shared across listed trims. URL verification passed: HTTP 200, application/pdf, %PDF magic, 617902 bytes. v2 retry validation passed 2026-07-26: HTTP 200, application/pdf, %PDF magic, 617902 bytes, SHA-256 920c14b7ffbec7e091f1ce408e3e1fedefefb97a86a5898f5f5152769ac68e49. Source discovery is valid; remaining dual_extract_mismatch state requires extractor or creator-review remediation.",""
"1890","mini-cooper-2024-classic","2024","MINI","Cooper","Classic","","luxury_sedan","mini","cbs_condition_based","B","https://www.miniusa.com/content/dam/mini/PDF/warranties/2024_mini_maintenance.pdf","","All Models Maintenance booklet","Maintenance Service Summary","no","","13","200","application/pdf","0f7905504c5d4416028d5d2c2f4e39d2d1ed0a75f9fc9a13c5591499f8ad50da","0.95","Official MINI USA all-models model-year maintenance booklet; Condition-Based Service schedule shared across listed trims. URL verification passed: HTTP 200, application/pdf, %PDF magic, 886889 bytes. v2 retry validation passed 2026-07-26: HTTP 200, application/pdf, %PDF magic, 886889 bytes, SHA-256 0f7905504c5d4416028d5d2c2f4e39d2d1ed0a75f9fc9a13c5591499f8ad50da. Source discovery is valid; remaining dual_extract_mismatch state requires extractor or creator-review remediation.",""
"1891","mini-cooper-2024-s","2024","MINI","Cooper","S","","luxury_sedan","mini","cbs_condition_based","B","https://www.miniusa.com/content/dam/mini/PDF/warranties/2024_mini_maintenance.pdf","","All Models Maintenance booklet","Maintenance Service Summary","yes","mini-cooper-2024-classic","13","200","application/pdf","0f7905504c5d4416028d5d2c2f4e39d2d1ed0a75f9fc9a13c5591499f8ad50da","0.95","Official MINI USA all-models model-year maintenance booklet; Condition-Based Service schedule shared across listed trims. URL verification passed: HTTP 200, application/pdf, %PDF magic, 886889 bytes. v2 retry validation passed 2026-07-26: HTTP 200, application/pdf, %PDF magic, 886889 bytes, SHA-256 0f7905504c5d4416028d5d2c2f4e39d2d1ed0a75f9fc9a13c5591499f8ad50da. Source discovery is valid; remaining dual_extract_mismatch state requires extractor or creator-review remediation.",""
"1892","mini-cooper-2024-jcw","2024","MINI","Cooper","JCW","","luxury_sedan","mini","cbs_condition_based","B","https://www.miniusa.com/content/dam/mini/PDF/warranties/2024_mini_maintenance.pdf","","All Models Maintenance booklet","Maintenance Service Summary","yes","mini-cooper-2024-classic","13","200","application/pdf","0f7905504c5d4416028d5d2c2f4e39d2d1ed0a75f9fc9a13c5591499f8ad50da","0.95","Official MINI USA all-models model-year maintenance booklet; Condition-Based Service schedule shared across listed trims. URL verification passed: HTTP 200, application/pdf, %PDF magic, 886889 bytes. v2 retry validation passed 2026-07-26: HTTP 200, application/pdf, %PDF magic, 886889 bytes, SHA-256 0f7905504c5d4416028d5d2c2f4e39d2d1ed0a75f9fc9a13c5591499f8ad50da. Source discovery is valid; remaining dual_extract_mismatch state requires extractor or creator-review remediation.",""
"1893","mini-cooper-2023-classic","2023","MINI","Cooper","Classic","","luxury_sedan","mini","cbs_condition_based","B","https://www.miniusa.com/content/dam/mini/PDF/warranties/2023_MINI_Maintenance.pdf","","All Models Maintenance booklet","Maintenance Service Summary","no","","23","200","application/pdf","dccbe0ed9bfdf0e574f06c19e5a4d1e5937c8612ef553af73f51c44db1f73005","0.95","Official MINI USA all-models model-year maintenance booklet; Condition-Based Service schedule shared across listed trims. URL verification passed: HTTP 200, application/pdf, %PDF magic, 865465 bytes. v2 retry validation passed 2026-07-26: HTTP 200, application/pdf, %PDF magic, 865465 bytes, SHA-256 dccbe0ed9bfdf0e574f06c19e5a4d1e5937c8612ef553af73f51c44db1f73005. Source discovery is valid; remaining dual_extract_mismatch state requires extractor or creator-review remediation.",""
"1894","mini-cooper-2023-s","2023","MINI","Cooper","S","","luxury_sedan","mini","cbs_condition_based","B","https://www.miniusa.com/content/dam/mini/PDF/warranties/2023_MINI_Maintenance.pdf","","All Models Maintenance booklet","Maintenance Service Summary","yes","mini-cooper-2023-classic","23","200","application/pdf","dccbe0ed9bfdf0e574f06c19e5a4d1e5937c8612ef553af73f51c44db1f73005","0.95","Official MINI USA all-models model-year maintenance booklet; Condition-Based Service schedule shared across listed trims. URL verification passed: HTTP 200, application/pdf, %PDF magic, 865465 bytes. v2 retry validation passed 2026-07-26: HTTP 200, application/pdf, %PDF magic, 865465 bytes, SHA-256 dccbe0ed9bfdf0e574f06c19e5a4d1e5937c8612ef553af73f51c44db1f73005. Source discovery is valid; remaining dual_extract_mismatch state requires extractor or creator-review remediation.",""
"1895","mini-cooper-2023-jcw","2023","MINI","Cooper","JCW","","luxury_sedan","mini","cbs_condition_based","B","https://www.miniusa.com/content/dam/mini/PDF/warranties/2023_MINI_Maintenance.pdf","","All Models Maintenance booklet","Maintenance Service Summary","yes","mini-cooper-2023-classic","23","200","application/pdf","dccbe0ed9bfdf0e574f06c19e5a4d1e5937c8612ef553af73f51c44db1f73005","0.95","Official MINI USA all-models model-year maintenance booklet; Condition-Based Service schedule shared across listed trims. URL verification passed: HTTP 200, application/pdf, %PDF magic, 865465 bytes. v2 retry validation passed 2026-07-26: HTTP 200, application/pdf, %PDF magic, 865465 bytes, SHA-256 dccbe0ed9bfdf0e574f06c19e5a4d1e5937c8612ef553af73f51c44db1f73005. Source discovery is valid; remaining dual_extract_mismatch state requires extractor or creator-review remediation.",""
"1896","mini-cooper-2022-classic","2022","MINI","Cooper","Classic","","luxury_sedan","mini","cbs_condition_based","B","https://www.miniusa.com/content/dam/mini/PDF/warranties/2022_MINI_Maintenance.pdf","","All Models Maintenance booklet","Maintenance Service Summary","no","","24","200","application/pdf","76ad5936fa41f316cb24b01179be29008f890b8789e16c92099f876575c2098e","0.95","Official MINI USA all-models model-year maintenance booklet; Condition-Based Service schedule shared across listed trims. URL verification passed: HTTP 200, application/pdf, %PDF magic, 783613 bytes. v2 retry validation passed 2026-07-26: HTTP 200, application/pdf, %PDF magic, 783613 bytes, SHA-256 76ad5936fa41f316cb24b01179be29008f890b8789e16c92099f876575c2098e. Source discovery is valid; remaining dual_extract_mismatch state requires extractor or creator-review remediation.",""
"1897","mini-cooper-2022-s","2022","MINI","Cooper","S","","luxury_sedan","mini","cbs_condition_based","B","https://www.miniusa.com/content/dam/mini/PDF/warranties/2022_MINI_Maintenance.pdf","","All Models Maintenance booklet","Maintenance Service Summary","yes","mini-cooper-2022-classic","24","200","application/pdf","76ad5936fa41f316cb24b01179be29008f890b8789e16c92099f876575c2098e","0.95","Official MINI USA all-models model-year maintenance booklet; Condition-Based Service schedule shared across listed trims. URL verification passed: HTTP 200, application/pdf, %PDF magic, 783613 bytes. v2 retry validation passed 2026-07-26: HTTP 200, application/pdf, %PDF magic, 783613 bytes, SHA-256 76ad5936fa41f316cb24b01179be29008f890b8789e16c92099f876575c2098e. Source discovery is valid; remaining dual_extract_mismatch state requires extractor or creator-review remediation.",""
"1898","mini-cooper-2022-jcw","2022","MINI","Cooper","JCW","","luxury_sedan","mini","cbs_condition_based","B","https://www.miniusa.com/content/dam/mini/PDF/warranties/2022_MINI_Maintenance.pdf","","All Models Maintenance booklet","Maintenance Service Summary","yes","mini-cooper-2022-classic","24","200","application/pdf","76ad5936fa41f316cb24b01179be29008f890b8789e16c92099f876575c2098e","0.95","Official MINI USA all-models model-year maintenance booklet; Condition-Based Service schedule shared across listed trims. URL verification passed: HTTP 200, application/pdf, %PDF magic, 783613 bytes. v2 retry validation passed 2026-07-26: HTTP 200, application/pdf, %PDF magic, 783613 bytes, SHA-256 76ad5936fa41f316cb24b01179be29008f890b8789e16c92099f876575c2098e. Source discovery is valid; remaining dual_extract_mismatch state requires extractor or creator-review remediation.",""
"1899","mini-cooper-2021-classic","2021","MINI","Cooper","Classic","","luxury_sedan","mini","cbs_condition_based","B","https://www.miniusa.com/content/dam/mini/PDF/warranties/2021_MINI_Maintenance.pdf","","All Models Maintenance booklet","Maintenance Service Summary","no","","24","200","application/pdf","ef59fe3fe59b6658b9d8e90a8202aa374372bd657781c7a68f394d9b882372b6","0.95","Official MINI USA all-models model-year maintenance booklet; Condition-Based Service schedule shared across listed trims. URL verification passed: HTTP 200, application/pdf, %PDF magic, 1044664 bytes. v2 retry validation passed 2026-07-26: HTTP 200, application/pdf, %PDF magic, 1044664 bytes, SHA-256 ef59fe3fe59b6658b9d8e90a8202aa374372bd657781c7a68f394d9b882372b6. Source discovery is valid; remaining dual_extract_mismatch state requires extractor or creator-review remediation.",""
"1900","mini-cooper-2021-s","2021","MINI","Cooper","S","","luxury_sedan","mini","cbs_condition_based","B","https://www.miniusa.com/content/dam/mini/PDF/warranties/2021_MINI_Maintenance.pdf","","All Models Maintenance booklet","Maintenance Service Summary","yes","mini-cooper-2021-classic","24","200","application/pdf","ef59fe3fe59b6658b9d8e90a8202aa374372bd657781c7a68f394d9b882372b6","0.95","Official MINI USA all-models model-year maintenance booklet; Condition-Based Service schedule shared across listed trims. URL verification passed: HTTP 200, application/pdf, %PDF magic, 1044664 bytes. v2 retry validation passed 2026-07-26: HTTP 200, application/pdf, %PDF magic, 1044664 bytes, SHA-256 ef59fe3fe59b6658b9d8e90a8202aa374372bd657781c7a68f394d9b882372b6. Source discovery is valid; remaining dual_extract_mismatch state requires extractor or creator-review remediation.",""
"1901","mini-cooper-2021-jcw","2021","MINI","Cooper","JCW","","luxury_sedan","mini","cbs_condition_based","B","https://www.miniusa.com/content/dam/mini/PDF/warranties/2021_MINI_Maintenance.pdf","","All Models Maintenance booklet","Maintenance Service Summary","yes","mini-cooper-2021-classic","24","200","application/pdf","ef59fe3fe59b6658b9d8e90a8202aa374372bd657781c7a68f394d9b882372b6","0.95","Official MINI USA all-models model-year maintenance booklet; Condition-Based Service schedule shared across listed trims. URL verification passed: HTTP 200, application/pdf, %PDF magic, 1044664 bytes. v2 retry validation passed 2026-07-26: HTTP 200, application/pdf, %PDF magic, 1044664 bytes, SHA-256 ef59fe3fe59b6658b9d8e90a8202aa374372bd657781c7a68f394d9b882372b6. Source discovery is valid; remaining dual_extract_mismatch state requires extractor or creator-review remediation.",""
"1902","mini-cooper-2020-classic","2020","MINI","Cooper","Classic","","luxury_sedan","mini","cbs_condition_based","B","https://www.miniusa.com/content/dam/mini/PDF/warranties/2020_MINI_Maintenance.pdf","","All Models Maintenance booklet","Maintenance Service Summary","no","","24","200","application/pdf","69fa3b134b9dda97046e81bd4013d1880c5ea4b5020741486490e7371e021c5b","0.95","Official MINI USA all-models model-year maintenance booklet; Condition-Based Service schedule shared across listed trims. URL verification passed: HTTP 200, application/pdf, %PDF magic, 1100741 bytes. v2 retry validation passed 2026-07-26: HTTP 200, application/pdf, %PDF magic, 1100741 bytes, SHA-256 69fa3b134b9dda97046e81bd4013d1880c5ea4b5020741486490e7371e021c5b. Source discovery is valid; remaining dual_extract_mismatch state requires extractor or creator-review remediation.",""
"1903","mini-cooper-2020-s","2020","MINI","Cooper","S","","luxury_sedan","mini","cbs_condition_based","B","https://www.miniusa.com/content/dam/mini/PDF/warranties/2020_MINI_Maintenance.pdf","","All Models Maintenance booklet","Maintenance Service Summary","yes","mini-cooper-2020-classic","24","200","application/pdf","69fa3b134b9dda97046e81bd4013d1880c5ea4b5020741486490e7371e021c5b","0.95","Official MINI USA all-models model-year maintenance booklet; Condition-Based Service schedule shared across listed trims. URL verification passed: HTTP 200, application/pdf, %PDF magic, 1100741 bytes. v2 retry validation passed 2026-07-26: HTTP 200, application/pdf, %PDF magic, 1100741 bytes, SHA-256 69fa3b134b9dda97046e81bd4013d1880c5ea4b5020741486490e7371e021c5b. Source discovery is valid; remaining dual_extract_mismatch state requires extractor or creator-review remediation.",""
"1904","mini-cooper-2020-jcw","2020","MINI","Cooper","JCW","","luxury_sedan","mini","cbs_condition_based","B","https://www.miniusa.com/content/dam/mini/PDF/warranties/2020_MINI_Maintenance.pdf","","All Models Maintenance booklet","Maintenance Service Summary","yes","mini-cooper-2020-classic","24","200","application/pdf","69fa3b134b9dda97046e81bd4013d1880c5ea4b5020741486490e7371e021c5b","0.95","Official MINI USA all-models model-year maintenance booklet; Condition-Based Service schedule shared across listed trims. URL verification passed: HTTP 200, application/pdf, %PDF magic, 1100741 bytes. v2 retry validation passed 2026-07-26: HTTP 200, application/pdf, %PDF magic, 1100741 bytes, SHA-256 69fa3b134b9dda97046e81bd4013d1880c5ea4b5020741486490e7371e021c5b. Source discovery is valid; remaining dual_extract_mismatch state requires extractor or creator-review remediation.",""
"1905","mini-countryman-2025-classic","2025","MINI","Countryman","Classic","","luxury_suv","mini","cbs_condition_based","B","https://www.miniusa.com/content/dam/mini/PDF/warranties/MINI_MY2025_All_Models_Maintenance_2025-03-07_1K.pdf","","All Models Maintenance booklet","Maintenance Service Summary","yes","mini-cooper-2025-classic","24","200","application/pdf","920c14b7ffbec7e091f1ce408e3e1fedefefb97a86a5898f5f5152769ac68e49","0.95","Official MINI USA all-models model-year maintenance booklet; Condition-Based Service schedule shared across listed trims. URL verification passed: HTTP 200, application/pdf, %PDF magic, 617902 bytes. v2 retry validation passed 2026-07-26: HTTP 200, application/pdf, %PDF magic, 617902 bytes, SHA-256 920c14b7ffbec7e091f1ce408e3e1fedefefb97a86a5898f5f5152769ac68e49. Source discovery is valid; remaining dual_extract_mismatch state requires extractor or creator-review remediation.",""
"1906","mini-countryman-2025-s","2025","MINI","Countryman","S","","luxury_suv","mini","cbs_condition_based","B","https://www.miniusa.com/content/dam/mini/PDF/warranties/MINI_MY2025_All_Models_Maintenance_2025-03-07_1K.pdf","","All Models Maintenance booklet","Maintenance Service Summary","yes","mini-cooper-2025-classic","24","200","application/pdf","920c14b7ffbec7e091f1ce408e3e1fedefefb97a86a5898f5f5152769ac68e49","0.95","Official MINI USA all-models model-year maintenance booklet; Condition-Based Service schedule shared across listed trims. URL verification passed: HTTP 200, application/pdf, %PDF magic, 617902 bytes. v2 retry validation passed 2026-07-26: HTTP 200, application/pdf, %PDF magic, 617902 bytes, SHA-256 920c14b7ffbec7e091f1ce408e3e1fedefefb97a86a5898f5f5152769ac68e49. Source discovery is valid; remaining dual_extract_mismatch state requires extractor or creator-review remediation.",""
"1907","mini-countryman-2025-jcw","2025","MINI","Countryman","JCW","","luxury_suv","mini","cbs_condition_based","B","https://www.miniusa.com/content/dam/mini/PDF/warranties/MINI_MY2025_All_Models_Maintenance_2025-03-07_1K.pdf","","All Models Maintenance booklet","Maintenance Service Summary","yes","mini-cooper-2025-classic","24","200","application/pdf","920c14b7ffbec7e091f1ce408e3e1fedefefb97a86a5898f5f5152769ac68e49","0.95","Official MINI USA all-models model-year maintenance booklet; Condition-Based Service schedule shared across listed trims. URL verification passed: HTTP 200, application/pdf, %PDF magic, 617902 bytes. v2 retry validation passed 2026-07-26: HTTP 200, application/pdf, %PDF magic, 617902 bytes, SHA-256 920c14b7ffbec7e091f1ce408e3e1fedefefb97a86a5898f5f5152769ac68e49. Source discovery is valid; remaining dual_extract_mismatch state requires extractor or creator-review remediation.",""
"1908","mini-countryman-2024-classic","2024","MINI","Countryman","Classic","","luxury_suv","mini","cbs_condition_based","B","https://www.miniusa.com/content/dam/mini/PDF/warranties/2024_mini_maintenance.pdf","","All Models Maintenance booklet","Maintenance Service Summary","yes","mini-cooper-2024-classic","13","200","application/pdf","0f7905504c5d4416028d5d2c2f4e39d2d1ed0a75f9fc9a13c5591499f8ad50da","0.95","Official MINI USA all-models model-year maintenance booklet; Condition-Based Service schedule shared across listed trims. URL verification passed: HTTP 200, application/pdf, %PDF magic, 886889 bytes. v2 retry validation passed 2026-07-26: HTTP 200, application/pdf, %PDF magic, 886889 bytes, SHA-256 0f7905504c5d4416028d5d2c2f4e39d2d1ed0a75f9fc9a13c5591499f8ad50da. Source discovery is valid; remaining dual_extract_mismatch state requires extractor or creator-review remediation.",""
"1909","mini-countryman-2024-s","2024","MINI","Countryman","S","","luxury_suv","mini","cbs_condition_based","B","https://www.miniusa.com/content/dam/mini/PDF/warranties/2024_mini_maintenance.pdf","","All Models Maintenance booklet","Maintenance Service Summary","yes","mini-cooper-2024-classic","13","200","application/pdf","0f7905504c5d4416028d5d2c2f4e39d2d1ed0a75f9fc9a13c5591499f8ad50da","0.95","Official MINI USA all-models model-year maintenance booklet; Condition-Based Service schedule shared across listed trims. URL verification passed: HTTP 200, application/pdf, %PDF magic, 886889 bytes. v2 retry validation passed 2026-07-26: HTTP 200, application/pdf, %PDF magic, 886889 bytes, SHA-256 0f7905504c5d4416028d5d2c2f4e39d2d1ed0a75f9fc9a13c5591499f8ad50da. Source discovery is valid; remaining dual_extract_mismatch state requires extractor or creator-review remediation.",""
"1910","mini-countryman-2024-jcw","2024","MINI","Countryman","JCW","","luxury_suv","mini","cbs_condition_based","B","https://www.miniusa.com/content/dam/mini/PDF/warranties/2024_mini_maintenance.pdf","","All Models Maintenance booklet","Maintenance Service Summary","yes","mini-cooper-2024-classic","13","200","application/pdf","0f7905504c5d4416028d5d2c2f4e39d2d1ed0a75f9fc9a13c5591499f8ad50da","0.95","Official MINI USA all-models model-year maintenance booklet; Condition-Based Service schedule shared across listed trims. URL verification passed: HTTP 200, application/pdf, %PDF magic, 886889 bytes. v2 retry validation passed 2026-07-26: HTTP 200, application/pdf, %PDF magic, 886889 bytes, SHA-256 0f7905504c5d4416028d5d2c2f4e39d2d1ed0a75f9fc9a13c5591499f8ad50da. Source discovery is valid; remaining dual_extract_mismatch state requires extractor or creator-review remediation.",""
"1911","mini-countryman-2023-classic","2023","MINI","Countryman","Classic","","luxury_suv","mini","cbs_condition_based","B","https://www.miniusa.com/content/dam/mini/PDF/warranties/2023_MINI_Maintenance.pdf","","All Models Maintenance booklet","Maintenance Service Summary","yes","mini-cooper-2023-classic","23","200","application/pdf","dccbe0ed9bfdf0e574f06c19e5a4d1e5937c8612ef553af73f51c44db1f73005","0.95","Official MINI USA all-models model-year maintenance booklet; Condition-Based Service schedule shared across listed trims. URL verification passed: HTTP 200, application/pdf, %PDF magic, 865465 bytes. v2 retry validation passed 2026-07-26: HTTP 200, application/pdf, %PDF magic, 865465 bytes, SHA-256 dccbe0ed9bfdf0e574f06c19e5a4d1e5937c8612ef553af73f51c44db1f73005. Source discovery is valid; remaining dual_extract_mismatch state requires extractor or creator-review remediation.",""
"1912","mini-countryman-2023-s","2023","MINI","Countryman","S","","luxury_suv","mini","cbs_condition_based","B","https://www.miniusa.com/content/dam/mini/PDF/warranties/2023_MINI_Maintenance.pdf","","All Models Maintenance booklet","Maintenance Service Summary","yes","mini-cooper-2023-classic","23","200","application/pdf","dccbe0ed9bfdf0e574f06c19e5a4d1e5937c8612ef553af73f51c44db1f73005","0.95","Official MINI USA all-models model-year maintenance booklet; Condition-Based Service schedule shared across listed trims. URL verification passed: HTTP 200, application/pdf, %PDF magic, 865465 bytes. v2 retry validation passed 2026-07-26: HTTP 200, application/pdf, %PDF magic, 865465 bytes, SHA-256 dccbe0ed9bfdf0e574f06c19e5a4d1e5937c8612ef553af73f51c44db1f73005. Source discovery is valid; remaining dual_extract_mismatch state requires extractor or creator-review remediation.",""
"1913","mini-countryman-2023-jcw","2023","MINI","Countryman","JCW","","luxury_suv","mini","cbs_condition_based","B","https://www.miniusa.com/content/dam/mini/PDF/warranties/2023_MINI_Maintenance.pdf","","All Models Maintenance booklet","Maintenance Service Summary","yes","mini-cooper-2023-classic","23","200","application/pdf","dccbe0ed9bfdf0e574f06c19e5a4d1e5937c8612ef553af73f51c44db1f73005","0.95","Official MINI USA all-models model-year maintenance booklet; Condition-Based Service schedule shared across listed trims. URL verification passed: HTTP 200, application/pdf, %PDF magic, 865465 bytes. v2 retry validation passed 2026-07-26: HTTP 200, application/pdf, %PDF magic, 865465 bytes, SHA-256 dccbe0ed9bfdf0e574f06c19e5a4d1e5937c8612ef553af73f51c44db1f73005. Source discovery is valid; remaining dual_extract_mismatch state requires extractor or creator-review remediation.",""
"1914","mini-countryman-2022-classic","2022","MINI","Countryman","Classic","","luxury_suv","mini","cbs_condition_based","B","https://www.miniusa.com/content/dam/mini/PDF/warranties/2022_MINI_Maintenance.pdf","","All Models Maintenance booklet","Maintenance Service Summary","yes","mini-cooper-2022-classic","24","200","application/pdf","76ad5936fa41f316cb24b01179be29008f890b8789e16c92099f876575c2098e","0.95","Official MINI USA all-models model-year maintenance booklet; Condition-Based Service schedule shared across listed trims. URL verification passed: HTTP 200, application/pdf, %PDF magic, 783613 bytes. v2 retry validation passed 2026-07-26: HTTP 200, application/pdf, %PDF magic, 783613 bytes, SHA-256 76ad5936fa41f316cb24b01179be29008f890b8789e16c92099f876575c2098e. Source discovery is valid; remaining dual_extract_mismatch state requires extractor or creator-review remediation.",""
"1915","mini-countryman-2022-s","2022","MINI","Countryman","S","","luxury_suv","mini","cbs_condition_based","B","https://www.miniusa.com/content/dam/mini/PDF/warranties/2022_MINI_Maintenance.pdf","","All Models Maintenance booklet","Maintenance Service Summary","yes","mini-cooper-2022-classic","24","200","application/pdf","76ad5936fa41f316cb24b01179be29008f890b8789e16c92099f876575c2098e","0.95","Official MINI USA all-models model-year maintenance booklet; Condition-Based Service schedule shared across listed trims. URL verification passed: HTTP 200, application/pdf, %PDF magic, 783613 bytes. v2 retry validation passed 2026-07-26: HTTP 200, application/pdf, %PDF magic, 783613 bytes, SHA-256 76ad5936fa41f316cb24b01179be29008f890b8789e16c92099f876575c2098e. Source discovery is valid; remaining dual_extract_mismatch state requires extractor or creator-review remediation.",""
"1916","mini-countryman-2022-jcw","2022","MINI","Countryman","JCW","","luxury_suv","mini","cbs_condition_based","B","https://www.miniusa.com/content/dam/mini/PDF/warranties/2022_MINI_Maintenance.pdf","","All Models Maintenance booklet","Maintenance Service Summary","yes","mini-cooper-2022-classic","24","200","application/pdf","76ad5936fa41f316cb24b01179be29008f890b8789e16c92099f876575c2098e","0.95","Official MINI USA all-models model-year maintenance booklet; Condition-Based Service schedule shared across listed trims. URL verification passed: HTTP 200, application/pdf, %PDF magic, 783613 bytes. v2 retry validation passed 2026-07-26: HTTP 200, application/pdf, %PDF magic, 783613 bytes, SHA-256 76ad5936fa41f316cb24b01179be29008f890b8789e16c92099f876575c2098e. Source discovery is valid; remaining dual_extract_mismatch state requires extractor or creator-review remediation.",""
"1917","mini-countryman-2021-classic","2021","MINI","Countryman","Classic","","luxury_suv","mini","cbs_condition_based","B","https://www.miniusa.com/content/dam/mini/PDF/warranties/2021_MINI_Maintenance.pdf","","All Models Maintenance booklet","Maintenance Service Summary","yes","mini-cooper-2021-classic","24","200","application/pdf","ef59fe3fe59b6658b9d8e90a8202aa374372bd657781c7a68f394d9b882372b6","0.95","Official MINI USA all-models model-year maintenance booklet; Condition-Based Service schedule shared across listed trims. URL verification passed: HTTP 200, application/pdf, %PDF magic, 1044664 bytes. v2 retry validation passed 2026-07-26: HTTP 200, application/pdf, %PDF magic, 1044664 bytes, SHA-256 ef59fe3fe59b6658b9d8e90a8202aa374372bd657781c7a68f394d9b882372b6. Source discovery is valid; remaining dual_extract_mismatch state requires extractor or creator-review remediation.",""
"1918","mini-countryman-2021-s","2021","MINI","Countryman","S","","luxury_suv","mini","cbs_condition_based","B","https://www.miniusa.com/content/dam/mini/PDF/warranties/2021_MINI_Maintenance.pdf","","All Models Maintenance booklet","Maintenance Service Summary","yes","mini-cooper-2021-classic","24","200","application/pdf","ef59fe3fe59b6658b9d8e90a8202aa374372bd657781c7a68f394d9b882372b6","0.95","Official MINI USA all-models model-year maintenance booklet; Condition-Based Service schedule shared across listed trims. URL verification passed: HTTP 200, application/pdf, %PDF magic, 1044664 bytes. v2 retry validation passed 2026-07-26: HTTP 200, application/pdf, %PDF magic, 1044664 bytes, SHA-256 ef59fe3fe59b6658b9d8e90a8202aa374372bd657781c7a68f394d9b882372b6. Source discovery is valid; remaining dual_extract_mismatch state requires extractor or creator-review remediation.",""
"1919","mini-countryman-2021-jcw","2021","MINI","Countryman","JCW","","luxury_suv","mini","cbs_condition_based","B","https://www.miniusa.com/content/dam/mini/PDF/warranties/2021_MINI_Maintenance.pdf","","All Models Maintenance booklet","Maintenance Service Summary","yes","mini-cooper-2021-classic","24","200","application/pdf","ef59fe3fe59b6658b9d8e90a8202aa374372bd657781c7a68f394d9b882372b6","0.95","Official MINI USA all-models model-year maintenance booklet; Condition-Based Service schedule shared across listed trims. URL verification passed: HTTP 200, application/pdf, %PDF magic, 1044664 bytes. v2 retry validation passed 2026-07-26: HTTP 200, application/pdf, %PDF magic, 1044664 bytes, SHA-256 ef59fe3fe59b6658b9d8e90a8202aa374372bd657781c7a68f394d9b882372b6. Source discovery is valid; remaining dual_extract_mismatch state requires extractor or creator-review remediation.",""
"1920","mini-countryman-2020-classic","2020","MINI","Countryman","Classic","","luxury_suv","mini","cbs_condition_based","B","https://www.miniusa.com/content/dam/mini/PDF/warranties/2020_MINI_Maintenance.pdf","","All Models Maintenance booklet","Maintenance Service Summary","yes","mini-cooper-2020-classic","24","200","application/pdf","69fa3b134b9dda97046e81bd4013d1880c5ea4b5020741486490e7371e021c5b","0.95","Official MINI USA all-models model-year maintenance booklet; Condition-Based Service schedule shared across listed trims. URL verification passed: HTTP 200, application/pdf, %PDF magic, 1100741 bytes. v2 retry validation passed 2026-07-26: HTTP 200, application/pdf, %PDF magic, 1100741 bytes, SHA-256 69fa3b134b9dda97046e81bd4013d1880c5ea4b5020741486490e7371e021c5b. Source discovery is valid; remaining dual_extract_mismatch state requires extractor or creator-review remediation.",""
"1921","mini-countryman-2020-s","2020","MINI","Countryman","S","","luxury_suv","mini","cbs_condition_based","B","https://www.miniusa.com/content/dam/mini/PDF/warranties/2020_MINI_Maintenance.pdf","","All Models Maintenance booklet","Maintenance Service Summary","yes","mini-cooper-2020-classic","24","200","application/pdf","69fa3b134b9dda97046e81bd4013d1880c5ea4b5020741486490e7371e021c5b","0.95","Official MINI USA all-models model-year maintenance booklet; Condition-Based Service schedule shared across listed trims. URL verification passed: HTTP 200, application/pdf, %PDF magic, 1100741 bytes. v2 retry validation passed 2026-07-26: HTTP 200, application/pdf, %PDF magic, 1100741 bytes, SHA-256 69fa3b134b9dda97046e81bd4013d1880c5ea4b5020741486490e7371e021c5b. Source discovery is valid; remaining dual_extract_mismatch state requires extractor or creator-review remediation.",""
"1922","mini-countryman-2020-jcw","2020","MINI","Countryman","JCW","","luxury_suv","mini","cbs_condition_based","B","https://www.miniusa.com/content/dam/mini/PDF/warranties/2020_MINI_Maintenance.pdf","","All Models Maintenance booklet","Maintenance Service Summary","yes","mini-cooper-2020-classic","24","200","application/pdf","69fa3b134b9dda97046e81bd4013d1880c5ea4b5020741486490e7371e021c5b","0.95","Official MINI USA all-models model-year maintenance booklet; Condition-Based Service schedule shared across listed trims. URL verification passed: HTTP 200, application/pdf, %PDF magic, 1100741 bytes. v2 retry validation passed 2026-07-26: HTTP 200, application/pdf, %PDF magic, 1100741 bytes, SHA-256 69fa3b134b9dda97046e81bd4013d1880c5ea4b5020741486490e7371e021c5b. Source discovery is valid; remaining dual_extract_mismatch state requires extractor or creator-review remediation.",""
"1995","volvo-xc60-2019-recharge","2019","Volvo","XC60","Recharge","","luxury_suv","volvo","fixed_interval","B","https://azure-eu-assets.contentstack.com/v3/assets/bltccbab8edae0354cd/blt2ad4609db7f7435c/684189f1ead0f60f003536e7/2019_Volvo_Warranty_Manual_01-23-18.pdf","","Warranty and Maintenance Records Information","Maintenance Service Operations","yes","volvo-s60-2019-b5-core","","200","application/pdf","78466d21c6497fb85eb6b33f2387db2050b66c21c479b94810f176ff0ba41db0","0.95","Official Volvo Car USA model-year maintenance publication shared across the model-year lineup. URL verification passed: HTTP 200, application/pdf, %PDF magic, 411508 bytes. v2 retry validation passed 2026-07-26: HTTP 200, application/pdf, %PDF magic, 411508 bytes, SHA-256 78466d21c6497fb85eb6b33f2387db2050b66c21c479b94810f176ff0ba41db0. Replaced an HTTP 403 Volvo delivery URL with its direct official Contentstack asset. Source discovery is valid; remaining dual_extract_mismatch state requires extractor or creator-review remediation.",""
"1996","volvo-xc60-2018-b5-core","2018","Volvo","XC60","B5 Core","","luxury_suv","volvo","fixed_interval","B","https://azure-eu-assets.contentstack.com/v3/assets/bltccbab8edae0354cd/blt3adb02be8afa18ca/684189e68fb0320c24550dac/VCUSAwk_1717non-hybrid_warranty_CC_02-09-17.pdf","","Warranty and Maintenance Records Information","Maintenance Service Operations","yes","volvo-s90-2018-b6-core","","200","application/pdf","daa4d3e1fc493afdd25d95384dac835e2c5698c6e90018dc5fcdc5b957dd8634","0.95","Official Volvo Car USA model-year maintenance publication shared across the model-year lineup. URL verification passed: HTTP 200, application/pdf, %PDF magic, 734710 bytes. v2 retry validation passed 2026-07-26: HTTP 200, application/pdf, %PDF magic, 734710 bytes, SHA-256 daa4d3e1fc493afdd25d95384dac835e2c5698c6e90018dc5fcdc5b957dd8634. Replaced an HTTP 403 Volvo delivery URL with its direct official Contentstack asset. Source discovery is valid; remaining dual_extract_mismatch state requires extractor or creator-review remediation.",""
"1997","volvo-xc60-2018-b5-plus","2018","Volvo","XC60","B5 Plus","","luxury_suv","volvo","fixed_interval","B","https://azure-eu-assets.contentstack.com/v3/assets/bltccbab8edae0354cd/blt3adb02be8afa18ca/684189e68fb0320c24550dac/VCUSAwk_1717non-hybrid_warranty_CC_02-09-17.pdf","","Warranty and Maintenance Records Information","Maintenance Service Operations","yes","volvo-s90-2018-b6-core","","200","application/pdf","daa4d3e1fc493afdd25d95384dac835e2c5698c6e90018dc5fcdc5b957dd8634","0.95","Official Volvo Car USA model-year maintenance publication shared across the model-year lineup. URL verification passed: HTTP 200, application/pdf, %PDF magic, 734710 bytes. v2 retry validation passed 2026-07-26: HTTP 200, application/pdf, %PDF magic, 734710 bytes, SHA-256 daa4d3e1fc493afdd25d95384dac835e2c5698c6e90018dc5fcdc5b957dd8634. Replaced an HTTP 403 Volvo delivery URL with its direct official Contentstack asset. Source discovery is valid; remaining dual_extract_mismatch state requires extractor or creator-review remediation.",""
"1998","volvo-xc60-2018-recharge","2018","Volvo","XC60","Recharge","","luxury_suv","volvo","fixed_interval","B","https://azure-eu-assets.contentstack.com/v3/assets/bltccbab8edae0354cd/blt3adb02be8afa18ca/684189e68fb0320c24550dac/VCUSAwk_1717non-hybrid_warranty_CC_02-09-17.pdf","","Warranty and Maintenance Records Information","Maintenance Service Operations","yes","volvo-s90-2018-b6-core","","200","application/pdf","daa4d3e1fc493afdd25d95384dac835e2c5698c6e90018dc5fcdc5b957dd8634","0.95","Official Volvo Car USA model-year maintenance publication shared across the model-year lineup. URL verification passed: HTTP 200, application/pdf, %PDF magic, 734710 bytes. v2 retry validation passed 2026-07-26: HTTP 200, application/pdf, %PDF magic, 734710 bytes, SHA-256 daa4d3e1fc493afdd25d95384dac835e2c5698c6e90018dc5fcdc5b957dd8634. Replaced an HTTP 403 Volvo delivery URL with its direct official Contentstack asset. Source discovery is valid; remaining dual_extract_mismatch state requires extractor or creator-review remediation.",""
"1999","volvo-xc90-2025-b5-core","2025","Volvo","XC90","B5 Core","","luxury_suv","volvo","fixed_interval","B","https://azure-eu-assets.contentstack.com/v3/assets/bltccbab8edae0354cd/blt1f1676a16c88494e/6a29cb4fc1351a105b5ed89d/2025_FSM_Maintenance_Sheets_PHEV_MHEV_6.8.26.pdf","","Factory Scheduled Maintenance sheet","Schedule of Factory Maintenance Service Operations","yes","volvo-s60-2025-b5-core","2","200","application/pdf","d9d35c7bfa6375f6952daf7399c4092a07d032faddd2d2e10964b3fc401e4b2b","0.95","Official Volvo Car USA model-year maintenance publication shared across the model-year lineup. URL verification passed: HTTP 200, application/pdf, %PDF magic, 522887 bytes. v2 retry validation passed 2026-07-26: HTTP 200, application/pdf, %PDF magic, 522887 bytes, SHA-256 d9d35c7bfa6375f6952daf7399c4092a07d032faddd2d2e10964b3fc401e4b2b. Source discovery is valid; remaining dual_extract_mismatch state requires extractor or creator-review remediation.",""
"2000","volvo-xc90-2025-b6-plus","2025","Volvo","XC90","B6 Plus","","luxury_suv","volvo","fixed_interval","B","https://azure-eu-assets.contentstack.com/v3/assets/bltccbab8edae0354cd/blt1f1676a16c88494e/6a29cb4fc1351a105b5ed89d/2025_FSM_Maintenance_Sheets_PHEV_MHEV_6.8.26.pdf","","Factory Scheduled Maintenance sheet","Schedule of Factory Maintenance Service Operations","yes","volvo-s60-2025-b5-core","2","200","application/pdf","d9d35c7bfa6375f6952daf7399c4092a07d032faddd2d2e10964b3fc401e4b2b","0.95","Official Volvo Car USA model-year maintenance publication shared across the model-year lineup. URL verification passed: HTTP 200, application/pdf, %PDF magic, 522887 bytes. v2 retry validation passed 2026-07-26: HTTP 200, application/pdf, %PDF magic, 522887 bytes, SHA-256 d9d35c7bfa6375f6952daf7399c4092a07d032faddd2d2e10964b3fc401e4b2b. Source discovery is valid; remaining dual_extract_mismatch state requires extractor or creator-review remediation.",""
